equipe_dom,equipe_ext,cote_dom,cote_nul,cote_ext,score,but_dom,but_ext,total_but,resultat,total_buts
Manchester Red,Manchester Blue,3.6,3.55,2.0,2-2,2.0,2.0,4.0,N,
N. Forest,Bournemouth,1.78,4.01,4.0,3-0,3.0,0.0,3.0,D,
Wolverhampton,London Reds,6.46,4.07,1.52,1-2,1.0,2.0,3.0,E,
Brentford,Liverpool,2.79,4.22,2.15,0-3,0.0,3.0,3.0,E,
Fulham,West Ham,1.81,4.03,3.86,4-0,4.0,0.0,4.0,D,
A. Villa,Brighton,1.71,4.55,3.89,1-1,1.0,1.0,2.0,N,
London Blues,Sunderland,1.41,4.88,6.88,2-1,2.0,1.0,3.0,D,
Spurs,Newcastle,2.2,4.19,2.72,2-1,2.0,1.0,3.0,D,
Leeds,Everton,4.0,3.25,1.99,1-0,1.0,0.0,1.0,D,
C. Palace,Burnley,1.54,4.59,5.18,3-1,3.0,1.0,4.0,D,
Burnley,West Ham,2.62,3.45,2.5700000000000003,0-0,0.0,0.0,0.0,N,
Manchester Red,Spurs,1.96,4.04,3.3,1-1,1.0,1.0,2.0,N,
London Reds,London Blues,1.41,5.01,6.52,0-1,0.0,1.0,1.0,E,
Bournemouth,Liverpool,3.45,3.68,2.01,0-3,0.0,3.0,3.0,E,
Leeds,N. Forest,3.76,3.75,1.9,0-0,0.0,0.0,0.0,N,
Everton,Fulham,2.59,3.18,2.79,0-1,0.0,1.0,1.0,E,
Manchester Blue,Brentford,1.35,5.35,7.57,2-0,2.0,0.0,2.0,D,
Brighton,Wolverhampton,1.53,4.49,5.5,3-1,3.0,1.0,4.0,D,
Newcastle,Sunderland,1.24,6.28,10.65,2-1,2.0,1.0,3.0,D,
A. Villa,C. Palace,1.6,4.17,5.13,2-1,2.0,1.0,3.0,D,
A. Villa,Wolverhampton,1.38,5.15,7.12,1-0,1.0,0.0,1.0,D,
Manchester Blue,N. Forest,1.18,7.62,12.65,3-1,3.0,1.0,4.0,D,
Bournemouth,Brentford,2.62,3.2,2.73,0-3,0.0,3.0,3.0,E,
Liverpool,Brighton,1.37,5.41,6.82,5-1,5.0,1.0,6.0,D,
London Reds,C. Palace,1.39,4.79,7.55,2-0,2.0,0.0,2.0,D,
Burnley,London Blues,3.63,3.62,1.97,0-3,0.0,3.0,3.0,E,
West Ham,Sunderland,1.83,4.0,3.78,1-2,1.0,2.0,3.0,E,
Everton,Spurs,2.5700000000000003,3.5700000000000003,2.56,2-2,2.0,2.0,4.0,N,
Leeds,Manchester Red,4.8100000000000005,3.86,1.69,1-2,1.0,2.0,3.0,E,
Newcastle,Fulham,1.49,4.48,6.11,2-1,2.0,1.0,3.0,D,
Brentford,West Ham,1.66,4.44,4.3,2-1,2.0,1.0,3.0,D,
Wolverhampton,Manchester Blue,5.68,4.01,1.58,0-5,0.0,5.0,5.0,E,
London Blues,Liverpool,2.33,3.79,2.73,2-1,2.0,1.0,3.0,D,
Spurs,London Reds,4.31,4.19,1.7000000000000002,1-4,1.0,4.0,5.0,E,
Manchester Red,Everton,1.67,3.58,5.53,4-0,4.0,0.0,4.0,D,
Fulham,Burnley,1.57,4.65,4.8,1-1,1.0,1.0,2.0,N,
Leeds,A. Villa,4.98,4.01,1.64,1-2,1.0,2.0,3.0,E,
Brighton,Sunderland,1.48,4.76,5.68,2-0,2.0,0.0,2.0,D,
N. Forest,Newcastle,2.51,3.64,2.59,3-0,3.0,0.0,3.0,D,
C. Palace,Bournemouth,1.86,3.97,3.68,4-1,4.0,1.0,5.0,D,
Wolverhampton,N. Forest,1.95,3.7,3.63,2-3,2.0,3.0,5.0,E,
Bournemouth,Burnley,1.66,4.09,4.69,1-0,1.0,0.0,1.0,D,
Newcastle,West Ham,1.31,5.59,8.49,2-1,2.0,1.0,3.0,D,
Manchester Red,C. Palace,1.92,3.47,3.97,3-1,3.0,1.0,4.0,D,
A. Villa,Brentford,1.71,4.05,4.38,2-1,2.0,1.0,3.0,D,
Manchester Blue,Sunderland,1.17,7.88,13.01,3-0,3.0,0.0,3.0,D,
Everton,London Blues,2.62,3.21,2.72,1-1,1.0,1.0,2.0,N,
Brighton,Spurs,1.99,4.18,3.13,2-1,2.0,1.0,3.0,D,
Leeds,Fulham,5.58,4.19,1.56,0-1,0.0,1.0,1.0,E,
London Reds,Liverpool,1.73,4.32,3.98,1-1,1.0,1.0,2.0,N,
A. Villa,Bournemouth,1.43,5.18,5.89,5-0,5.0,0.0,5.0,D,
Manchester Blue,London Reds,2.23,3.67,2.95,3-1,3.0,1.0,4.0,D,
N. Forest,London Blues,2.16,3.56,3.15,0-0,0.0,0.0,0.0,N,
Wolverhampton,Liverpool,3.85,4.0,1.82,2-2,2.0,2.0,4.0,N,
Manchester Red,West Ham,1.6,4.14,5.19,1-0,1.0,0.0,1.0,D,
Leeds,Burnley,3.3,3.93,1.99,2-2,2.0,2.0,4.0,N,
Spurs,Sunderland,1.52,4.88,5.12,2-3,2.0,3.0,5.0,E,
C. Palace,Brentford,2.35,3.43,2.92,3-2,3.0,2.0,5.0,D,
Everton,Newcastle,2.9,3.43,2.36,0-1,0.0,1.0,1.0,E,
Brighton,Fulham,2.0,3.76,3.39,1-4,1.0,4.0,5.0,E,
Wolverhampton,A. Villa,2.35,3.41,2.93,1-1,1.0,1.0,2.0,N,
N. Forest,Manchester Blue,4.08,3.52,1.88,0-2,0.0,2.0,2.0,E,
Brentford,Bournemouth,1.66,4.69,4.12,3-2,3.0,2.0,5.0,D,
Brighton,Liverpool,2.68,3.91,2.32,3-2,3.0,2.0,5.0,D,
C. Palace,London Reds,5.1,3.84,1.66,0-1,0.0,1.0,1.0,E,
London Blues,Burnley,1.36,5.32,7.34,3-0,3.0,0.0,3.0,D,
Sunderland,West Ham,4.84,3.94,1.67,1-1,1.0,1.0,2.0,N,
Spurs,Everton,1.62,4.1,5.04,1-4,1.0,4.0,5.0,E,
Manchester Red,Leeds,1.37,4.61,8.9,3-1,3.0,1.0,4.0,D,
Fulham,Newcastle,2.54,3.93,2.43,1-0,1.0,0.0,1.0,D,
Manchester Blue,Manchester Red,1.31,5.62,8.47,2-0,2.0,0.0,2.0,D,
Bournemouth,N. Forest,1.88,3.66,3.93,2-1,2.0,1.0,3.0,D,
London Reds,Wolverhampton,1.22,6.57,11.07,5-0,5.0,0.0,5.0,D,
Liverpool,Brentford,1.37,4.98,7.87,2-1,2.0,1.0,3.0,D,
West Ham,Fulham,2.45,3.56,2.69,5-0,5.0,0.0,5.0,D,
Brighton,A. Villa,1.86,3.82,3.83,1-1,1.0,1.0,2.0,N,
Sunderland,London Blues,6.68,4.51,1.45,2-0,2.0,0.0,2.0,D,
Newcastle,Spurs,1.46,5.0,5.71,0-2,0.0,2.0,2.0,E,
Everton,Leeds,1.69,3.36,5.8100000000000005,0-0,0.0,0.0,0.0,N,
Burnley,C. Palace,3.23,3.23,2.27,1-2,1.0,2.0,3.0,E,
Manchester Blue,C. Palace,1.27,5.82,9.71,1-0,1.0,0.0,1.0,D,
Everton,Liverpool,3.61,3.56,1.99,2-1,2.0,1.0,3.0,D,
Wolverhampton,West Ham,2.1,3.64,3.23,,,,,,
N. Forest,Leeds,1.45,4.29,7.31,2-1,2.0,1.0,3.0,D,
London Blues,Brighton,1.79,4.23,3.76,1-2,1.0,2.0,3.0,E,
Sunderland,A. Villa,6.61,4.27,1.48,1-3,1.0,3.0,4.0,E,
Manchester Red,Newcastle,2.2,3.76,2.94,2-1,2.0,1.0,3.0,D,
Bournemouth,Spurs,2.46,3.72,2.6,1-1,1.0,1.0,2.0,N,
London Reds,Fulham,1.41,4.87,6.84,3-2,3.0,2.0,5.0,D,
Burnley,Brentford,3.78,3.38,2.0,1-1,1.0,1.0,2.0,N,
Fulham,Bournemouth,1.85,4.18,3.58,2-1,2.0,1.0,3.0,D,
Liverpool,London Reds,2.23,3.42,3.14,1-4,1.0,4.0,5.0,E,
Leeds,Wolverhampton,3.7,3.72,1.92,0-3,0.0,3.0,3.0,E,
A. Villa,London Blues,1.64,4.38,4.54,,,,,,
C. Palace,Sunderland,1.6800000000000002,4.06,4.57,2-0,2.0,0.0,2.0,D,
Spurs,Manchester Red,1.82,4.1,3.73,3-2,3.0,2.0,5.0,D,
West Ham,Manchester Blue,5.13,4.11,1.61,0-5,0.0,5.0,5.0,E,
Brighton,Everton,1.64,3.77,5.37,3-2,3.0,2.0,5.0,D,
N. Forest,Brentford,2.31,3.38,3.03,3-2,3.0,2.0,5.0,D,
Newcastle,Burnley,1.21,6.99,11.05,6-0,6.0,0.0,6.0,D,
Everton,C. Palace,2.43,3.08,3.09,1-4,1.0,4.0,5.0,E,
Burnley,Fulham,3.59,3.44,2.04,0-1,0.0,1.0,1.0,E,
Manchester Blue,Wolverhampton,1.17,7.75,13.28,5-1,5.0,1.0,6.0,D,
Newcastle,N. Forest,1.26,6.09,9.96,5-1,5.0,1.0,6.0,D,
Sunderland,Leeds,3.18,3.14,2.34,1-2,1.0,2.0,3.0,E,
Manchester Red,Liverpool,2.58,3.77,2.45,3-0,3.0,0.0,3.0,D,
Bournemouth,Brighton,2.64,3.65,2.45,1-0,1.0,0.0,1.0,D,
London Reds,A. Villa,1.34,5.36,8.02,4-1,4.0,1.0,5.0,D,
London Blues,West Ham,1.48,4.59,6.03,1-3,1.0,3.0,4.0,E,
Brentford,Spurs,2.03,4.37,2.95,2-2,2.0,2.0,4.0,N,
Spurs,Liverpool,2.5700000000000003,4.26,2.29,1-4,1.0,4.0,5.0,E,
Fulham,N. Forest,1.6800000000000002,4.22,4.37,0-0,0.0,0.0,0.0,N,
London Blues,Sunderland,1.44,4.67,6.55,2-0,2.0,0.0,2.0,D,
Brentford,A. Villa,1.88,4.02,3.59,3-1,3.0,1.0,4.0,D,
Manchester Red,West Ham,1.58,4.19,5.27,2-0,2.0,0.0,2.0,D,
Newcastle,Brighton,1.46,5.02,5.64,1-1,1.0,1.0,2.0,N,
Bournemouth,Leeds,1.59,3.73,6.07,0-0,0.0,0.0,0.0,N,
Everton,Manchester Blue,5.36,3.58,1.6800000000000002,0-0,0.0,0.0,0.0,N,
Burnley,C. Palace,3.12,3.17,2.35,2-0,2.0,0.0,2.0,D,
London Reds,Wolverhampton,1.21,6.84,11.54,3-1,3.0,1.0,4.0,D,
C. Palace,Newcastle,2.5700000000000003,3.7,2.49,0-1,0.0,1.0,1.0,E,
N. Forest,Liverpool,2.97,3.73,2.2,1-3,1.0,3.0,4.0,E,
Manchester Blue,Bournemouth,1.22,7.05,10.47,3-1,3.0,1.0,4.0,D,
London Blues,Everton,1.56,3.78,6.47,5-0,5.0,0.0,5.0,D,
Leeds,Burnley,3.41,3.87,1.97,0-0,0.0,0.0,0.0,N,
Wolverhampton,Manchester Red,2.39,3.39,2.89,0-3,0.0,3.0,3.0,E,
West Ham,Brentford,2.55,3.5,2.61,1-1,1.0,1.0,2.0,N,
Brighton,Fulham,1.94,3.78,3.56,2-2,2.0,2.0,4.0,N,
A. Villa,Spurs,1.6800000000000002,4.57,4.08,2-1,2.0,1.0,3.0,D,
Sunderland,London Reds,24.4,8.15,1.12,1-2,1.0,2.0,3.0,E,
Newcastle,Leeds,1.18,6.82,15.88,3-0,3.0,0.0,3.0,D,
Liverpool,A. Villa,1.29,5.58,9.56,3-1,3.0,1.0,4.0,D,
Brighton,N. Forest,1.51,4.57,5.62,3-0,3.0,0.0,3.0,D,
Manchester Red,Sunderland,1.52,4.4,5.79,2-1,2.0,1.0,3.0,D,
Bournemouth,London Blues,2.56,3.37,2.69,3-0,3.0,0.0,3.0,D,
Burnley,Manchester Blue,7.55,4.37,1.43,1-1,1.0,1.0,2.0,N,
Fulham,C. Palace,2.11,3.54,3.29,2-0,2.0,0.0,2.0,D,
Brentford,Wolverhampton,1.57,4.61,4.87,2-0,2.0,0.0,2.0,D,
London Reds,Everton,1.3,5.26,10.1,4-1,4.0,1.0,5.0,D,
Spurs,West Ham,1.56,4.74,4.79,3-0,3.0,0.0,3.0,D,
London Blues,Burnley,1.35,5.29,7.52,2-1,2.0,1.0,3.0,D,
London Reds,Bournemouth,1.27,6.37,8.7,5-0,5.0,0.0,5.0,D,
Manchester Blue,Newcastle,1.44,5.12,5.8100000000000005,2-1,2.0,1.0,3.0,D,
West Ham,Liverpool,3.63,4.15,1.84,2-2,2.0,2.0,4.0,N,
Everton,Manchester Red,2.33,3.17,3.18,2-2,2.0,2.0,4.0,N,
Sunderland,Brentford,7.87,4.57,1.4,1-1,1.0,1.0,2.0,N,
Leeds,Fulham,5.73,4.16,1.55,0-1,0.0,1.0,1.0,E,
N. Forest,A. Villa,2.09,3.44,3.45,3-0,3.0,0.0,3.0,D,
C. Palace,Brighton,2.23,3.89,2.8200000000000003,2-0,2.0,0.0,2.0,D,
Wolverhampton,Spurs,2.63,3.83,2.38,1-1,1.0,1.0,2.0,N,
N. Forest,West Ham,1.76,3.83,4.35,2-2,2.0,2.0,4.0,N,
Manchester Red,Burnley,1.46,4.75,6.04,3-1,3.0,1.0,4.0,D,
Manchester Blue,Brighton,1.34,5.9,6.9,4-0,4.0,0.0,4.0,D,
Wolverhampton,A. Villa,2.31,3.45,2.96,3-1,3.0,1.0,4.0,D,
Sunderland,Liverpool,12.12,6.58,1.21,0-3,0.0,3.0,3.0,E,
Bournemouth,Brentford,2.61,3.25,2.71,3-2,3.0,2.0,5.0,D,
London Reds,Newcastle,1.56,4.69,4.88,2-2,2.0,2.0,4.0,N,
Leeds,C. Palace,5.15,3.82,1.66,1-2,1.0,2.0,3.0,E,
London Blues,Fulham,1.75,3.82,4.38,1-0,1.0,0.0,1.0,D,
Everton,Spurs,2.66,3.6,2.47,1-3,1.0,3.0,4.0,E,
C. Palace,Manchester Blue,4.6,3.83,1.72,0-2,0.0,2.0,2.0,E,
Liverpool,Everton,1.26,5.44,12.23,3-0,3.0,0.0,3.0,D,
West Ham,Wolverhampton,1.82,3.88,3.95,2-2,2.0,2.0,4.0,N,
Leeds,N. Forest,3.8,3.83,1.86,2-3,2.0,3.0,5.0,E,
Brighton,London Blues,1.95,3.82,3.51,2-2,2.0,2.0,4.0,N,
A. Villa,Sunderland,1.34,5.54,7.54,2-2,2.0,2.0,4.0,N,
Newcastle,Manchester Red,1.39,4.88,7.48,3-2,3.0,2.0,5.0,D,
Spurs,Bournemouth,1.66,4.7,4.11,5-0,5.0,0.0,5.0,D,
Fulham,London Reds,5.33,4.13,1.59,1-4,1.0,4.0,5.0,E,
Brentford,Burnley,1.49,5.12,5.22,4-1,4.0,1.0,5.0,D,
Burnley,Spurs,3.81,3.97,1.83,1-0,1.0,0.0,1.0,D,
Sunderland,West Ham,4.94,3.95,1.66,1-1,1.0,1.0,2.0,N,
Manchester Blue,Leeds,1.12,8.76,20.37,4-0,4.0,0.0,4.0,D,
Bournemouth,Liverpool,3.51,3.73,1.97,1-1,1.0,1.0,2.0,N,
Brentford,Newcastle,2.4,4.09,2.5,3-2,3.0,2.0,5.0,D,
Everton,A. Villa,2.36,3.16,3.13,4-0,4.0,0.0,4.0,D,
Manchester Red,Fulham,1.94,3.62,3.73,3-1,3.0,1.0,4.0,D,
N. Forest,Wolverhampton,1.64,3.99,5.03,1-0,1.0,0.0,1.0,D,
London Blues,C. Palace,1.66,3.89,5.0,2-0,2.0,0.0,2.0,D,
London Reds,Brighton,1.44,5.28,5.69,2-2,2.0,2.0,4.0,N,
Burnley,Leeds,2.0,3.23,3.98,2-2,2.0,2.0,4.0,N,
Brentford,Spurs,2.09,4.34,2.85,3-2,3.0,2.0,5.0,D,
London Blues,London Reds,3.61,3.41,2.04,0-1,0.0,1.0,1.0,E,
Newcastle,Everton,1.32,5.0,10.04,3-0,3.0,0.0,3.0,D,
Fulham,N. Forest,1.67,4.28,4.39,0-3,0.0,3.0,3.0,E,
C. Palace,A. Villa,2.09,3.51,3.38,0-0,0.0,0.0,0.0,N,
Manchester Red,Brighton,1.99,3.95,3.29,4-0,4.0,0.0,4.0,D,
Manchester Blue,Wolverhampton,1.17,7.68,13.72,5-0,5.0,0.0,5.0,D,
West Ham,Bournemouth,2.03,4.0,3.15,0-0,0.0,0.0,0.0,N,
Sunderland,Liverpool,11.98,6.59,1.21,0-0,0.0,0.0,0.0,N,
Burnley,West Ham,2.61,3.39,2.62,0-1,0.0,1.0,1.0,E,
A. Villa,Manchester Red,1.58,4.37,5.02,1-4,1.0,4.0,5.0,E,
Spurs,Sunderland,1.52,4.84,5.08,3-0,3.0,0.0,3.0,D,
N. Forest,London Blues,2.06,3.59,3.37,2-1,2.0,1.0,3.0,D,
Leeds,Fulham,5.78,4.26,1.53,0-1,0.0,1.0,1.0,E,
Bournemouth,Brentford,2.5700000000000003,3.25,2.75,0-1,0.0,1.0,1.0,E,
Everton,Brighton,2.54,3.48,2.64,2-0,2.0,0.0,2.0,D,
Liverpool,Newcastle,1.51,4.68,5.48,2-1,2.0,1.0,3.0,D,
London Reds,Manchester Blue,2.21,3.66,2.99,3-0,3.0,0.0,3.0,D,
Wolverhampton,C. Palace,2.42,3.25,2.94,0-1,0.0,1.0,1.0,E,
London Blues,Spurs,1.73,4.3,4.03,1-1,1.0,1.0,2.0,N,
Manchester Blue,Liverpool,1.6,4.67,4.5,2-3,2.0,3.0,5.0,E,
Fulham,Bournemouth,1.78,4.25,3.83,0-3,0.0,3.0,3.0,E,
Newcastle,Brighton,1.47,4.97,5.62,4-0,4.0,0.0,4.0,D,
Burnley,N. Forest,2.48,3.48,2.71,3-2,3.0,2.0,5.0,D,
C. Palace,Everton,1.92,3.29,4.27,2-0,2.0,0.0,2.0,D,
Leeds,Manchester Red,4.8100000000000005,3.84,1.69,1-0,1.0,0.0,1.0,D,
West Ham,London Reds,6.17,4.35,1.5,0-2,0.0,2.0,2.0,E,
Brentford,Wolverhampton,1.56,4.65,4.93,2-1,2.0,1.0,3.0,D,
Sunderland,A. Villa,6.39,4.25,1.5,2-0,2.0,0.0,2.0,D,
Brentford,London Blues,2.04,4.04,3.11,1-1,1.0,1.0,2.0,N,
C. Palace,Burnley,1.6,4.37,4.84,4-1,4.0,1.0,5.0,D,
Leeds,Liverpool,9.96,6.22,1.25,2-3,2.0,3.0,5.0,E,
Manchester Red,Bournemouth,1.64,4.24,4.68,1-1,1.0,1.0,2.0,N,
Everton,Spurs,2.69,3.52,2.48,1-1,1.0,1.0,2.0,N,
Manchester Blue,West Ham,1.22,6.78,10.73,2-0,2.0,0.0,2.0,D,
Brighton,London Reds,4.26,3.74,1.79,3-1,3.0,1.0,4.0,D,
Sunderland,Fulham,6.97,4.46,1.44,1-2,1.0,2.0,3.0,E,
Newcastle,N. Forest,1.26,6.05,9.82,5-1,5.0,1.0,6.0,D,
A. Villa,Wolverhampton,1.35,5.41,7.44,1-1,1.0,1.0,2.0,N,
Everton,Brighton,2.73,3.51,2.45,2-2,2.0,2.0,4.0,N,
Fulham,Newcastle,2.51,3.91,2.46,4-2,4.0,2.0,6.0,D,
Manchester Red,London Reds,4.18,3.5700000000000003,1.85,3-2,3.0,2.0,5.0,D,
Brentford,Burnley,1.45,5.23,5.62,0-0,0.0,0.0,0.0,N,
Leeds,Spurs,6.2,5.06,1.43,1-4,1.0,4.0,5.0,E,
Wolverhampton,Sunderland,1.9,3.79,3.7,0-2,0.0,2.0,2.0,E,
West Ham,C. Palace,2.39,3.46,2.84,2-0,2.0,0.0,2.0,D,
Bournemouth,N. Forest,1.8,3.68,4.31,1-2,1.0,2.0,3.0,E,
London Blues,Liverpool,2.33,3.73,2.76,0-1,0.0,1.0,1.0,E,
Manchester Blue,A. Villa,1.28,5.86,9.08,2-2,2.0,2.0,4.0,N,
Spurs,London Reds,4.66,4.2,1.65,0-2,0.0,2.0,2.0,E,
London Blues,Wolverhampton,1.39,4.93,7.37,4-0,4.0,0.0,4.0,D,
Everton,Burnley,1.78,3.78,4.28,1-2,1.0,2.0,3.0,E,
West Ham,Fulham,2.5,3.59,2.63,3-0,3.0,0.0,3.0,D,
Bournemouth,Manchester Red,2.22,3.35,3.21,1-2,1.0,2.0,3.0,E,
Brighton,Newcastle,2.2,3.84,2.9,0-0,0.0,0.0,0.0,N,
C. Palace,N. Forest,1.71,3.97,4.51,2-0,2.0,0.0,2.0,D,
Manchester Blue,Brentford,1.36,5.32,7.21,2-2,2.0,2.0,4.0,N,
A. Villa,Sunderland,1.39,5.18,6.72,2-0,2.0,0.0,2.0,D,
Leeds,Liverpool,9.58,5.93,1.27,3-1,3.0,1.0,4.0,D,
Spurs,Brentford,2.04,3.94,3.17,2-2,2.0,2.0,4.0,N,
Manchester Blue,Bournemouth,1.22,7.16,9.93,2-1,2.0,1.0,3.0,D,
Brighton,Fulham,1.98,3.79,3.44,3-0,3.0,0.0,3.0,D,
A. Villa,Liverpool,2.14,4.07,2.88,0-2,0.0,2.0,2.0,E,
C. Palace,Burnley,1.57,4.47,5.0,1-1,1.0,1.0,2.0,N,
N. Forest,Newcastle,2.45,3.61,2.67,1-1,1.0,1.0,2.0,N,
Sunderland,London Reds,22.37,7.87,1.13,1-3,1.0,3.0,4.0,E,
Leeds,Wolverhampton,3.6,3.71,1.95,2-1,2.0,1.0,3.0,D,
London Blues,West Ham,1.5,4.49,5.94,2-1,2.0,1.0,3.0,D,
Everton,Manchester Red,2.32,3.18,3.17,1-1,1.0,1.0,2.0,N,
Bournemouth,C. Palace,2.35,3.13,3.18,2-1,2.0,1.0,3.0,D,
Fulham,London Reds,5.13,4.06,1.62,1-2,1.0,2.0,3.0,E,
Everton,London Blues,2.58,3.31,2.7,3-2,3.0,2.0,5.0,D,
Manchester Red,Sunderland,1.53,4.42,5.6,1-1,1.0,1.0,2.0,N,
Manchester Blue,Spurs,1.33,5.98,7.02,2-0,2.0,0.0,2.0,D,
Leeds,Brighton,6.04,5.03,1.44,1-1,1.0,1.0,2.0,N,
Brentford,Newcastle,2.36,4.12,2.54,4-0,4.0,0.0,4.0,D,
Wolverhampton,N. Forest,1.98,3.72,3.51,2-0,2.0,0.0,2.0,D,
Liverpool,Burnley,1.15,8.19,14.71,4-0,4.0,0.0,4.0,D,
West Ham,A. Villa,2.25,3.62,2.95,0-1,0.0,1.0,1.0,E,
Brighton,A. Villa,1.82,3.9,3.95,3-1,3.0,1.0,4.0,D,
Bournemouth,Newcastle,2.96,3.54,2.27,1-1,1.0,1.0,2.0,N,
Fulham,Brentford,2.3,3.59,2.88,3-3,3.0,3.0,6.0,N,
Manchester Blue,Sunderland,1.18,7.57,12.91,3-1,3.0,1.0,4.0,D,
Wolverhampton,Burnley,1.72,4.18,4.19,1-4,1.0,4.0,5.0,E,
Spurs,London Blues,1.93,4.16,3.33,0-2,0.0,2.0,2.0,E,
Manchester Red,Liverpool,2.48,3.73,2.58,0-4,0.0,4.0,4.0,E,
Everton,C. Palace,2.46,3.01,3.12,3-0,3.0,0.0,3.0,D,
Leeds,N. Forest,3.8,3.76,1.88,1-2,1.0,2.0,3.0,E,
West Ham,London Reds,6.12,4.26,1.51,0-3,0.0,3.0,3.0,E,
Bournemouth,Fulham,2.52,3.29,2.79,3-0,3.0,0.0,3.0,D,
Manchester Blue,Liverpool,1.56,4.78,4.74,1-3,1.0,3.0,4.0,E,
C. Palace,London Blues,2.13,3.65,3.15,0-3,0.0,3.0,3.0,E,
Wolverhampton,Manchester Red,2.39,3.43,2.85,1-0,1.0,0.0,1.0,D,
Leeds,Burnley,3.21,3.88,2.04,0-3,0.0,3.0,3.0,E,
Spurs,Sunderland,1.5,4.97,5.25,2-0,2.0,0.0,2.0,D,
A. Villa,N. Forest,1.36,5.41,7.27,0-1,0.0,1.0,1.0,E,
West Ham,Brentford,2.59,3.55,2.55,0-3,0.0,3.0,3.0,E,
Everton,Newcastle,2.92,3.42,2.35,1-2,1.0,2.0,3.0,E,
Brighton,London Reds,4.41,3.8,1.75,0-2,0.0,2.0,2.0,E,
Liverpool,Newcastle,1.45,4.92,5.97,3-0,3.0,0.0,3.0,D,
Brentford,London Reds,4.51,4.08,1.69,1-4,1.0,4.0,5.0,E,
Manchester Blue,Brighton,1.36,5.69,6.63,5-1,5.0,1.0,6.0,D,
Manchester Red,N. Forest,1.5,4.47,5.83,3-2,3.0,2.0,5.0,D,
London Blues,Burnley,1.33,5.53,7.69,1-1,1.0,1.0,2.0,N,
Leeds,Everton,4.1,3.27,1.96,3-2,3.0,2.0,5.0,D,
Bournemouth,A. Villa,2.18,3.34,3.33,2-2,2.0,2.0,4.0,N,
West Ham,Spurs,2.53,4.04,2.39,4-0,4.0,0.0,4.0,D,
Fulham,Sunderland,1.73,4.19,4.12,3-2,3.0,2.0,5.0,D,
Wolverhampton,C. Palace,2.53,3.22,2.8200000000000003,1-0,1.0,0.0,1.0,D,
London Reds,Brighton,1.44,5.22,5.74,2-2,2.0,2.0,4.0,N,
C. Palace,Sunderland,1.65,4.14,4.7,2-1,2.0,1.0,3.0,D,
Manchester Red,Leeds,1.36,4.73,8.71,5-0,5.0,0.0,5.0,D,
London Blues,Fulham,1.77,3.85,4.24,1-0,1.0,0.0,1.0,D,
Manchester Blue,Everton,1.21,6.26,13.1,2-1,2.0,1.0,3.0,D,
Burnley,Bournemouth,2.8,3.62,2.35,2-0,2.0,0.0,2.0,D,
N. Forest,A. Villa,2.02,3.49,3.5700000000000003,1-1,1.0,1.0,2.0,N,
Wolverhampton,Brentford,2.64,3.41,2.5700000000000003,1-3,1.0,3.0,4.0,E,
Newcastle,Liverpool,1.8,4.17,3.8,1-2,1.0,2.0,3.0,E,
Spurs,West Ham,1.62,4.58,4.46,1-1,1.0,1.0,2.0,N,
Bournemouth,Brentford,2.64,3.21,2.7,2-0,2.0,0.0,2.0,D,
Wolverhampton,Liverpool,3.7,3.89,1.88,2-1,2.0,1.0,3.0,D,
C. Palace,Leeds,1.45,4.34,7.16,2-0,2.0,0.0,2.0,D,
Everton,Sunderland,1.85,3.5700000000000003,4.19,2-2,2.0,2.0,4.0,N,
Brighton,A. Villa,1.76,3.94,4.18,0-1,0.0,1.0,1.0,E,
N. Forest,Manchester Blue,4.03,3.5,1.9,0-2,0.0,2.0,2.0,E,
Spurs,Manchester Red,1.82,4.13,3.72,2-2,2.0,2.0,4.0,N,
London Blues,Newcastle,1.94,3.87,3.48,2-0,2.0,0.0,2.0,D,
London Reds,Fulham,1.41,4.98,6.76,2-2,2.0,2.0,4.0,N,
Burnley,West Ham,2.73,3.37,2.52,1-2,1.0,2.0,3.0,E,
Leeds,N. Forest,3.68,3.71,1.93,1-2,1.0,2.0,3.0,E,
West Ham,Wolverhampton,1.81,3.9,4.01,2-2,2.0,2.0,4.0,N,
Bournemouth,Everton,2.04,3.11,4.04,0-2,0.0,2.0,2.0,E,
Sunderland,Brighton,8.11,5.45,1.33,1-4,1.0,4.0,5.0,E,
Manchester Blue,Spurs,1.34,5.95,6.91,2-3,2.0,3.0,5.0,E,
Newcastle,Manchester Red,1.41,4.8,7.11,2-1,2.0,1.0,3.0,D,
A. Villa,Burnley,1.3,5.96,8.0,3-2,3.0,2.0,5.0,D,
Fulham,C. Palace,2.12,3.61,3.22,2-1,2.0,1.0,3.0,D,
Liverpool,London Blues,1.35,5.18,7.92,2-2,2.0,2.0,4.0,N,
Brentford,London Reds,4.69,4.24,1.64,1-1,1.0,1.0,2.0,N,
Wolverhampton,A. Villa,2.37,3.43,2.88,1-3,1.0,3.0,4.0,E,
N. Forest,Fulham,2.14,3.43,3.31,0-1,0.0,1.0,1.0,E,
London Reds,Bournemouth,1.3,5.96,7.99,0-2,0.0,2.0,2.0,E,
London Blues,West Ham,1.5,4.45,5.99,3-0,3.0,0.0,3.0,D,
Burnley,Sunderland,2.36,3.46,2.87,1-0,1.0,0.0,1.0,D,
Everton,Brighton,2.61,3.54,2.53,0-3,0.0,3.0,3.0,E,
Newcastle,Manchester Blue,2.31,3.6,2.87,1-2,1.0,2.0,3.0,E,
Spurs,Leeds,1.34,5.25,7.94,2-1,2.0,1.0,3.0,D,
C. Palace,Brentford,2.3,3.45,2.97,1-1,1.0,1.0,2.0,N,
Manchester Red,Liverpool,2.63,3.75,2.42,3-3,3.0,3.0,6.0,N,
London Reds,Everton,1.31,5.15,9.52,0-0,0.0,0.0,0.0,N,
Leeds,Newcastle,7.49,5.16,1.36,1-4,1.0,4.0,5.0,E,
Bournemouth,C. Palace,2.31,3.18,3.2,1-0,1.0,0.0,1.0,D,
Liverpool,Manchester Blue,2.06,3.58,3.38,2-1,2.0,1.0,3.0,D,
Brighton,Burnley,1.44,5.07,5.91,2-2,2.0,2.0,4.0,N,
West Ham,Manchester Red,2.22,3.59,3.03,4-0,4.0,0.0,4.0,D,
A. Villa,London Blues,1.64,4.35,4.54,3-1,3.0,1.0,4.0,D,
Sunderland,Wolverhampton,4.21,3.71,1.81,1-2,1.0,2.0,3.0,E,
Brentford,N. Forest,1.55,4.71,4.96,1-1,1.0,1.0,2.0,N,
Fulham,Spurs,2.24,4.12,2.7,1-2,1.0,2.0,3.0,E,
C. Palace,London Reds,5.17,3.85,1.65,0-3,0.0,3.0,3.0,E,
Manchester Red,A. Villa,1.8,3.69,4.28,2-1,2.0,1.0,3.0,D,
Manchester Blue,West Ham,1.22,6.77,10.55,4-1,4.0,1.0,5.0,D,
Everton,Burnley,1.76,3.85,4.32,1-2,1.0,2.0,3.0,E,
London Blues,Sunderland,1.41,4.84,6.9,1-1,1.0,1.0,2.0,N,
Wolverhampton,Brighton,2.68,3.88,2.33,2-2,2.0,2.0,4.0,N,
Liverpool,Leeds,1.12,8.43,22.45,2-0,2.0,0.0,2.0,D,
Spurs,Brentford,1.99,4.01,3.25,2-1,2.0,1.0,3.0,D,
N. Forest,Bournemouth,1.81,3.99,3.87,1-1,1.0,1.0,2.0,N,
Newcastle,Fulham,1.44,4.73,6.46,4-1,4.0,1.0,5.0,D,
Newcastle,Bournemouth,1.31,5.85,8.07,2-1,2.0,1.0,3.0,D,
Manchester Blue,Sunderland,1.17,7.74,13.21,6-0,6.0,0.0,6.0,D,
Liverpool,Brentford,1.4,4.83,7.19,1-0,1.0,0.0,1.0,D,
Everton,Wolverhampton,1.94,3.42,3.99,2-3,2.0,3.0,5.0,E,
Spurs,London Reds,4.45,4.13,1.69,2-4,2.0,4.0,6.0,E,
London Blues,Burnley,1.37,5.32,7.16,2-0,2.0,0.0,2.0,D,
West Ham,Fulham,2.45,3.61,2.67,3-2,3.0,2.0,5.0,D,
N. Forest,C. Palace,2.08,3.35,3.55,2-2,2.0,2.0,4.0,N,
Leeds,A. Villa,5.12,3.94,1.64,0-3,0.0,3.0,3.0,E,
Manchester Red,Brighton,1.97,4.01,3.31,1-2,1.0,2.0,3.0,E,
Sunderland,Leeds,3.33,3.14,2.27,1-0,1.0,0.0,1.0,D,
London Reds,Newcastle,1.57,4.58,4.84,3-0,3.0,0.0,3.0,D,
Brighton,Manchester Blue,3.54,3.72,1.97,2-3,2.0,3.0,5.0,E,
Brentford,West Ham,1.66,4.44,4.33,1-1,1.0,1.0,2.0,N,
Bournemouth,Liverpool,3.52,3.7,1.98,2-3,2.0,3.0,5.0,E,
Burnley,Manchester Red,3.27,3.33,2.2,0-1,0.0,1.0,1.0,E,
N. Forest,Everton,1.87,3.3,4.49,1-2,1.0,2.0,3.0,E,
A. Villa,Fulham,1.64,4.25,4.66,2-1,2.0,1.0,3.0,D,
Wolverhampton,London Blues,2.59,3.55,2.55,1-0,1.0,0.0,1.0,D,
C. Palace,Spurs,2.29,3.9,2.73,2-1,2.0,1.0,3.0,D,
Manchester Red,Wolverhampton,1.5,4.37,6.04,1-1,1.0,1.0,2.0,N,
Liverpool,London Reds,2.24,3.47,3.07,2-3,2.0,3.0,5.0,E,
Fulham,Sunderland,1.66,4.25,4.46,1-2,1.0,2.0,3.0,E,
Manchester Blue,Burnley,1.15,8.37,13.51,5-0,5.0,0.0,5.0,D,
West Ham,Bournemouth,2.0,4.0,3.22,2-1,2.0,1.0,3.0,D,
Everton,London Blues,2.59,3.25,2.73,4-0,4.0,0.0,4.0,D,
Spurs,N. Forest,1.51,4.85,5.23,3-1,3.0,1.0,4.0,D,
A. Villa,Brentford,1.72,4.09,4.3,1-2,1.0,2.0,3.0,E,
Newcastle,C. Palace,1.43,4.6,6.92,2-3,2.0,3.0,5.0,E,
Leeds,Brighton,6.37,5.0,1.42,1-4,1.0,4.0,5.0,E,
Sunderland,Brentford,7.8,4.68,1.39,1-2,1.0,2.0,3.0,E,
Burnley,Leeds,2.01,3.28,3.87,2-1,2.0,1.0,3.0,D,
London Blues,Manchester Red,1.66,3.93,4.96,1-0,1.0,0.0,1.0,D,
Bournemouth,A. Villa,2.27,3.29,3.16,3-2,3.0,2.0,5.0,D,
C. Palace,Liverpool,3.14,3.84,2.08,1-3,1.0,3.0,4.0,E,
Wolverhampton,Manchester Blue,5.72,4.05,1.57,2-2,2.0,2.0,4.0,N,
N. Forest,Newcastle,2.54,3.61,2.5700000000000003,2-0,2.0,0.0,2.0,D,
Spurs,Everton,1.65,4.01,4.89,2-1,2.0,1.0,3.0,D,
Brighton,Fulham,1.91,3.84,3.62,2-1,2.0,1.0,3.0,D,
London Reds,West Ham,1.27,5.99,9.55,2-1,2.0,1.0,3.0,D,
London Reds,Manchester Red,1.36,5.2,7.48,0-1,0.0,1.0,1.0,E,
C. Palace,London Blues,2.18,3.62,3.07,2-2,2.0,2.0,4.0,N,
Burnley,Spurs,3.56,3.94,1.91,2-1,2.0,1.0,3.0,D,
Brighton,Newcastle,2.23,3.85,2.84,2-0,2.0,0.0,2.0,D,
Sunderland,Liverpool,13.0,6.89,1.19,0-2,0.0,2.0,2.0,E,
Bournemouth,Manchester Blue,4.97,3.68,1.7000000000000002,0-1,0.0,1.0,1.0,E,
Brentford,Leeds,1.35,5.24,7.88,2-0,2.0,0.0,2.0,D,
Everton,Fulham,2.71,3.12,2.7,3-2,3.0,2.0,5.0,D,
A. Villa,West Ham,1.44,4.86,6.26,3-2,3.0,2.0,5.0,D,
Wolverhampton,N. Forest,1.95,3.73,3.58,1-2,1.0,2.0,3.0,E,
London Reds,Leeds,1.15,7.58,17.85,2-0,2.0,0.0,2.0,D,
N. Forest,Manchester Red,1.99,3.49,3.68,1-1,1.0,1.0,2.0,N,
Sunderland,A. Villa,5.95,4.06,1.55,0-0,0.0,0.0,0.0,N,
Everton,Brentford,2.76,3.08,2.68,0-0,0.0,0.0,0.0,N,
Wolverhampton,Newcastle,3.19,3.76,2.08,0-2,0.0,2.0,2.0,E,
Bournemouth,Fulham,2.42,3.3,2.9,2-1,2.0,1.0,3.0,D,
C. Palace,Manchester Blue,4.2,3.63,1.83,0-1,0.0,1.0,1.0,E,
Burnley,Liverpool,5.37,4.26,1.56,1-4,1.0,4.0,5.0,E,
Brighton,West Ham,1.61,4.27,4.9,2-0,2.0,0.0,2.0,D,
London Blues,Spurs,1.7000000000000002,4.34,4.16,3-2,3.0,2.0,5.0,D,
London Reds,C. Palace,1.4,4.78,7.21,2-1,2.0,1.0,3.0,D,
A. Villa,Manchester Red,1.55,4.41,5.36,2-1,2.0,1.0,3.0,D,
West Ham,Manchester Blue,5.23,4.11,1.6,0-3,0.0,3.0,3.0,E,
Burnley,Everton,2.76,2.91,2.83,0-0,0.0,0.0,0.0,N,
Sunderland,London Blues,7.15,4.67,1.42,1-0,1.0,0.0,1.0,D,
Brighton,Wolverhampton,1.48,4.59,5.94,2-0,2.0,0.0,2.0,D,
Leeds,Liverpool,9.02,5.76,1.29,3-1,3.0,1.0,4.0,D,
Brentford,Spurs,1.99,4.37,3.04,2-0,2.0,0.0,2.0,D,
Bournemouth,N. Forest,1.85,3.67,4.03,2-3,2.0,3.0,5.0,E,
Fulham,Newcastle,2.59,3.92,2.39,1-1,1.0,1.0,2.0,N,
Liverpool,Spurs,1.34,5.7,7.32,3-2,3.0,2.0,5.0,D,
Leeds,Bournemouth,4.53,4.31,1.65,2-2,2.0,2.0,4.0,N,
Newcastle,Burnley,1.22,6.73,10.53,5-1,5.0,1.0,6.0,D,
Manchester Blue,Everton,1.22,6.15,12.51,1-0,1.0,0.0,1.0,D,
Wolverhampton,London Blues,2.54,3.5700000000000003,2.58,0-1,0.0,1.0,1.0,E,
A. Villa,Brentford,1.76,3.99,4.18,2-0,2.0,0.0,2.0,D,
Manchester Red,Brighton,1.98,3.94,3.33,3-1,3.0,1.0,4.0,D,
Sunderland,C. Palace,6.23,3.98,1.54,0-3,0.0,3.0,3.0,E,
West Ham,Fulham,2.55,3.5700000000000003,2.58,1-3,1.0,3.0,4.0,E,
London Reds,N. Forest,1.23,6.48,10.9,3-1,3.0,1.0,4.0,D,
Manchester Blue,Wolverhampton,1.17,7.58,13.43,5-0,5.0,0.0,5.0,D,
Liverpool,Brentford,1.37,4.98,7.82,3-2,3.0,2.0,5.0,D,
Fulham,Spurs,2.27,4.14,2.65,1-1,1.0,1.0,2.0,N,
Manchester Red,Bournemouth,1.67,4.24,4.45,4-0,4.0,0.0,4.0,D,
A. Villa,N. Forest,1.37,5.29,7.16,1-1,1.0,1.0,2.0,N,
West Ham,Everton,2.02,3.36,3.73,0-0,0.0,0.0,0.0,N,
Burnley,Brighton,3.67,3.93,1.88,0-2,0.0,2.0,2.0,E,
Newcastle,C. Palace,1.42,4.6,7.2,2-0,2.0,0.0,2.0,D,
Leeds,London Reds,18.42,7.25,1.15,0-0,0.0,0.0,0.0,N,
Sunderland,London Blues,6.6,4.57,1.45,1-3,1.0,3.0,4.0,E,
Fulham,Sunderland,1.67,4.27,4.43,2-1,2.0,1.0,3.0,D,
Brentford,Leeds,1.37,5.05,7.48,2-1,2.0,1.0,3.0,D,
N. Forest,Spurs,2.23,3.85,2.85,4-1,4.0,1.0,5.0,D,
Everton,Wolverhampton,1.93,3.39,4.05,1-0,1.0,0.0,1.0,D,
C. Palace,London Reds,5.16,3.79,1.66,1-5,1.0,5.0,6.0,E,
Bournemouth,London Blues,2.5,3.38,2.74,2-1,2.0,1.0,3.0,D,
Burnley,A. Villa,3.21,3.36,2.22,1-2,1.0,2.0,3.0,E,
Liverpool,Manchester Red,1.32,5.28,8.92,2-0,2.0,0.0,2.0,D,
Newcastle,West Ham,1.32,5.47,8.25,4-0,4.0,0.0,4.0,D,
Brighton,Manchester Blue,3.58,3.71,1.95,0-1,0.0,1.0,1.0,E,
N. Forest,Leeds,1.48,4.12,7.14,2-1,2.0,1.0,3.0,D,
Brighton,West Ham,1.58,4.39,5.05,1-1,1.0,1.0,2.0,N,
C. Palace,A. Villa,2.07,3.56,3.37,0-1,0.0,1.0,1.0,E,
Brentford,Manchester Red,1.87,3.99,3.65,4-2,4.0,2.0,6.0,D,
Burnley,Liverpool,5.32,4.34,1.56,2-4,2.0,4.0,6.0,E,
Wolverhampton,Spurs,2.62,3.84,2.39,2-1,2.0,1.0,3.0,D,
Bournemouth,Manchester Blue,4.86,3.6,1.73,1-3,1.0,3.0,4.0,E,
Everton,Sunderland,1.89,3.55,4.02,1-1,1.0,1.0,2.0,N,
Fulham,Newcastle,2.55,3.9,2.43,2-0,2.0,0.0,2.0,D,
London Blues,London Reds,3.62,3.42,2.03,0-1,0.0,1.0,1.0,E,
Wolverhampton,Sunderland,1.91,3.74,3.7,1-0,1.0,0.0,1.0,D,
C. Palace,Liverpool,3.16,3.88,2.06,0-1,0.0,1.0,1.0,E,
Leeds,Spurs,6.12,5.0,1.44,0-1,0.0,1.0,1.0,E,
Brentford,Burnley,1.46,5.2,5.48,3-1,3.0,1.0,4.0,D,
N. Forest,Manchester Red,1.95,3.52,3.8,3-0,3.0,0.0,3.0,D,
Brighton,Fulham,1.93,3.81,3.59,0-0,0.0,0.0,0.0,N,
Everton,Newcastle,2.87,3.37,2.41,2-1,2.0,1.0,3.0,D,
London Reds,Manchester Blue,2.25,3.63,2.93,1-0,1.0,0.0,1.0,D,
London Blues,A. Villa,1.67,3.94,4.82,2-1,2.0,1.0,3.0,D,
Bournemouth,West Ham,1.96,3.55,3.72,0-2,0.0,2.0,2.0,E,
Spurs,Liverpool,2.78,4.22,2.15,0-3,0.0,3.0,3.0,E,
Bournemouth,Leeds,1.61,3.7,5.93,4-0,4.0,0.0,4.0,D,
Burnley,Newcastle,4.18,3.93,1.77,0-3,0.0,3.0,3.0,E,
Everton,Manchester Blue,5.2,3.48,1.72,0-2,0.0,2.0,2.0,E,
London Blues,Wolverhampton,1.43,4.7,6.79,2-1,2.0,1.0,3.0,D,
Brentford,A. Villa,1.88,4.0,3.61,3-2,3.0,2.0,5.0,D,
Brighton,Manchester Red,1.83,3.83,3.95,1-0,1.0,0.0,1.0,D,
C. Palace,Sunderland,1.69,4.04,4.52,2-0,2.0,0.0,2.0,D,
Fulham,West Ham,1.79,4.09,3.91,3-0,3.0,0.0,3.0,D,
N. Forest,London Reds,5.21,3.77,1.66,0-2,0.0,2.0,2.0,E,
London Reds,Wolverhampton,1.22,6.66,11.21,4-0,4.0,0.0,4.0,D,
Manchester Blue,N. Forest,1.18,7.38,12.45,1-2,1.0,2.0,3.0,E,
West Ham,Brentford,2.51,3.53,2.65,2-2,2.0,2.0,4.0,N,
Leeds,London Blues,5.65,4.43,1.52,,,,,,
Manchester Red,C. Palace,1.83,3.56,4.33,3-0,3.0,0.0,3.0,D,
Liverpool,Fulham,1.34,5.24,8.3,2-3,2.0,3.0,5.0,E,
A. Villa,Everton,1.47,4.38,6.59,5-0,5.0,0.0,5.0,D,
Burnley,Spurs,3.73,3.96,1.86,1-3,1.0,3.0,4.0,E,
Sunderland,Bournemouth,5.28,4.35,1.56,3-3,3.0,3.0,6.0,N,
Newcastle,Brighton,1.5,4.88,5.3,2-1,2.0,1.0,3.0,D,
Sunderland,Wolverhampton,4.23,3.73,1.8,2-0,2.0,0.0,2.0,D,
Liverpool,C. Palace,1.34,5.06,8.67,3-1,3.0,1.0,4.0,D,
Spurs,Leeds,1.33,5.36,8.21,3-1,3.0,1.0,4.0,D,
Burnley,Brentford,3.66,3.4,2.03,1-2,1.0,2.0,3.0,E,
Manchester Red,N. Forest,1.54,4.35,5.57,3-1,3.0,1.0,4.0,D,
Fulham,Brighton,2.23,4.09,2.73,3-0,3.0,0.0,3.0,D,
Newcastle,Everton,1.35,4.69,9.21,2-0,2.0,0.0,2.0,D,
Manchester Blue,London Reds,2.27,3.67,2.87,2-3,2.0,3.0,5.0,E,
A. Villa,London Blues,1.64,4.36,4.5,1-1,1.0,1.0,2.0,N,
West Ham,Bournemouth,2.13,3.98,2.96,1-1,1.0,1.0,2.0,N,
Brighton,West Ham,1.6,4.34,4.85,0-3,0.0,3.0,3.0,E,
Burnley,Spurs,3.63,3.94,1.88,3-0,3.0,0.0,3.0,D,
London Reds,London Blues,1.39,5.19,6.78,1-2,1.0,2.0,3.0,E,
N. Forest,Sunderland,1.67,4.05,4.67,1-0,1.0,0.0,1.0,D,
Leeds,A. Villa,5.03,3.96,1.64,1-1,1.0,1.0,2.0,N,
Liverpool,Bournemouth,1.21,6.95,11.38,2-1,2.0,1.0,3.0,D,
Manchester Red,Everton,1.66,3.59,5.57,3-1,3.0,1.0,4.0,D,
Fulham,Brentford,2.3,3.65,2.85,4-2,4.0,2.0,6.0,D,
C. Palace,Wolverhampton,1.7000000000000002,4.01,4.5,2-2,2.0,2.0,4.0,N,
Newcastle,Manchester Blue,2.31,3.6,2.86,2-0,2.0,0.0,2.0,D,
West Ham,C. Palace,2.26,3.49,3.03,1-1,1.0,1.0,2.0,N,
Wolverhampton,London Reds,6.69,4.1,1.5,0-1,0.0,1.0,1.0,E,
Brentford,N. Forest,1.56,4.64,4.89,3-0,3.0,0.0,3.0,D,
Everton,Liverpool,3.55,3.56,2.01,1-2,1.0,2.0,3.0,E,
A. Villa,Fulham,1.66,4.23,4.52,2-1,2.0,1.0,3.0,D,
Sunderland,Manchester Red,6.27,4.13,1.52,2-1,2.0,1.0,3.0,D,
London Blues,Newcastle,1.92,3.95,3.48,5-1,5.0,1.0,6.0,D,
Manchester Blue,Burnley,1.15,8.49,13.48,3-1,3.0,1.0,4.0,D,
Brighton,Leeds,1.37,4.8100000000000005,8.12,2-1,2.0,1.0,3.0,D,
Bournemouth,Spurs,2.61,3.7,2.46,0-3,0.0,3.0,3.0,E,
Brentford,Sunderland,1.56,4.74,4.79,1-2,1.0,2.0,3.0,E,
Wolverhampton,Manchester Blue,5.42,3.97,1.6,1-2,1.0,2.0,3.0,E,
A. Villa,Everton,1.48,4.27,6.6,3-1,3.0,1.0,4.0,D,
Brighton,Liverpool,2.5700000000000003,3.95,2.39,2-2,2.0,2.0,4.0,N,
Fulham,Newcastle,2.64,3.93,2.34,2-0,2.0,0.0,2.0,D,
C. Palace,Manchester Red,2.04,3.55,3.47,1-4,1.0,4.0,5.0,E,
West Ham,Spurs,2.51,3.97,2.44,2-2,2.0,2.0,4.0,N,
Bournemouth,London Blues,2.4,3.42,2.85,0-0,0.0,0.0,0.0,N,
London Reds,N. Forest,1.22,6.55,11.02,1-0,1.0,0.0,1.0,D,
Leeds,Burnley,3.35,3.9,1.98,3-2,3.0,2.0,5.0,D,
Manchester Blue,West Ham,1.19,7.23,11.78,4-1,4.0,1.0,5.0,D,
London Blues,Wolverhampton,1.42,4.8,6.9,2-2,2.0,2.0,4.0,N,
Manchester Red,London Reds,4.26,3.56,1.84,0-2,0.0,2.0,2.0,E,
Sunderland,A. Villa,5.92,4.11,1.54,2-2,2.0,2.0,4.0,N,
Liverpool,C. Palace,1.34,4.97,8.75,3-1,3.0,1.0,4.0,D,
Everton,Brighton,2.67,3.54,2.49,2-0,2.0,0.0,2.0,D,
Brentford,Bournemouth,1.6800000000000002,4.58,4.04,1-2,1.0,2.0,3.0,E,
Newcastle,N. Forest,1.25,6.14,10.07,4-0,4.0,0.0,4.0,D,
Spurs,Leeds,1.35,5.21,7.88,3-1,3.0,1.0,4.0,D,
Burnley,Fulham,3.39,3.39,2.13,1-2,1.0,2.0,3.0,E,
Manchester Blue,Fulham,1.33,5.54,7.87,1-1,1.0,1.0,2.0,N,
Everton,London Reds,6.26,3.56,1.61,0-0,0.0,0.0,0.0,N,
Liverpool,Newcastle,1.45,4.86,6.0,4-0,4.0,0.0,4.0,D,
Spurs,N. Forest,1.48,5.0,5.42,3-1,3.0,1.0,4.0,D,
London Blues,Leeds,1.31,5.05,9.89,3-0,3.0,0.0,3.0,D,
Sunderland,C. Palace,6.11,3.97,1.55,0-2,0.0,2.0,2.0,E,
Burnley,Manchester Red,3.11,3.34,2.28,1-3,1.0,3.0,4.0,E,
Brentford,Brighton,2.11,4.27,2.84,3-0,3.0,0.0,3.0,D,
Wolverhampton,West Ham,2.07,3.65,3.3,3-1,3.0,1.0,4.0,D,
A. Villa,Bournemouth,1.46,5.12,5.63,3-1,3.0,1.0,4.0,D,
Spurs,Everton,1.6800000000000002,3.98,4.68,1-1,1.0,1.0,2.0,N,
London Reds,A. Villa,1.36,5.19,7.65,4-0,4.0,0.0,4.0,D,
Liverpool,Manchester Blue,2.03,3.58,3.46,2-1,2.0,1.0,3.0,D,
Bournemouth,Leeds,1.59,3.73,6.19,2-1,2.0,1.0,3.0,D,
Burnley,Sunderland,2.51,3.48,2.67,0-0,0.0,0.0,0.0,N,
Manchester Red,London Blues,1.93,3.77,3.62,2-1,2.0,1.0,3.0,D,
C. Palace,Brighton,2.24,3.86,2.8200000000000003,0-3,0.0,3.0,3.0,E,
N. Forest,Wolverhampton,1.64,4.0,5.03,1-2,1.0,2.0,3.0,E,
Newcastle,Brentford,1.53,4.34,5.66,4-1,4.0,1.0,5.0,D,
Fulham,West Ham,1.78,4.02,4.03,3-1,3.0,1.0,4.0,D,
C. Palace,West Ham,1.79,3.86,4.11,1-0,1.0,0.0,1.0,D,
London Reds,Wolverhampton,1.24,6.42,10.35,3-0,3.0,0.0,3.0,D,
N. Forest,Brentford,2.2,3.39,3.21,2-0,2.0,0.0,2.0,D,
Liverpool,Everton,1.25,5.57,12.47,5-1,5.0,1.0,6.0,D,
Fulham,A. Villa,2.05,3.74,3.28,1-1,1.0,1.0,2.0,N,
Manchester Red,Sunderland,1.51,4.41,5.89,1-1,1.0,1.0,2.0,N,
Newcastle,London Blues,1.47,4.71,6.01,4-2,4.0,2.0,6.0,D,
Burnley,Manchester Blue,7.92,4.4,1.42,1-2,1.0,2.0,3.0,E,
Leeds,Brighton,6.06,4.86,1.45,1-2,1.0,2.0,3.0,E,
Spurs,Bournemouth,1.67,4.67,4.04,2-1,2.0,1.0,3.0,D,
A. Villa,N. Forest,1.38,5.26,6.92,3-0,3.0,0.0,3.0,D,
Wolverhampton,Newcastle,3.01,3.76,2.16,1-3,1.0,3.0,4.0,E,
Leeds,C. Palace,5.02,3.83,1.67,1-1,1.0,1.0,2.0,N,
London Blues,Burnley,1.35,5.42,7.38,3-2,3.0,2.0,5.0,D,
Sunderland,Liverpool,11.98,6.53,1.21,0-3,0.0,3.0,3.0,E,
West Ham,London Reds,6.28,4.26,1.5,1-1,1.0,1.0,2.0,N,
Manchester Blue,Spurs,1.36,5.78,6.53,1-2,1.0,2.0,3.0,E,
Brentford,Manchester Red,1.87,3.99,3.65,3-2,3.0,2.0,5.0,D,
Brighton,Fulham,1.91,3.87,3.61,0-0,0.0,0.0,0.0,N,
Bournemouth,Everton,2.02,3.08,4.17,1-2,1.0,2.0,3.0,E,
Burnley,Wolverhampton,2.45,3.36,2.8200000000000003,0-1,0.0,1.0,1.0,E,
Manchester Red,A. Villa,1.84,3.67,4.11,1-4,1.0,4.0,5.0,E,
Spurs,London Blues,1.89,4.25,3.38,3-1,3.0,1.0,4.0,D,
N. Forest,Brighton,2.2,3.78,2.94,3-3,3.0,3.0,6.0,N,
Newcastle,West Ham,1.31,5.52,8.48,1-2,1.0,2.0,3.0,E,
London Reds,Leeds,1.15,7.62,17.39,4-0,4.0,0.0,4.0,D,
Liverpool,Brentford,1.37,5.0,7.74,5-0,5.0,0.0,5.0,D,
Manchester Blue,Bournemouth,1.23,6.99,9.83,2-1,2.0,1.0,3.0,D,
Fulham,C. Palace,2.1,3.61,3.27,3-0,3.0,0.0,3.0,D,
Everton,Sunderland,1.89,3.53,4.06,0-1,0.0,1.0,1.0,E,
Leeds,Newcastle,7.77,5.24,1.35,0-6,0.0,6.0,6.0,E,
Bournemouth,Sunderland,1.81,3.74,4.18,5-1,5.0,1.0,6.0,D,
West Ham,Burnley,1.72,4.26,4.12,2-1,2.0,1.0,3.0,D,
Brighton,Manchester Red,1.86,3.84,3.82,1-1,1.0,1.0,2.0,N,
Brentford,Everton,1.67,3.96,4.76,4-1,4.0,1.0,5.0,D,
C. Palace,N. Forest,1.65,4.08,4.78,1-0,1.0,0.0,1.0,D,
London Blues,Manchester Blue,3.19,3.45,2.19,1-1,1.0,1.0,2.0,N,
Wolverhampton,Spurs,2.7,3.86,2.32,2-2,2.0,2.0,4.0,N,
Fulham,London Reds,5.55,4.18,1.56,1-1,1.0,1.0,2.0,N,
A. Villa,Liverpool,2.19,4.04,2.8,1-1,1.0,1.0,2.0,N,
Sunderland,Brentford,7.85,4.65,1.39,0-2,0.0,2.0,2.0,E,
Manchester Blue,Wolverhampton,1.17,7.77,13.49,3-0,3.0,0.0,3.0,D,
Everton,A. Villa,2.39,3.14,3.11,3-0,3.0,0.0,3.0,D,
Liverpool,Brighton,1.38,5.37,6.78,2-2,2.0,2.0,4.0,N,
Newcastle,Fulham,1.46,4.65,6.27,0-3,0.0,3.0,3.0,E,
Manchester Red,C. Palace,1.84,3.52,4.29,1-0,1.0,0.0,1.0,D,
Spurs,West Ham,1.59,4.66,4.62,2-2,2.0,2.0,4.0,N,
London Blues,Bournemouth,1.51,4.65,5.42,3-0,3.0,0.0,3.0,D,
N. Forest,London Reds,4.93,3.67,1.71,0-4,0.0,4.0,4.0,E,
Burnley,Leeds,1.99,3.25,3.99,1-3,1.0,3.0,4.0,E,
West Ham,Manchester Blue,5.01,4.02,1.63,1-3,1.0,3.0,4.0,E,
Wolverhampton,London Blues,2.55,3.53,2.6,1-0,1.0,0.0,1.0,D,
London Reds,Manchester Red,1.38,5.01,7.29,3-1,3.0,1.0,4.0,D,
A. Villa,Sunderland,1.37,5.25,7.09,1-3,1.0,3.0,4.0,E,
C. Palace,Liverpool,3.07,3.86,2.1,4-1,4.0,1.0,5.0,D,
Brighton,Everton,1.63,3.85,5.34,4-0,4.0,0.0,4.0,D,
Bournemouth,Brentford,2.5,3.29,2.81,2-1,2.0,1.0,3.0,D,
N. Forest,Newcastle,2.44,3.63,2.67,1-1,1.0,1.0,2.0,N,
Leeds,Spurs,6.53,5.16,1.4,2-1,2.0,1.0,3.0,D,
Fulham,Burnley,1.54,4.74,4.96,0-1,0.0,1.0,1.0,E,
Manchester Red,Newcastle,2.29,3.69,2.84,2-1,2.0,1.0,3.0,D,
Everton,C. Palace,2.44,3.06,3.09,0-0,0.0,0.0,0.0,N,
Wolverhampton,Bournemouth,2.11,3.86,3.05,1-1,1.0,1.0,2.0,N,
London Blues,West Ham,1.52,4.37,5.71,3-0,3.0,0.0,3.0,D,
Liverpool,London Reds,2.3,3.44,2.98,0-2,0.0,2.0,2.0,E,
Manchester Blue,Leeds,1.11,8.98,21.17,4-0,4.0,0.0,4.0,D,
Brentford,A. Villa,1.83,4.05,3.77,2-0,2.0,0.0,2.0,D,
Burnley,N. Forest,2.37,3.46,2.86,3-0,3.0,0.0,3.0,D,
Sunderland,Brighton,7.64,5.49,1.34,0-3,0.0,3.0,3.0,E,
Spurs,Fulham,1.9,4.16,3.41,0-0,0.0,0.0,0.0,N,
Fulham,Manchester Blue,4.28,3.87,1.76,0-1,0.0,1.0,1.0,E,
London Reds,Everton,1.3,5.28,9.77,1-0,1.0,0.0,1.0,D,
Newcastle,Liverpool,1.78,4.24,3.79,2-1,2.0,1.0,3.0,D,
N. Forest,Spurs,2.18,3.89,2.91,2-0,2.0,0.0,2.0,D,
Leeds,London Blues,5.84,4.47,1.5,1-1,1.0,1.0,2.0,N,
C. Palace,Sunderland,1.71,4.02,4.4,3-2,3.0,2.0,5.0,D,
Manchester Red,Burnley,1.43,4.83,6.47,2-1,2.0,1.0,3.0,D,
Brighton,Brentford,1.99,3.72,3.48,1-1,1.0,1.0,2.0,N,
West Ham,Wolverhampton,1.8,3.97,3.94,2-0,2.0,0.0,2.0,D,
Bournemouth,A. Villa,2.22,3.35,3.21,1-2,1.0,2.0,3.0,E,
Bournemouth,A. Villa,2.22,3.33,3.23,,,,,,
West Ham,Manchester Blue,5.48,4.24,1.56,1-3,1.0,3.0,4.0,E,
Sunderland,Leeds,3.16,3.14,2.35,1-3,1.0,3.0,4.0,E,
N. Forest,Brighton,2.19,3.79,2.95,0-1,0.0,1.0,1.0,E,
Wolverhampton,C. Palace,2.48,3.29,2.83,1-2,1.0,2.0,3.0,E,
Burnley,Manchester Red,3.2,3.32,2.24,2-3,2.0,3.0,5.0,E,
London Reds,Brentford,1.47,4.65,6.09,5-0,5.0,0.0,5.0,D,
Spurs,London Blues,1.91,4.23,3.35,2-2,2.0,2.0,4.0,N,
Newcastle,Fulham,1.45,4.67,6.33,1-1,1.0,1.0,2.0,N,
Liverpool,Everton,1.24,5.73,13.02,2-0,2.0,0.0,2.0,D,
Brentford,London Blues,2.06,4.03,3.07,2-1,2.0,1.0,3.0,D,
A. Villa,C. Palace,1.64,4.09,4.86,1-0,1.0,0.0,1.0,D,
Burnley,Liverpool,5.32,4.4,1.55,1-1,1.0,1.0,2.0,N,
Sunderland,Spurs,7.59,5.43,1.34,1-1,1.0,1.0,2.0,N,
Newcastle,N. Forest,1.25,6.2,10.3,4-1,4.0,1.0,5.0,D,
Manchester Red,Brighton,1.94,4.04,3.38,2-1,2.0,1.0,3.0,D,
Manchester Blue,Fulham,1.32,5.54,8.07,1-1,1.0,1.0,2.0,N,
London Reds,Wolverhampton,1.21,6.77,11.34,2-1,2.0,1.0,3.0,D,
Leeds,Everton,3.99,3.21,2.01,3-3,3.0,3.0,6.0,N,
Bournemouth,West Ham,2.0,3.54,3.6,3-1,3.0,1.0,4.0,D,
Everton,Burnley,1.81,3.72,4.18,4-1,4.0,1.0,5.0,D,
Leeds,A. Villa,4.9,3.96,1.66,1-1,1.0,1.0,2.0,N,
Manchester Red,Bournemouth,1.69,4.18,4.36,0-0,0.0,0.0,0.0,N,
Brighton,Sunderland,1.51,4.63,5.51,2-2,2.0,2.0,4.0,N,
C. Palace,N. Forest,1.69,4.03,4.5600000000000005,5-0,5.0,0.0,5.0,D,
London Blues,Newcastle,2.07,3.81,3.17,2-1,2.0,1.0,3.0,D,
Wolverhampton,Spurs,2.72,3.84,2.32,0-0,0.0,0.0,0.0,N,
Fulham,London Reds,5.3,4.05,1.6,2-3,2.0,3.0,5.0,E,
West Ham,Liverpool,3.81,4.17,1.79,1-1,1.0,1.0,2.0,N,
Brentford,Manchester Blue,3.98,4.07,1.78,1-3,1.0,3.0,4.0,E,
Bournemouth,Brentford,2.58,3.32,2.7,5-0,5.0,0.0,5.0,D,
Sunderland,Manchester Red,5.55,3.98,1.59,1-2,1.0,2.0,3.0,E,
Wolverhampton,West Ham,2.1,3.5700000000000003,3.3,0-2,0.0,2.0,2.0,E,
Manchester Blue,A. Villa,1.29,5.76,8.9,2-1,2.0,1.0,3.0,D,
Burnley,Fulham,3.49,3.45,2.07,1-0,1.0,0.0,1.0,D,
N. Forest,Everton,1.82,3.33,4.73,1-0,1.0,0.0,1.0,D,
Liverpool,London Blues,1.35,5.26,7.78,2-0,2.0,0.0,2.0,D,
Newcastle,Brighton,1.47,5.01,5.57,2-1,2.0,1.0,3.0,D,
Spurs,C. Palace,1.86,4.0,3.69,2-2,2.0,2.0,4.0,N,
London Reds,Leeds,1.14,7.64,18.14,4-0,4.0,0.0,4.0,D,
Brentford,Sunderland,1.56,4.71,4.83,3-0,3.0,0.0,3.0,D,
London Blues,Wolverhampton,1.42,4.73,6.87,4-1,4.0,1.0,5.0,D,
Everton,Spurs,2.5700000000000003,3.54,2.5700000000000003,0-1,0.0,1.0,1.0,E,
Leeds,Burnley,3.25,3.89,2.02,1-2,1.0,2.0,3.0,E,
C. Palace,West Ham,1.78,3.89,4.13,3-1,3.0,1.0,4.0,D,
Fulham,N. Forest,1.73,4.17,4.14,2-2,2.0,2.0,4.0,N,
Brighton,Liverpool,2.61,4.01,2.34,1-1,1.0,1.0,2.0,N,
Manchester Red,Newcastle,2.17,3.72,3.02,2-0,2.0,0.0,2.0,D,
Bournemouth,Manchester Blue,5.26,3.73,1.66,3-1,3.0,1.0,4.0,D,
A. Villa,London Reds,3.44,3.7,2.0,1-2,1.0,2.0,3.0,E,
Manchester Red,Sunderland,1.51,4.42,5.8100000000000005,1-2,1.0,2.0,3.0,E,
A. Villa,Bournemouth,1.46,5.04,5.64,2-1,2.0,1.0,3.0,D,
Spurs,London Blues,1.86,4.24,3.47,0-2,0.0,2.0,2.0,E,
West Ham,Brentford,2.56,3.5700000000000003,2.5700000000000003,2-1,2.0,1.0,3.0,D,
Everton,Leeds,1.67,3.44,5.86,3-1,3.0,1.0,4.0,D,
Newcastle,Burnley,1.2,7.09,11.69,0-2,0.0,2.0,2.0,E,
Fulham,Manchester Blue,4.67,4.04,1.67,2-4,2.0,4.0,6.0,E,
N. Forest,C. Palace,2.09,3.32,3.5700000000000003,4-1,4.0,1.0,5.0,D,
Liverpool,Brighton,1.36,5.47,6.95,3-0,3.0,0.0,3.0,D,
London Reds,Wolverhampton,1.22,6.66,11.18,1-1,1.0,1.0,2.0,N,
N. Forest,Sunderland,1.69,3.96,4.63,3-0,3.0,0.0,3.0,D,
Newcastle,Brighton,1.46,5.03,5.74,2-1,2.0,1.0,3.0,D,
Burnley,C. Palace,3.21,3.22,2.28,1-0,1.0,0.0,1.0,D,
Everton,Manchester Blue,5.18,3.4,1.74,1-2,1.0,2.0,3.0,E,
Wolverhampton,Brentford,2.69,3.37,2.56,1-1,1.0,1.0,2.0,N,
London Reds,Leeds,1.15,7.62,17.95,3-0,3.0,0.0,3.0,D,
A. Villa,Spurs,1.66,4.65,4.09,4-1,4.0,1.0,5.0,D,
Manchester Red,London Blues,1.93,3.74,3.65,3-0,3.0,0.0,3.0,D,
Liverpool,Fulham,1.34,5.13,8.26,2-0,2.0,0.0,2.0,D,
West Ham,Bournemouth,2.01,4.03,3.18,6-0,6.0,0.0,6.0,D,
Sunderland,Burnley,4.22,4.09,1.73,3-1,3.0,1.0,4.0,D,
Brighton,N. Forest,1.57,4.44,5.09,3-1,3.0,1.0,4.0,D,
Leeds,Wolverhampton,3.64,3.72,1.94,3-2,3.0,2.0,5.0,D,
Fulham,Manchester Red,2.0,3.72,3.43,1-1,1.0,1.0,2.0,N,
C. Palace,Brentford,2.32,3.47,2.93,0-1,0.0,1.0,1.0,E,
A. Villa,Liverpool,2.08,4.14,2.96,1-1,1.0,1.0,2.0,N,
Bournemouth,London Reds,5.64,3.67,1.64,0-1,0.0,1.0,1.0,E,
Manchester Blue,West Ham,1.2,7.11,11.84,1-1,1.0,1.0,2.0,N,
London Blues,Newcastle,1.97,3.91,3.37,1-1,1.0,1.0,2.0,N,
Spurs,Everton,1.63,4.12,4.91,2-1,2.0,1.0,3.0,D,
Manchester Red,A. Villa,1.83,3.7,4.13,1-2,1.0,2.0,3.0,E,
Newcastle,Fulham,1.45,4.69,6.3,1-1,1.0,1.0,2.0,N,
London Reds,Manchester Blue,2.24,3.68,2.92,2-2,2.0,2.0,4.0,N,
Sunderland,C. Palace,6.08,3.95,1.56,0-1,0.0,1.0,1.0,E,
Burnley,Brighton,3.72,3.94,1.86,2-0,2.0,0.0,2.0,D,
Brentford,Leeds,1.34,5.23,8.0,2-0,2.0,0.0,2.0,D,
N. Forest,London Blues,2.13,3.55,3.24,1-1,1.0,1.0,2.0,N,
West Ham,Spurs,2.5700000000000003,4.08,2.35,3-2,3.0,2.0,5.0,D,
Everton,Liverpool,3.6,3.61,1.98,1-1,1.0,1.0,2.0,N,
Wolverhampton,Bournemouth,2.16,3.82,2.98,1-1,1.0,1.0,2.0,N,
London Blues,Burnley,1.37,5.21,7.17,3-1,3.0,1.0,4.0,D,
Manchester Blue,Wolverhampton,1.17,7.5,13.34,2-1,2.0,1.0,3.0,D,
Bournemouth,Brentford,2.62,3.17,2.76,0-2,0.0,2.0,2.0,E,
C. Palace,Leeds,1.49,4.17,6.76,3-1,3.0,1.0,4.0,D,
Brighton,Sunderland,1.51,4.65,5.46,5-0,5.0,0.0,5.0,D,
Liverpool,West Ham,1.22,6.49,11.34,3-0,3.0,0.0,3.0,D,
A. Villa,Newcastle,1.85,4.22,3.53,4-2,4.0,2.0,6.0,D,
Fulham,N. Forest,1.66,4.31,4.4,1-0,1.0,0.0,1.0,D,
Spurs,London Reds,4.48,4.09,1.69,1-1,1.0,1.0,2.0,N,
Everton,Manchester Red,2.27,3.17,3.29,0-1,0.0,1.0,1.0,E,
Burnley,Fulham,3.39,3.37,2.14,0-1,0.0,1.0,1.0,E,
Newcastle,Everton,1.32,4.91,9.92,2-1,2.0,1.0,3.0,D,
Sunderland,London Blues,6.8,4.59,1.44,1-0,1.0,0.0,1.0,D,
N. Forest,A. Villa,2.02,3.52,3.5700000000000003,3-2,3.0,2.0,5.0,D,
Brighton,C. Palace,1.9,3.66,3.84,2-1,2.0,1.0,3.0,D,
London Reds,Liverpool,1.7000000000000002,4.4,4.1,2-2,2.0,2.0,4.0,N,
West Ham,Manchester Red,2.27,3.56,2.95,1-2,1.0,2.0,3.0,E,
Wolverhampton,Spurs,2.62,3.86,2.38,4-1,4.0,1.0,5.0,D,
Leeds,Bournemouth,4.38,4.26,1.6800000000000002,3-0,3.0,0.0,3.0,D,
Brentford,Manchester Blue,3.77,4.05,1.82,1-3,1.0,3.0,4.0,E,
Fulham,Sunderland,1.65,4.36,4.44,0-3,0.0,3.0,3.0,E,
Everton,N. Forest,1.98,3.4,3.83,2-2,2.0,2.0,4.0,N,
West Ham,Newcastle,2.94,3.89,2.16,1-1,1.0,1.0,2.0,N,
Manchester Blue,Leeds,1.11,8.92,21.78,5-1,5.0,1.0,6.0,D,
Liverpool,Wolverhampton,1.18,7.18,13.57,4-1,4.0,1.0,5.0,D,
Manchester Red,London Reds,4.35,3.53,1.83,0-6,0.0,6.0,6.0,E,
C. Palace,Bournemouth,1.88,3.99,3.61,2-2,2.0,2.0,4.0,N,
London Blues,Brighton,1.81,4.16,3.72,0-3,0.0,3.0,3.0,E,
Spurs,Brentford,1.98,4.03,3.27,2-1,2.0,1.0,3.0,D,
A. Villa,Burnley,1.28,6.18,8.34,2-0,2.0,0.0,2.0,D,
London Reds,Newcastle,1.55,4.75,4.92,1-2,1.0,2.0,3.0,E,
Wolverhampton,Manchester Red,2.35,3.4,2.94,2-1,2.0,1.0,3.0,D,
Bournemouth,Manchester Blue,5.19,3.66,1.6800000000000002,0-2,0.0,2.0,2.0,E,
N. Forest,West Ham,1.78,3.75,4.3,4-0,4.0,0.0,4.0,D,
London Blues,C. Palace,1.72,3.71,4.82,0-0,0.0,0.0,0.0,N,
Sunderland,A. Villa,5.85,4.11,1.55,0-2,0.0,2.0,2.0,E,
Brentford,Liverpool,2.74,4.17,2.19,2-0,2.0,0.0,2.0,D,
Brighton,Fulham,1.97,3.72,3.52,4-1,4.0,1.0,5.0,D,
Leeds,Spurs,5.79,4.88,1.47,4-0,4.0,0.0,4.0,D,
Burnley,Everton,2.65,2.99,2.87,1-1,1.0,1.0,2.0,N,
C. Palace,Spurs,2.24,3.99,2.76,1-1,1.0,1.0,2.0,N,
West Ham,Brighton,2.44,3.99,2.5,2-2,2.0,2.0,4.0,N,
Wolverhampton,Burnley,1.77,4.06,4.04,0-3,0.0,3.0,3.0,E,
A. Villa,Fulham,1.74,4.06,4.18,0-2,0.0,2.0,2.0,E,
N. Forest,Brentford,2.32,3.35,3.03,0-4,0.0,4.0,4.0,E,
Manchester Red,Bournemouth,1.6800000000000002,4.18,4.43,4-1,4.0,1.0,5.0,D,
Liverpool,Manchester Blue,1.97,3.66,3.5700000000000003,1-0,1.0,0.0,1.0,D,
London Reds,Sunderland,1.22,6.69,11.09,2-1,2.0,1.0,3.0,D,
Newcastle,Leeds,1.17,6.9,15.86,2-1,2.0,1.0,3.0,D,
Everton,London Blues,2.61,3.27,2.69,0-3,0.0,3.0,3.0,E,
London Blues,West Ham,1.51,4.42,5.77,6-0,6.0,0.0,6.0,D,
Brighton,London Reds,4.59,3.84,1.72,0-1,0.0,1.0,1.0,E,
A. Villa,C. Palace,1.58,4.24,5.24,2-1,2.0,1.0,3.0,D,
Spurs,Liverpool,2.5700000000000003,4.24,2.3,1-5,1.0,5.0,6.0,E,
Manchester Blue,Manchester Red,1.29,5.79,9.0,1-0,1.0,0.0,1.0,D,
Sunderland,Wolverhampton,4.53,3.75,1.75,0-2,0.0,2.0,2.0,E,
Fulham,Everton,1.8,3.62,4.38,2-0,2.0,0.0,2.0,D,
Leeds,N. Forest,3.69,3.79,1.91,2-3,2.0,3.0,5.0,E,
Brentford,Burnley,1.48,5.05,5.31,4-0,4.0,0.0,4.0,D,
Bournemouth,Newcastle,2.86,3.53,2.34,0-0,0.0,0.0,0.0,N,
Brentford,Sunderland,1.5,4.85,5.29,1-2,1.0,2.0,3.0,E,
West Ham,Fulham,2.47,3.58,2.66,2-2,2.0,2.0,4.0,N,
C. Palace,Liverpool,3.17,3.88,2.05,1-0,1.0,0.0,1.0,D,
N. Forest,Bournemouth,1.81,3.93,3.95,2-1,2.0,1.0,3.0,D,
Wolverhampton,Brighton,2.73,3.84,2.31,0-1,0.0,1.0,1.0,E,
London Reds,London Blues,1.41,5.01,6.51,1-0,1.0,0.0,1.0,D,
Manchester Red,Spurs,1.88,4.06,3.53,5-0,5.0,0.0,5.0,D,
Everton,A. Villa,2.43,3.13,3.03,0-1,0.0,1.0,1.0,E,
Burnley,Leeds,1.99,3.23,4.05,3-1,3.0,1.0,4.0,D,
Newcastle,Manchester Blue,2.29,3.59,2.9,1-2,1.0,2.0,3.0,E,
A. Villa,West Ham,1.43,4.92,6.31,0-2,0.0,2.0,2.0,E,
Fulham,London Reds,5.51,4.09,1.58,1-2,1.0,2.0,3.0,E,
Liverpool,Manchester Red,1.3,5.48,9.44,4-0,4.0,0.0,4.0,D,
Bournemouth,Burnley,1.6800000000000002,4.06,4.5600000000000005,0-1,0.0,1.0,1.0,E,
Brighton,Brentford,2.05,3.7,3.3,3-1,3.0,1.0,4.0,D,
London Blues,Wolverhampton,1.42,4.74,6.87,3-1,3.0,1.0,4.0,D,
Everton,C. Palace,2.41,3.06,3.14,3-2,3.0,2.0,5.0,D,
Spurs,Newcastle,2.18,4.21,2.76,2-2,2.0,2.0,4.0,N,
Manchester Blue,N. Forest,1.18,7.45,12.88,2-0,2.0,0.0,2.0,D,
Leeds,Sunderland,3.69,3.8,1.9,1-1,1.0,1.0,2.0,N,
West Ham,Everton,2.04,3.32,3.73,1-1,1.0,1.0,2.0,N,
Burnley,Manchester Blue,7.95,4.52,1.4,0-0,0.0,0.0,0.0,N,
Brentford,London Blues,1.99,4.1,3.2,4-0,4.0,0.0,4.0,D,
Wolverhampton,Fulham,2.75,3.44,2.46,3-2,3.0,2.0,5.0,D,
Leeds,Brighton,6.25,4.98,1.43,2-2,2.0,2.0,4.0,N,
N. Forest,Spurs,2.22,3.82,2.88,0-1,0.0,1.0,1.0,E,
London Reds,A. Villa,1.35,5.24,7.71,1-1,1.0,1.0,2.0,N,
C. Palace,Manchester Red,2.03,3.56,3.48,2-4,2.0,4.0,6.0,E,
Sunderland,Bournemouth,5.22,4.43,1.56,1-3,1.0,3.0,4.0,E,
Newcastle,Liverpool,1.85,4.14,3.61,1-0,1.0,0.0,1.0,D,
Manchester Red,Newcastle,2.16,3.8,2.99,0-2,0.0,2.0,2.0,E,
A. Villa,Wolverhampton,1.33,5.52,7.91,4-1,4.0,1.0,5.0,D,
Manchester Blue,Sunderland,1.17,7.87,13.07,3-0,3.0,0.0,3.0,D,
Spurs,Burnley,1.4,5.58,6.05,3-0,3.0,0.0,3.0,D,
Bournemouth,Brighton,2.63,3.67,2.45,0-1,0.0,1.0,1.0,E,
Liverpool,N. Forest,1.19,6.96,12.76,5-0,5.0,0.0,5.0,D,
London Blues,Leeds,1.32,5.01,9.91,1-0,1.0,0.0,1.0,D,
Fulham,Brentford,2.29,3.61,2.89,1-0,1.0,0.0,1.0,D,
Everton,London Reds,5.99,3.58,1.63,0-3,0.0,3.0,3.0,E,
West Ham,C. Palace,2.39,3.47,2.84,1-1,1.0,1.0,2.0,N,
Burnley,Liverpool,5.53,4.35,1.54,3-1,3.0,1.0,4.0,D,
Bournemouth,London Blues,2.44,3.41,2.81,2-0,2.0,0.0,2.0,D,
N. Forest,Manchester Red,1.95,3.54,3.79,2-3,2.0,3.0,5.0,E,
Brighton,Manchester Blue,3.69,3.69,1.93,4-2,4.0,2.0,6.0,D,
Leeds,Fulham,5.68,4.17,1.55,1-1,1.0,1.0,2.0,N,
Wolverhampton,Everton,2.12,3.18,3.66,0-2,0.0,2.0,2.0,E,
Brentford,A. Villa,1.91,4.0,3.48,1-1,1.0,1.0,2.0,N,
London Reds,West Ham,1.27,6.0,9.26,4-0,4.0,0.0,4.0,D,
C. Palace,Newcastle,2.58,3.73,2.47,1-1,1.0,1.0,2.0,N,
Sunderland,Spurs,8.26,5.69,1.31,1-0,1.0,0.0,1.0,D,
Liverpool,Sunderland,1.17,7.33,13.82,4-0,4.0,0.0,4.0,D,
Newcastle,N. Forest,1.25,6.13,10.36,4-0,4.0,0.0,4.0,D,
A. Villa,Leeds,1.26,5.75,11.0,3-1,3.0,1.0,4.0,D,
Manchester Red,Burnley,1.45,4.79,6.11,3-0,3.0,0.0,3.0,D,
Everton,Brentford,2.73,3.13,2.67,0-0,0.0,0.0,0.0,N,
Manchester Blue,London Blues,1.32,5.67,7.88,3-0,3.0,0.0,3.0,D,
London Reds,C. Palace,1.39,4.91,7.36,3-2,3.0,2.0,5.0,D,
Spurs,Brighton,1.94,4.44,3.13,2-3,2.0,3.0,5.0,E,
Fulham,Bournemouth,1.82,4.23,3.66,2-1,2.0,1.0,3.0,D,
West Ham,Wolverhampton,1.81,3.96,3.93,3-0,3.0,0.0,3.0,D,
Sunderland,Manchester Red,5.86,3.99,1.56,0-2,0.0,2.0,2.0,E,
Bournemouth,A. Villa,2.25,3.26,3.23,0-3,0.0,3.0,3.0,E,
London Blues,Spurs,1.74,4.29,3.97,3-1,3.0,1.0,4.0,D,
Brentford,West Ham,1.63,4.44,4.5,1-1,1.0,1.0,2.0,N,
Leeds,Everton,3.94,3.27,2.0,1-2,1.0,2.0,3.0,E,
Burnley,Newcastle,4.29,3.93,1.75,1-2,1.0,2.0,3.0,E,
Manchester Blue,Fulham,1.34,5.36,7.72,2-0,2.0,0.0,2.0,D,
C. Palace,N. Forest,1.69,4.01,4.5600000000000005,2-0,2.0,0.0,2.0,D,
Brighton,Liverpool,2.58,3.93,2.39,1-2,1.0,2.0,3.0,E,
Wolverhampton,London Reds,6.84,4.25,1.47,1-1,1.0,1.0,2.0,N,
Sunderland,N. Forest,4.39,3.83,1.75,1-2,1.0,2.0,3.0,E,
Brighton,Newcastle,2.17,3.92,2.91,1-3,1.0,3.0,4.0,E,
C. Palace,Burnley,1.58,4.48,4.94,3-0,3.0,0.0,3.0,D,
Manchester Blue,Everton,1.22,6.16,12.64,5-0,5.0,0.0,5.0,D,
Brentford,Wolverhampton,1.57,4.55,4.92,5-1,5.0,1.0,6.0,D,
Leeds,London Reds,17.86,7.0,1.16,2-3,2.0,3.0,5.0,E,
Spurs,A. Villa,1.81,4.11,3.8,0-0,0.0,0.0,0.0,N,
London Blues,Manchester Red,1.62,3.98,5.24,1-1,1.0,1.0,2.0,N,
Fulham,Liverpool,3.02,3.99,2.09,1-1,1.0,1.0,2.0,N,
Bournemouth,West Ham,2.0,3.52,3.62,1-3,1.0,3.0,4.0,E,
Burnley,Sunderland,2.43,3.48,2.77,1-1,1.0,1.0,2.0,N,
N. Forest,Brighton,2.25,3.77,2.86,1-1,1.0,1.0,2.0,N,
Wolverhampton,Leeds,1.67,3.65,5.29,1-1,1.0,1.0,2.0,N,
Manchester Red,Fulham,1.89,3.65,3.89,2-2,2.0,2.0,4.0,N,
Brentford,C. Palace,1.95,3.83,3.48,2-1,2.0,1.0,3.0,D,
Liverpool,A. Villa,1.29,5.58,9.6,2-1,2.0,1.0,3.0,D,
London Reds,Bournemouth,1.28,6.16,8.43,3-3,3.0,3.0,6.0,N,
West Ham,Manchester Blue,5.08,4.08,1.62,1-1,1.0,1.0,2.0,N,
Newcastle,London Blues,1.44,4.8100000000000005,6.33,3-0,3.0,0.0,3.0,D,
Everton,Spurs,2.54,3.55,2.6,2-1,2.0,1.0,3.0,D,
Fulham,Burnley,1.54,4.8100000000000005,4.97,2-1,2.0,1.0,3.0,D,
Everton,Newcastle,2.88,3.39,2.39,1-1,1.0,1.0,2.0,N,
London Blues,Sunderland,1.42,4.75,6.77,2-0,2.0,0.0,2.0,D,
A. Villa,N. Forest,1.36,5.37,7.33,4-1,4.0,1.0,5.0,D,
C. Palace,Brighton,2.28,3.87,2.76,1-2,1.0,2.0,3.0,E,
Liverpool,London Reds,2.25,3.42,3.09,0-2,0.0,2.0,2.0,E,
Manchester Red,West Ham,1.66,4.03,4.8,2-1,2.0,1.0,3.0,D,
Spurs,Wolverhampton,1.49,4.93,5.43,2-2,2.0,2.0,4.0,N,
Bournemouth,Leeds,1.56,3.8,6.38,3-0,3.0,0.0,3.0,D,
Manchester Blue,Brentford,1.35,5.37,7.54,3-0,3.0,0.0,3.0,D,
Sunderland,Fulham,7.67,4.61,1.4,1-1,1.0,1.0,2.0,N,
N. Forest,Everton,1.81,3.33,4.82,1-3,1.0,3.0,4.0,E,
Newcastle,West Ham,1.29,5.74,9.03,1-0,1.0,0.0,1.0,D,
Leeds,Manchester Blue,15.14,6.84,1.18,0-5,0.0,5.0,5.0,E,
Wolverhampton,Liverpool,3.74,3.96,1.85,2-2,2.0,2.0,4.0,N,
London Reds,Manchester Red,1.35,5.25,7.67,3-1,3.0,1.0,4.0,D,
Bournemouth,C. Palace,2.33,3.19,3.16,2-1,2.0,1.0,3.0,D,
Brighton,London Blues,1.9,3.91,3.59,1-2,1.0,2.0,3.0,E,
Brentford,Spurs,2.04,4.39,2.92,1-2,1.0,2.0,3.0,E,
Burnley,A. Villa,3.17,3.37,2.23,1-3,1.0,3.0,4.0,E,
Newcastle,London Reds,2.69,3.39,2.54,3-1,3.0,1.0,4.0,D,
Manchester Red,Wolverhampton,1.53,4.34,5.67,2-0,2.0,0.0,2.0,D,
Manchester Blue,Bournemouth,1.23,6.89,9.8,0-1,0.0,1.0,1.0,E,
West Ham,N. Forest,1.85,3.92,3.77,3-1,3.0,1.0,4.0,D,
C. Palace,London Blues,2.21,3.62,3.01,1-1,1.0,1.0,2.0,N,
A. Villa,Sunderland,1.37,5.37,6.92,3-1,3.0,1.0,4.0,D,
Liverpool,Brentford,1.38,4.89,7.61,2-2,2.0,2.0,4.0,N,
Fulham,Brighton,2.27,4.05,2.68,3-2,3.0,2.0,5.0,D,
Spurs,Leeds,1.32,5.52,8.41,3-1,3.0,1.0,4.0,D,
Everton,Burnley,1.78,3.79,4.28,1-2,1.0,2.0,3.0,E,
Leeds,Liverpool,9.78,6.08,1.26,0-3,0.0,3.0,3.0,E,
Brentford,Manchester Red,1.89,3.98,3.56,4-1,4.0,1.0,5.0,D,
London Blues,Fulham,1.81,3.74,4.17,2-0,2.0,0.0,2.0,D,
Manchester Blue,C. Palace,1.3,5.54,8.86,3-2,3.0,2.0,5.0,D,
Bournemouth,Spurs,2.53,3.66,2.55,1-2,1.0,2.0,3.0,E,
Sunderland,Everton,4.83,3.35,1.8,1-2,1.0,2.0,3.0,E,
Burnley,West Ham,2.56,3.42,2.65,2-3,2.0,3.0,5.0,E,
Wolverhampton,Newcastle,3.12,3.76,2.11,2-3,2.0,3.0,5.0,E,
N. Forest,London Reds,4.97,3.6,1.72,2-2,2.0,2.0,4.0,N,
Brighton,A. Villa,1.82,3.91,3.94,2-3,2.0,3.0,5.0,E,
Newcastle,Brentford,1.51,4.37,5.9,3-0,3.0,0.0,3.0,D,
Spurs,Manchester Blue,3.63,4.12,1.85,2-2,2.0,2.0,4.0,N,
London Reds,Burnley,1.17,7.76,12.52,3-1,3.0,1.0,4.0,D,
N. Forest,Wolverhampton,1.67,3.89,4.88,4-1,4.0,1.0,5.0,D,
Everton,Brighton,2.71,3.5,2.47,0-2,0.0,2.0,2.0,E,
A. Villa,London Blues,1.6800000000000002,4.3,4.33,2-3,2.0,3.0,5.0,E,
Manchester Red,Leeds,1.38,4.61,8.56,4-0,4.0,0.0,4.0,D,
Liverpool,Bournemouth,1.24,6.47,9.83,2-1,2.0,1.0,3.0,D,
C. Palace,Fulham,2.25,3.49,3.04,1-1,1.0,1.0,2.0,N,
West Ham,Sunderland,1.79,4.02,3.97,0-1,0.0,1.0,1.0,E,
Spurs,C. Palace,1.83,3.98,3.83,1-0,1.0,0.0,1.0,D,
Brighton,West Ham,1.61,4.31,4.83,4-1,4.0,1.0,5.0,D,
Burnley,Wolverhampton,2.51,3.4,2.72,0-1,0.0,1.0,1.0,E,
Fulham,A. Villa,2.16,3.68,3.08,2-2,2.0,2.0,4.0,N,
Brentford,N. Forest,1.54,4.66,5.07,3-1,3.0,1.0,4.0,D,
Bournemouth,Manchester Red,2.23,3.31,3.23,2-2,2.0,2.0,4.0,N,
Manchester Blue,Liverpool,1.59,4.76,4.53,1-1,1.0,1.0,2.0,N,
Sunderland,London Reds,21.86,7.68,1.13,1-3,1.0,3.0,4.0,E,
Leeds,Newcastle,7.28,5.14,1.37,0-1,0.0,1.0,1.0,E,
London Blues,Everton,1.56,3.86,6.3,1-0,1.0,0.0,1.0,D,
West Ham,London Blues,2.46,3.72,2.59,0-4,0.0,4.0,4.0,E,
London Reds,Brighton,1.43,5.27,5.79,1-0,1.0,0.0,1.0,D,
C. Palace,A. Villa,2.1,3.53,3.32,3-0,3.0,0.0,3.0,D,
Liverpool,Spurs,1.36,5.58,6.93,2-1,2.0,1.0,3.0,D,
Manchester Red,Manchester Blue,3.79,3.54,1.95,3-1,3.0,1.0,4.0,D,
Wolverhampton,Sunderland,1.93,3.77,3.61,1-0,1.0,0.0,1.0,D,
Everton,Fulham,2.54,3.17,2.85,0-1,0.0,1.0,1.0,E,
N. Forest,Leeds,1.47,4.11,7.41,1-1,1.0,1.0,2.0,N,
Burnley,Brentford,3.5700000000000003,3.39,2.06,0-2,0.0,2.0,2.0,E,
Newcastle,Bournemouth,1.3,5.79,8.27,4-0,4.0,0.0,4.0,D,
N. Forest,Everton,1.87,3.23,4.64,1-0,1.0,0.0,1.0,D,
C. Palace,Sunderland,1.71,4.0,4.45,2-1,2.0,1.0,3.0,D,
Manchester Red,Bournemouth,1.62,4.35,4.71,1-1,1.0,1.0,2.0,N,
London Blues,Wolverhampton,1.39,4.89,7.44,2-0,2.0,0.0,2.0,D,
Brighton,Fulham,1.89,3.87,3.69,2-1,2.0,1.0,3.0,D,
Spurs,West Ham,1.62,4.55,4.49,4-1,4.0,1.0,5.0,D,
Liverpool,A. Villa,1.3,5.53,9.17,4-0,4.0,0.0,4.0,D,
Burnley,Brentford,3.58,3.34,2.08,1-1,1.0,1.0,2.0,N,
London Reds,Leeds,1.13,8.09,18.96,4-0,4.0,0.0,4.0,D,
Newcastle,Manchester Blue,2.41,3.54,2.76,1-0,1.0,0.0,1.0,D,
Fulham,Leeds,1.49,4.31,6.44,1-2,1.0,2.0,3.0,E,
Wolverhampton,Spurs,2.63,3.93,2.35,0-2,0.0,2.0,2.0,E,
Newcastle,London Reds,2.72,3.4,2.51,0-1,0.0,1.0,1.0,E,
Bournemouth,Liverpool,3.47,3.73,1.98,1-2,1.0,2.0,3.0,E,
Manchester Red,Brighton,1.92,4.03,3.44,1-1,1.0,1.0,2.0,N,
Brentford,Manchester Blue,3.98,4.1,1.77,2-1,2.0,1.0,3.0,D,
Everton,A. Villa,2.4,3.14,3.09,2-0,2.0,0.0,2.0,D,
London Blues,Burnley,1.33,5.52,7.77,2-2,2.0,2.0,4.0,N,
Sunderland,West Ham,5.27,4.11,1.59,0-0,0.0,0.0,0.0,N,
N. Forest,C. Palace,2.11,3.33,3.51,1-2,1.0,2.0,3.0,E,
Burnley,Wolverhampton,2.45,3.45,2.76,2-2,2.0,2.0,4.0,N,
Manchester Blue,Leeds,1.12,8.78,20.06,4-1,4.0,1.0,5.0,D,
West Ham,Brentford,2.53,3.53,2.62,2-0,2.0,0.0,2.0,D,
London Reds,Bournemouth,1.28,6.25,8.52,2-0,2.0,0.0,2.0,D,
Brighton,Newcastle,2.23,3.91,2.81,1-2,1.0,2.0,3.0,E,
Liverpool,Sunderland,1.19,7.06,13.25,3-0,3.0,0.0,3.0,D,
C. Palace,London Blues,2.21,3.63,3.0,4-2,4.0,2.0,6.0,D,
Spurs,Everton,1.65,4.04,4.83,1-5,1.0,5.0,6.0,E,
A. Villa,Fulham,1.63,4.27,4.72,1-2,1.0,2.0,3.0,E,
N. Forest,Manchester Red,1.97,3.5,3.75,2-2,2.0,2.0,4.0,N,
West Ham,Manchester Blue,5.32,4.16,1.58,1-1,1.0,1.0,2.0,N,
Sunderland,London Reds,23.64,8.15,1.12,1-2,1.0,2.0,3.0,E,
Newcastle,N. Forest,1.25,6.17,10.22,3-0,3.0,0.0,3.0,D,
Brentford,Liverpool,2.74,4.18,2.19,2-1,2.0,1.0,3.0,D,
Everton,Burnley,1.77,3.86,4.27,1-1,1.0,1.0,2.0,N,
Leeds,A. Villa,4.87,3.88,1.67,1-2,1.0,2.0,3.0,E,
Bournemouth,Brighton,2.5,3.68,2.58,2-2,2.0,2.0,4.0,N,
Fulham,Spurs,2.26,4.09,2.68,2-0,2.0,0.0,2.0,D,
London Blues,Manchester Red,1.69,3.88,4.79,2-0,2.0,0.0,2.0,D,
Wolverhampton,C. Palace,2.46,3.25,2.89,1-0,1.0,0.0,1.0,D,
Fulham,Newcastle,2.47,3.91,2.5,2-2,2.0,2.0,4.0,N,
London Reds,Manchester Blue,2.19,3.71,2.99,2-2,2.0,2.0,4.0,N,
Liverpool,Brighton,1.34,5.62,7.26,0-5,0.0,5.0,5.0,E,
Everton,Bournemouth,2.09,3.51,3.36,1-2,1.0,2.0,3.0,E,
Sunderland,Wolverhampton,4.29,3.75,1.78,2-2,2.0,2.0,4.0,N,
Spurs,Burnley,1.45,5.34,5.45,0-2,0.0,2.0,2.0,E,
Leeds,Manchester Red,5.2,3.99,1.62,2-2,2.0,2.0,4.0,N,
West Ham,N. Forest,1.82,3.98,3.88,2-1,2.0,1.0,3.0,D,
Brentford,London Blues,2.01,4.02,3.18,2-1,2.0,1.0,3.0,D,
A. Villa,C. Palace,1.61,4.18,5.01,2-0,2.0,0.0,2.0,D,
Brentford,Everton,1.71,3.9,4.61,0-1,0.0,1.0,1.0,E,
Spurs,Manchester Red,1.82,4.14,3.74,2-2,2.0,2.0,4.0,N,
Brighton,Manchester Blue,3.83,3.74,1.88,0-3,0.0,3.0,3.0,E,
Leeds,Bournemouth,4.31,4.23,1.69,0-3,0.0,3.0,3.0,E,
Fulham,Sunderland,1.64,4.29,4.59,0-0,0.0,0.0,0.0,N,
Liverpool,London Blues,1.35,5.26,7.85,3-1,3.0,1.0,4.0,D,
A. Villa,Newcastle,1.86,4.15,3.55,1-3,1.0,3.0,4.0,E,
Burnley,C. Palace,3.43,3.24,2.17,1-2,1.0,2.0,3.0,E,
West Ham,Wolverhampton,1.75,3.99,4.19,2-2,2.0,2.0,4.0,N,
London Reds,N. Forest,1.22,6.62,10.83,3-2,3.0,2.0,5.0,D,
Everton,West Ham,2.1,3.31,3.56,1-1,1.0,1.0,2.0,N,
Sunderland,Leeds,3.23,3.2,2.29,1-5,1.0,5.0,6.0,E,
Newcastle,Spurs,1.45,5.08,5.74,4-0,4.0,0.0,4.0,D,
Wolverhampton,Liverpool,3.8,4.02,1.82,2-1,2.0,1.0,3.0,D,
Fulham,Brentford,2.23,3.64,2.96,4-2,4.0,2.0,6.0,D,
Manchester Red,Burnley,1.45,4.87,6.14,1-0,1.0,0.0,1.0,D,
Manchester Blue,C. Palace,1.3,5.5600000000000005,8.81,3-1,3.0,1.0,4.0,D,
N. Forest,Brighton,2.26,3.84,2.8,3-1,3.0,1.0,4.0,D,
London Blues,London Reds,3.68,3.51,1.99,2-1,2.0,1.0,3.0,D,
Bournemouth,A. Villa,2.21,3.34,3.25,1-2,1.0,2.0,3.0,E,
London Reds,Wolverhampton,1.23,6.52,10.72,2-1,2.0,1.0,3.0,D,
Brighton,London Blues,1.92,3.89,3.55,4-1,4.0,1.0,5.0,D,
N. Forest,Manchester Blue,4.42,3.65,1.79,0-1,0.0,1.0,1.0,E,
West Ham,Fulham,2.39,3.62,2.74,1-1,1.0,1.0,2.0,N,
C. Palace,Manchester Red,2.0,3.56,3.5700000000000003,3-2,3.0,2.0,5.0,D,
A. Villa,Sunderland,1.37,5.29,7.07,1-0,1.0,0.0,1.0,D,
Spurs,Bournemouth,1.66,4.74,4.08,3-2,3.0,2.0,5.0,D,
Burnley,Newcastle,4.5600000000000005,4.01,1.69,2-3,2.0,3.0,5.0,E,
Liverpool,Everton,1.23,5.8,13.39,2-0,2.0,0.0,2.0,D,
Leeds,Brentford,6.11,4.27,1.51,2-1,2.0,1.0,3.0,D,
West Ham,C. Palace,2.38,3.41,2.89,1-0,1.0,0.0,1.0,D,
Everton,Wolverhampton,1.95,3.43,3.93,3-0,3.0,0.0,3.0,D,
Manchester Blue,Bournemouth,1.23,6.98,9.85,5-0,5.0,0.0,5.0,D,
Leeds,N. Forest,3.65,3.76,1.92,1-2,1.0,2.0,3.0,E,
Spurs,London Reds,4.5,4.22,1.66,2-2,2.0,2.0,4.0,N,
Brentford,Manchester Red,1.85,4.06,3.64,0-0,0.0,0.0,0.0,N,
Sunderland,Newcastle,9.61,5.72,1.28,0-5,0.0,5.0,5.0,E,
Liverpool,Burnley,1.16,7.88,13.64,3-1,3.0,1.0,4.0,D,
Fulham,London Blues,2.19,3.78,2.94,1-3,1.0,3.0,4.0,E,
A. Villa,Brighton,1.7000000000000002,4.5,3.99,2-2,2.0,2.0,4.0,N,
London Blues,Leeds,1.3,5.21,10.42,0-2,0.0,2.0,2.0,E,
Newcastle,Brentford,1.51,4.37,5.92,1-0,1.0,0.0,1.0,D,
Bournemouth,Sunderland,1.81,3.73,4.2,2-1,2.0,1.0,3.0,D,
Burnley,London Reds,9.8,4.75,1.34,0-4,0.0,4.0,4.0,E,
C. Palace,Liverpool,3.16,3.85,2.07,0-1,0.0,1.0,1.0,E,
Manchester Red,West Ham,1.59,4.17,5.24,0-1,0.0,1.0,1.0,E,
Wolverhampton,Fulham,2.69,3.45,2.51,1-2,1.0,2.0,3.0,E,
Brighton,Spurs,1.96,4.24,3.2,1-1,1.0,1.0,2.0,N,
N. Forest,A. Villa,2.0,3.55,3.59,3-0,3.0,0.0,3.0,D,
Everton,Manchester Blue,5.37,3.58,1.6800000000000002,3-2,3.0,2.0,5.0,D,
A. Villa,London Blues,1.62,4.4,4.63,4-1,4.0,1.0,5.0,D,
Leeds,Wolverhampton,3.7,3.68,1.93,3-1,3.0,1.0,4.0,D,
Brentford,Bournemouth,1.6800000000000002,4.62,4.05,1-0,1.0,0.0,1.0,D,
Spurs,N. Forest,1.55,4.71,4.97,4-2,4.0,2.0,6.0,D,
London Reds,C. Palace,1.38,4.95,7.62,1-1,1.0,1.0,2.0,N,
Fulham,Everton,1.88,3.5,4.15,4-0,4.0,0.0,4.0,D,
Manchester Blue,Sunderland,1.17,7.79,13.09,3-0,3.0,0.0,3.0,D,
West Ham,Newcastle,2.74,3.84,2.3,0-3,0.0,3.0,3.0,E,
Liverpool,Manchester Red,1.3,5.43,9.17,3-0,3.0,0.0,3.0,D,
Burnley,Brighton,3.66,3.94,1.88,0-0,0.0,0.0,0.0,N,
N. Forest,Burnley,1.53,4.47,5.46,1-1,1.0,1.0,2.0,N,
Fulham,Manchester Blue,4.62,4.06,1.6800000000000002,0-0,0.0,0.0,0.0,N,
Wolverhampton,A. Villa,2.48,3.41,2.75,1-1,1.0,1.0,2.0,N,
Sunderland,Brentford,7.74,4.53,1.41,0-1,0.0,1.0,1.0,E,
Newcastle,Liverpool,1.78,4.18,3.86,2-0,2.0,0.0,2.0,D,
Manchester Red,London Reds,4.12,3.46,1.89,2-1,2.0,1.0,3.0,D,
London Blues,Spurs,1.78,4.25,3.82,4-1,4.0,1.0,5.0,D,
C. Palace,Brighton,2.21,3.94,2.83,3-0,3.0,0.0,3.0,D,
Bournemouth,West Ham,1.93,3.56,3.84,2-4,2.0,4.0,6.0,E,
Everton,Leeds,1.69,3.37,5.82,1-2,1.0,2.0,3.0,E,
Leeds,Fulham,5.35,4.07,1.59,2-2,2.0,2.0,4.0,N,
Spurs,Wolverhampton,1.5,4.88,5.33,2-2,2.0,2.0,4.0,N,
London Reds,Newcastle,1.55,4.63,5.04,2-0,2.0,0.0,2.0,D,
Liverpool,Bournemouth,1.22,6.78,10.74,2-1,2.0,1.0,3.0,D,
Brighton,Manchester Red,1.83,3.82,3.96,1-1,1.0,1.0,2.0,N,
Manchester Blue,Brentford,1.36,5.21,7.4,3-2,3.0,2.0,5.0,D,
A. Villa,Everton,1.48,4.31,6.58,2-2,2.0,2.0,4.0,N,
Burnley,London Blues,3.46,3.5700000000000003,2.04,2-2,2.0,2.0,4.0,N,
West Ham,Sunderland,1.82,4.04,3.81,3-1,3.0,1.0,4.0,D,
C. Palace,N. Forest,1.73,3.97,4.34,0-0,0.0,0.0,0.0,N,
Manchester Blue,West Ham,1.22,6.78,11.1,1-3,1.0,3.0,4.0,E,
London Reds,Sunderland,1.21,6.92,11.26,2-1,2.0,1.0,3.0,D,
N. Forest,Newcastle,2.47,3.62,2.64,0-1,0.0,1.0,1.0,E,
Liverpool,Brentford,1.41,4.75,7.08,3-1,3.0,1.0,4.0,D,
Burnley,Everton,2.79,2.92,2.79,2-2,2.0,2.0,4.0,N,
A. Villa,Leeds,1.23,6.15,11.86,1-0,1.0,0.0,1.0,D,
Brighton,Bournemouth,1.64,4.44,4.43,2-2,2.0,2.0,4.0,N,
Spurs,Fulham,1.91,4.05,3.44,2-0,2.0,0.0,2.0,D,
Manchester Red,London Blues,1.85,3.81,3.88,0-0,0.0,0.0,0.0,N,
C. Palace,Wolverhampton,1.67,4.01,4.75,3-1,3.0,1.0,4.0,D,
A. Villa,Burnley,1.3,6.02,7.87,2-2,2.0,2.0,4.0,N,
Leeds,C. Palace,4.89,3.71,1.71,0-0,0.0,0.0,0.0,N,
Brentford,N. Forest,1.56,4.66,4.9,3-2,3.0,2.0,5.0,D,
Everton,Newcastle,2.9,3.36,2.4,1-0,1.0,0.0,1.0,D,
Liverpool,London Reds,2.29,3.41,3.03,4-1,4.0,1.0,5.0,D,
Fulham,Manchester Red,2.01,3.73,3.4,1-1,1.0,1.0,2.0,N,
Bournemouth,Wolverhampton,1.86,3.65,4.04,1-4,1.0,4.0,5.0,E,
Sunderland,London Blues,7.2,4.69,1.41,0-1,0.0,1.0,1.0,E,
West Ham,Brighton,2.55,4.02,2.39,3-1,3.0,1.0,4.0,D,
Spurs,Manchester Blue,3.76,4.03,1.83,1-2,1.0,2.0,3.0,E,
Newcastle,Fulham,1.43,4.72,6.79,2-0,2.0,0.0,2.0,D,
Manchester Blue,London Reds,2.2,3.66,3.01,3-3,3.0,3.0,6.0,N,
Brighton,Liverpool,2.58,3.98,2.37,3-0,3.0,0.0,3.0,D,
Bournemouth,Everton,2.09,3.07,3.92,3-1,3.0,1.0,4.0,D,
Wolverhampton,Sunderland,1.89,3.76,3.75,2-0,2.0,0.0,2.0,D,
Burnley,Spurs,3.56,3.93,1.9,3-2,3.0,2.0,5.0,D,
Manchester Red,Leeds,1.38,4.59,8.47,2-0,2.0,0.0,2.0,D,
N. Forest,West Ham,1.8,3.8,4.12,3-1,3.0,1.0,4.0,D,
London Blues,Brentford,1.87,3.65,4.0,3-1,3.0,1.0,4.0,D,
C. Palace,A. Villa,2.08,3.46,3.44,2-3,2.0,3.0,5.0,E,
Everton,Brentford,2.65,3.17,2.73,2-2,2.0,2.0,4.0,N,
Manchester Red,Spurs,2.02,3.95,3.22,2-2,2.0,2.0,4.0,N,
Manchester Blue,Brighton,1.33,5.98,6.97,3-3,3.0,3.0,6.0,N,
Bournemouth,Leeds,1.62,3.66,5.9,1-0,1.0,0.0,1.0,D,
Sunderland,Fulham,6.97,4.41,1.45,0-2,0.0,2.0,2.0,E,
London Blues,Liverpool,2.21,3.86,2.87,0-0,0.0,0.0,0.0,N,
Newcastle,A. Villa,1.39,4.93,7.37,1-3,1.0,3.0,4.0,E,
C. Palace,Burnley,1.6,4.33,4.92,2-1,2.0,1.0,3.0,D,
Wolverhampton,West Ham,2.0,3.69,3.45,5-1,5.0,1.0,6.0,D,
N. Forest,London Reds,5.03,3.63,1.71,0-1,0.0,1.0,1.0,E,
Leeds,Liverpool,9.59,5.95,1.27,1-2,1.0,2.0,3.0,E,
Wolverhampton,N. Forest,1.96,3.69,3.6,1-1,1.0,1.0,2.0,N,
West Ham,A. Villa,2.29,3.59,2.9,1-3,1.0,3.0,4.0,E,
Bournemouth,C. Palace,2.31,3.21,3.18,2-1,2.0,1.0,3.0,D,
Brentford,Spurs,2.03,4.39,2.95,0-3,0.0,3.0,3.0,E,
Manchester Blue,London Blues,1.34,5.58,7.52,3-2,3.0,2.0,5.0,D,
Everton,Brighton,2.59,3.53,2.56,5-1,5.0,1.0,6.0,D,
Sunderland,Burnley,3.9,3.95,1.82,0-3,0.0,3.0,3.0,E,
Newcastle,Manchester Red,1.4,4.8,7.34,3-2,3.0,2.0,5.0,D,
Fulham,London Reds,5.47,4.15,1.57,0-1,0.0,1.0,1.0,E,
Everton,N. Forest,1.93,3.43,4.01,1-2,1.0,2.0,3.0,E,
Manchester Blue,Bournemouth,1.22,7.09,9.99,1-0,1.0,0.0,1.0,D,
Burnley,Fulham,3.43,3.4,2.11,0-2,0.0,2.0,2.0,E,
Wolverhampton,A. Villa,2.46,3.36,2.81,1-3,1.0,3.0,4.0,E,
London Reds,Sunderland,1.23,6.59,10.84,3-1,3.0,1.0,4.0,D,
Newcastle,West Ham,1.28,5.79,9.29,2-1,2.0,1.0,3.0,D,
C. Palace,Liverpool,2.93,3.84,2.18,1-1,1.0,1.0,2.0,N,
Brighton,Leeds,1.36,4.86,8.37,4-1,4.0,1.0,5.0,D,
Spurs,London Blues,1.97,4.17,3.2,4-2,4.0,2.0,6.0,D,
Brentford,Manchester Red,1.87,4.03,3.61,2-1,2.0,1.0,3.0,D,
Manchester Red,Spurs,1.95,3.99,3.36,3-0,3.0,0.0,3.0,D,
Leeds,C. Palace,5.1,3.81,1.66,0-2,0.0,2.0,2.0,E,
N. Forest,Manchester Blue,4.32,3.62,1.81,2-0,2.0,0.0,2.0,D,
Fulham,Brighton,2.26,4.07,2.69,0-3,0.0,3.0,3.0,E,
Sunderland,Burnley,3.89,4.01,1.81,0-3,0.0,3.0,3.0,E,
Bournemouth,Brentford,2.59,3.28,2.72,1-0,1.0,0.0,1.0,D,
Liverpool,Newcastle,1.42,5.03,6.3,3-0,3.0,0.0,3.0,D,
A. Villa,Everton,1.49,4.26,6.45,3-1,3.0,1.0,4.0,D,
London Blues,West Ham,1.49,4.51,5.96,,,,,,
London Reds,Wolverhampton,1.21,6.84,11.35,1-2,1.0,2.0,3.0,E,
West Ham,Liverpool,3.55,4.12,1.87,3-0,3.0,0.0,3.0,D,
Brighton,Sunderland,1.52,4.5600000000000005,5.53,3-1,3.0,1.0,4.0,D,
Manchester Red,London Blues,1.86,3.84,3.82,1-0,1.0,0.0,1.0,D,
Everton,London Reds,6.24,3.68,1.59,0-1,0.0,1.0,1.0,E,
Newcastle,Leeds,1.17,6.84,16.43,2-1,2.0,1.0,3.0,D,
Burnley,Wolverhampton,2.37,3.41,2.9,1-3,1.0,3.0,4.0,E,
Manchester Blue,A. Villa,1.27,6.01,9.48,3-1,3.0,1.0,4.0,D,
C. Palace,Fulham,2.21,3.47,3.14,2-1,2.0,1.0,3.0,D,
Spurs,Bournemouth,1.67,4.69,4.06,1-3,1.0,3.0,4.0,E,
Brentford,N. Forest,1.54,4.78,4.96,4-0,4.0,0.0,4.0,D,
Wolverhampton,Brighton,2.62,3.78,2.41,2-1,2.0,1.0,3.0,D,
Bournemouth,Manchester Red,2.35,3.24,3.07,1-1,1.0,1.0,2.0,N,
London Reds,Manchester Blue,2.2,3.71,2.97,1-0,1.0,0.0,1.0,D,
A. Villa,Brentford,1.72,4.06,4.28,3-1,3.0,1.0,4.0,D,
London Blues,Liverpool,2.26,3.8,2.83,0-0,0.0,0.0,0.0,N,
Fulham,Newcastle,2.58,3.94,2.39,4-1,4.0,1.0,5.0,D,
Leeds,West Ham,4.16,3.84,1.79,0-4,0.0,4.0,4.0,E,
Burnley,Everton,2.69,2.96,2.85,0-0,0.0,0.0,0.0,N,
N. Forest,Spurs,2.21,3.84,2.88,4-2,4.0,2.0,6.0,D,
Sunderland,C. Palace,6.32,4.05,1.53,1-0,1.0,0.0,1.0,D,
Spurs,A. Villa,1.8,4.13,3.82,0-0,0.0,0.0,0.0,N,
Manchester Red,N. Forest,1.52,4.34,5.77,4-1,4.0,1.0,5.0,D,
West Ham,Fulham,2.43,3.63,2.68,1-2,1.0,2.0,3.0,E,
C. Palace,Wolverhampton,1.71,3.95,4.53,1-0,1.0,0.0,1.0,D,
Liverpool,Leeds,1.12,8.32,22.13,3-1,3.0,1.0,4.0,D,
Brighton,Everton,1.61,3.86,5.6,2-0,2.0,0.0,2.0,D,
Bournemouth,London Blues,2.44,3.4,2.8200000000000003,0-3,0.0,3.0,3.0,E,
Newcastle,Sunderland,1.23,6.5,10.61,1-1,1.0,1.0,2.0,N,
Brentford,London Reds,4.75,4.27,1.62,1-1,1.0,1.0,2.0,N,
Manchester Blue,Burnley,1.16,8.3,12.93,5-0,5.0,0.0,5.0,D,
Manchester Red,London Reds,4.28,3.51,1.84,1-2,1.0,2.0,3.0,E,
C. Palace,Manchester Blue,4.27,3.66,1.81,3-1,3.0,1.0,4.0,D,
Brentford,Brighton,2.03,4.32,2.99,3-0,3.0,0.0,3.0,D,
Liverpool,Sunderland,1.18,7.27,13.43,0-0,0.0,0.0,0.0,N,
Leeds,Fulham,5.75,4.2,1.54,2-1,2.0,1.0,3.0,D,
N. Forest,London Blues,2.1,3.6,3.26,0-3,0.0,3.0,3.0,E,
Newcastle,Everton,1.36,4.69,9.01,1-1,1.0,1.0,2.0,N,
West Ham,Wolverhampton,1.81,3.93,3.95,2-1,2.0,1.0,3.0,D,
Spurs,Burnley,1.45,5.29,5.52,4-0,4.0,0.0,4.0,D,
Bournemouth,A. Villa,2.26,3.27,3.21,0-1,0.0,1.0,1.0,E,
Fulham,Sunderland,1.69,4.24,4.29,1-1,1.0,1.0,2.0,N,
Newcastle,Brentford,1.52,4.38,5.8100000000000005,0-0,0.0,0.0,0.0,N,
Manchester Red,Brighton,1.94,4.01,3.39,2-0,2.0,0.0,2.0,D,
Leeds,Wolverhampton,3.65,3.71,1.93,2-1,2.0,1.0,3.0,D,
West Ham,Manchester Blue,4.93,4.08,1.63,1-4,1.0,4.0,5.0,E,
Liverpool,Everton,1.26,5.48,11.91,5-0,5.0,0.0,5.0,D,
Bournemouth,Burnley,1.66,4.09,4.66,3-1,3.0,1.0,4.0,D,
A. Villa,London Blues,1.6800000000000002,4.25,4.36,1-1,1.0,1.0,2.0,N,
N. Forest,London Reds,5.05,3.63,1.7000000000000002,1-0,1.0,0.0,1.0,D,
Spurs,C. Palace,1.85,3.98,3.72,0-0,0.0,0.0,0.0,N,
Brentford,West Ham,1.64,4.46,4.4,2-0,2.0,0.0,2.0,D,
Wolverhampton,Fulham,2.66,3.46,2.53,3-1,3.0,1.0,4.0,D,
C. Palace,Manchester Red,2.05,3.51,3.47,0-0,0.0,0.0,0.0,N,
London Reds,A. Villa,1.37,5.12,7.53,4-1,4.0,1.0,5.0,D,
Manchester Blue,Liverpool,1.58,4.78,4.5600000000000005,3-0,3.0,0.0,3.0,D,
Everton,Leeds,1.67,3.43,5.89,3-2,3.0,2.0,5.0,D,
London Blues,Sunderland,1.38,5.02,7.37,2-1,2.0,1.0,3.0,D,
Burnley,N. Forest,2.46,3.46,2.74,1-2,1.0,2.0,3.0,E,
Brighton,Bournemouth,1.65,4.45,4.38,0-2,0.0,2.0,2.0,E,
Newcastle,Spurs,1.48,4.96,5.47,1-2,1.0,2.0,3.0,E,
Leeds,Manchester Blue,14.06,6.47,1.2,0-2,0.0,2.0,2.0,E,
A. Villa,Burnley,1.32,5.87,7.58,4-0,4.0,0.0,4.0,D,
West Ham,Spurs,2.49,4.01,2.45,1-1,1.0,1.0,2.0,N,
Bournemouth,C. Palace,2.36,3.17,3.12,0-1,0.0,1.0,1.0,E,
Liverpool,Brentford,1.39,4.83,7.4,4-0,4.0,0.0,4.0,D,
Fulham,Everton,1.88,3.48,4.14,2-1,2.0,1.0,3.0,D,
Manchester Red,Newcastle,2.16,3.74,3.04,0-0,0.0,0.0,0.0,N,
London Reds,London Blues,1.42,5.08,6.35,5-1,5.0,1.0,6.0,D,
Sunderland,Wolverhampton,4.5,3.84,1.73,4-0,4.0,0.0,4.0,D,
N. Forest,Brighton,2.17,3.79,2.99,2-0,2.0,0.0,2.0,D,
Brighton,Newcastle,2.21,3.88,2.85,1-2,1.0,2.0,3.0,E,
A. Villa,Leeds,1.23,6.19,11.86,2-0,2.0,0.0,2.0,D,
Manchester Blue,Brentford,1.39,5.1,6.89,4-2,4.0,2.0,6.0,D,
Wolverhampton,Manchester Red,2.3,3.44,2.99,1-1,1.0,1.0,2.0,N,
Burnley,West Ham,2.62,3.39,2.61,2-0,2.0,0.0,2.0,D,
Sunderland,Bournemouth,5.03,4.32,1.59,1-1,1.0,1.0,2.0,N,
Everton,Spurs,2.68,3.5700000000000003,2.45,1-0,1.0,0.0,1.0,D,
Fulham,N. Forest,1.74,4.14,4.1,0-0,0.0,0.0,0.0,N,
London Reds,Liverpool,1.79,4.29,3.75,1-0,1.0,0.0,1.0,D,
C. Palace,London Blues,2.14,3.69,3.11,1-2,1.0,2.0,3.0,E,
Liverpool,Burnley,1.16,8.02,13.87,1-2,1.0,2.0,3.0,E,
Spurs,Manchester Blue,3.61,4.06,1.86,1-0,1.0,0.0,1.0,D,
Bournemouth,Wolverhampton,1.87,3.63,3.99,3-1,3.0,1.0,4.0,D,
Newcastle,C. Palace,1.42,4.5600000000000005,7.19,3-0,3.0,0.0,3.0,D,
London Blues,Brentford,1.92,3.63,3.79,0-1,0.0,1.0,1.0,E,
N. Forest,Sunderland,1.65,4.09,4.8,2-1,2.0,1.0,3.0,D,
Fulham,A. Villa,2.01,3.72,3.41,0-1,0.0,1.0,1.0,E,
Manchester Red,Everton,1.67,3.53,5.65,2-0,2.0,0.0,2.0,D,
Leeds,London Reds,18.71,7.32,1.15,1-2,1.0,2.0,3.0,E,
West Ham,Brighton,2.68,4.0,2.29,2-2,2.0,2.0,4.0,N,
Manchester Blue,Manchester Red,1.26,6.02,9.73,3-0,3.0,0.0,3.0,D,
Burnley,Leeds,2.0,3.29,3.92,0-0,0.0,0.0,0.0,N,
Brentford,Spurs,2.07,4.35,2.89,2-1,2.0,1.0,3.0,D,
London Reds,Fulham,1.4,4.99,6.79,4-2,4.0,2.0,6.0,D,
Newcastle,London Blues,1.46,4.67,6.21,5-1,5.0,1.0,6.0,D,
Sunderland,A. Villa,5.71,4.02,1.57,1-5,1.0,5.0,6.0,E,
Wolverhampton,N. Forest,1.97,3.65,3.61,1-2,1.0,2.0,3.0,E,
C. Palace,West Ham,1.79,3.92,4.06,3-3,3.0,3.0,6.0,N,
Brighton,Liverpool,2.47,3.93,2.5,1-4,1.0,4.0,5.0,E,
Everton,Bournemouth,2.07,3.56,3.37,2-1,2.0,1.0,3.0,D,
Spurs,Manchester Red,1.76,4.16,3.96,2-1,2.0,1.0,3.0,D,
C. Palace,Leeds,1.49,4.19,6.73,2-1,2.0,1.0,3.0,D,
Manchester Blue,N. Forest,1.19,7.29,12.12,4-0,4.0,0.0,4.0,D,
Brighton,Fulham,1.95,3.83,3.49,1-0,1.0,0.0,1.0,D,
Burnley,Sunderland,2.48,3.48,2.71,1-0,1.0,0.0,1.0,D,
Brentford,Bournemouth,1.71,4.63,3.87,3-2,3.0,2.0,5.0,D,
Newcastle,Liverpool,1.78,4.15,3.89,1-3,1.0,3.0,4.0,E,
Everton,A. Villa,2.38,3.13,3.12,3-0,3.0,0.0,3.0,D,
West Ham,London Blues,2.44,3.72,2.62,2-1,2.0,1.0,3.0,D,
Wolverhampton,London Reds,6.51,4.16,1.5,2-2,2.0,2.0,4.0,N,
Liverpool,West Ham,1.23,6.31,11.06,3-2,3.0,2.0,5.0,D,
Sunderland,Brighton,7.45,5.18,1.36,1-0,1.0,0.0,1.0,D,
London Blues,Manchester Red,1.64,3.95,5.11,3-3,3.0,3.0,6.0,N,
London Reds,Everton,1.3,5.27,10.1,3-2,3.0,2.0,5.0,D,
Leeds,Newcastle,7.53,5.18,1.36,4-0,4.0,0.0,4.0,D,
Wolverhampton,Burnley,1.76,4.07,4.04,1-4,1.0,4.0,5.0,E,
A. Villa,Manchester Blue,2.8200000000000003,3.63,2.33,2-1,2.0,1.0,3.0,D,
Fulham,C. Palace,2.04,3.62,3.4,1-3,1.0,3.0,4.0,E,
Bournemouth,Spurs,2.39,3.73,2.68,2-2,2.0,2.0,4.0,N,
N. Forest,Brentford,2.25,3.39,3.12,0-0,0.0,0.0,0.0,N,
Liverpool,Fulham,1.33,5.27,8.34,1-1,1.0,1.0,2.0,N,
Manchester Red,A. Villa,1.79,3.73,4.27,1-1,1.0,1.0,2.0,N,
Bournemouth,N. Forest,1.82,3.7,4.19,1-0,1.0,0.0,1.0,D,
West Ham,Sunderland,1.8,3.99,3.93,1-1,1.0,1.0,2.0,N,
Brentford,Burnley,1.49,5.09,5.18,3-1,3.0,1.0,4.0,D,
Newcastle,Wolverhampton,1.27,5.91,9.77,4-1,4.0,1.0,5.0,D,
Spurs,London Reds,4.22,4.11,1.73,0-2,0.0,2.0,2.0,E,
C. Palace,Everton,1.82,3.41,4.57,0-0,0.0,0.0,0.0,N,
Manchester Blue,Brighton,1.34,5.9,6.98,3-1,3.0,1.0,4.0,D,
Leeds,London Blues,5.94,4.51,1.49,0-3,0.0,3.0,3.0,E,
London Reds,Manchester Red,1.38,4.98,7.33,2-1,2.0,1.0,3.0,D,
Manchester Blue,C. Palace,1.28,5.76,9.44,3-1,3.0,1.0,4.0,D,
Brighton,Brentford,2.08,3.67,3.27,2-3,2.0,3.0,5.0,E,
Sunderland,Liverpool,12.71,6.74,1.2,1-4,1.0,4.0,5.0,E,
Fulham,Leeds,1.49,4.33,6.35,3-1,3.0,1.0,4.0,D,
London Blues,N. Forest,1.43,4.77,6.54,2-2,2.0,2.0,4.0,N,
Everton,Newcastle,2.89,3.41,2.38,2-1,2.0,1.0,3.0,D,
Wolverhampton,West Ham,2.11,3.65,3.19,2-3,2.0,3.0,5.0,E,
Burnley,Spurs,3.64,3.94,1.88,1-2,1.0,2.0,3.0,E,
A. Villa,Bournemouth,1.44,5.18,5.72,5-0,5.0,0.0,5.0,D,
Bournemouth,London Reds,5.73,3.71,1.62,0-0,0.0,0.0,0.0,N,
Brentford,C. Palace,1.86,3.95,3.73,3-0,3.0,0.0,3.0,D,
West Ham,Everton,2.03,3.38,3.69,2-2,2.0,2.0,4.0,N,
Spurs,Brighton,1.92,4.45,3.17,2-2,2.0,2.0,4.0,N,
Leeds,Sunderland,3.74,3.82,1.89,4-1,4.0,1.0,5.0,D,
Manchester Red,Burnley,1.41,5.0,6.62,1-4,1.0,4.0,5.0,E,
N. Forest,A. Villa,1.97,3.54,3.69,1-2,1.0,2.0,3.0,E,
Fulham,London Blues,2.22,3.83,2.86,2-0,2.0,0.0,2.0,D,
Newcastle,Manchester Blue,2.32,3.51,2.9,1-2,1.0,2.0,3.0,E,
Liverpool,Wolverhampton,1.19,6.96,13.27,4-0,4.0,0.0,4.0,D,
Sunderland,Fulham,7.16,4.4,1.44,0-3,0.0,3.0,3.0,E,
Brentford,Newcastle,2.38,4.08,2.53,2-0,2.0,0.0,2.0,D,
Brighton,Manchester Red,1.81,3.89,3.98,2-1,2.0,1.0,3.0,D,
Wolverhampton,Leeds,1.65,3.76,5.32,3-1,3.0,1.0,4.0,D,
Manchester Blue,West Ham,1.21,6.9,11.08,2-2,2.0,2.0,4.0,N,
Everton,Liverpool,3.69,3.53,1.98,1-2,1.0,2.0,3.0,E,
Burnley,Bournemouth,2.8200000000000003,3.62,2.34,2-1,2.0,1.0,3.0,D,
London Blues,A. Villa,1.66,3.92,4.91,1-1,1.0,1.0,2.0,N,
London Reds,N. Forest,1.23,6.45,10.57,2-2,2.0,2.0,4.0,N,
C. Palace,Spurs,2.21,3.9,2.84,1-1,1.0,1.0,2.0,N,
Burnley,Liverpool,5.55,4.36,1.54,3-2,3.0,2.0,5.0,D,
Manchester Blue,Spurs,1.35,5.91,6.77,3-2,3.0,2.0,5.0,D,
Wolverhampton,Bournemouth,2.14,3.79,3.03,0-0,0.0,0.0,0.0,N,
C. Palace,Newcastle,2.47,3.77,2.5700000000000003,1-2,1.0,2.0,3.0,E,
Brentford,London Blues,2.01,4.13,3.13,3-0,3.0,0.0,3.0,D,
Sunderland,N. Forest,4.43,3.83,1.74,0-3,0.0,3.0,3.0,E,
A. Villa,Fulham,1.66,4.2,4.53,3-2,3.0,2.0,5.0,D,
Everton,Manchester Red,2.32,3.16,3.2,0-1,0.0,1.0,1.0,E,
London Reds,Leeds,1.14,7.68,18.02,4-0,4.0,0.0,4.0,D,
Brighton,West Ham,1.59,4.35,4.96,3-0,3.0,0.0,3.0,D,
Wolverhampton,Brighton,2.6,3.86,2.4,,,,,,
Liverpool,Fulham,1.35,5.08,8.2,3-0,3.0,0.0,3.0,D,
Sunderland,Bournemouth,5.3,4.41,1.55,0-1,0.0,1.0,1.0,E,
London Blues,Everton,1.57,3.86,6.06,,,,,,
Manchester Blue,Spurs,1.33,6.07,7.04,3-1,3.0,1.0,4.0,D,
London Reds,Brentford,1.5,4.54,5.77,4-1,4.0,1.0,5.0,D,
Leeds,West Ham,4.23,3.87,1.77,1-1,1.0,1.0,2.0,N,
Newcastle,Burnley,1.21,6.97,10.86,5-1,5.0,1.0,6.0,D,
C. Palace,A. Villa,2.15,3.5,3.24,2-0,2.0,0.0,2.0,D,
N. Forest,Manchester Red,2.01,3.48,3.64,0-4,0.0,4.0,4.0,E,
Liverpool,Manchester Blue,2.0,3.67,3.47,0-0,0.0,0.0,0.0,N,
Everton,West Ham,2.13,3.33,3.45,3-1,3.0,1.0,4.0,D,
Leeds,Brentford,6.01,4.23,1.52,4-0,4.0,0.0,4.0,D,
Wolverhampton,Burnley,1.8,3.98,3.96,2-1,2.0,1.0,3.0,D,
A. Villa,Fulham,1.67,4.2,4.47,1-0,1.0,0.0,1.0,D,
Manchester Red,Spurs,1.98,3.98,3.3,2-2,2.0,2.0,4.0,N,
N. Forest,Newcastle,2.51,3.62,2.6,2-1,2.0,1.0,3.0,D,
Brighton,Bournemouth,1.65,4.44,4.4,3-1,3.0,1.0,4.0,D,
London Blues,Sunderland,1.43,4.73,6.69,4-1,4.0,1.0,5.0,D,
C. Palace,London Reds,5.51,3.96,1.6,0-3,0.0,3.0,3.0,E,
Bournemouth,A. Villa,2.3,3.3,3.1,1-0,1.0,0.0,1.0,D,
Brentford,Manchester Red,1.8,4.06,3.88,2-1,2.0,1.0,3.0,D,
West Ham,Fulham,2.31,3.59,2.86,0-1,0.0,1.0,1.0,E,
Burnley,Brighton,3.68,3.83,1.9,3-3,3.0,3.0,6.0,N,
Spurs,Everton,1.63,4.08,4.94,4-2,4.0,2.0,6.0,D,
Liverpool,London Blues,1.34,5.29,8.0,1-0,1.0,0.0,1.0,D,
Manchester Blue,C. Palace,1.28,5.73,9.41,3-1,3.0,1.0,4.0,D,
Newcastle,Leeds,1.18,6.77,15.32,5-0,5.0,0.0,5.0,D,
London Reds,Wolverhampton,1.22,6.66,11.3,3-0,3.0,0.0,3.0,D,
Sunderland,N. Forest,4.5600000000000005,3.84,1.72,3-2,3.0,2.0,5.0,D,
West Ham,Bournemouth,2.05,3.95,3.14,1-1,1.0,1.0,2.0,N,
London Reds,A. Villa,1.37,5.05,7.5,2-0,2.0,0.0,2.0,D,
Newcastle,Everton,1.33,4.86,9.55,2-1,2.0,1.0,3.0,D,
Sunderland,Manchester Red,6.05,4.13,1.53,2-0,2.0,0.0,2.0,D,
Liverpool,Leeds,1.12,8.26,22.37,2-0,2.0,0.0,2.0,D,
Burnley,Fulham,3.52,3.49,2.04,3-1,3.0,1.0,4.0,D,
C. Palace,N. Forest,1.69,4.03,4.57,1-1,1.0,1.0,2.0,N,
London Blues,Wolverhampton,1.42,4.77,6.88,1-0,1.0,0.0,1.0,D,
Manchester Blue,Brighton,1.34,5.96,6.92,0-2,0.0,2.0,2.0,E,
Brentford,Spurs,2.06,4.4,2.88,2-1,2.0,1.0,3.0,D,
Leeds,C. Palace,5.07,3.79,1.67,1-2,1.0,2.0,3.0,E,
A. Villa,Manchester Blue,2.89,3.59,2.3,2-0,2.0,0.0,2.0,D,
Brighton,London Blues,1.92,3.89,3.53,2-3,2.0,3.0,5.0,E,
Bournemouth,Burnley,1.7000000000000002,4.07,4.46,3-2,3.0,2.0,5.0,D,
Fulham,London Reds,5.15,4.03,1.62,1-4,1.0,4.0,5.0,E,
Wolverhampton,N. Forest,1.93,3.67,3.7,0-2,0.0,2.0,2.0,E,
Everton,Sunderland,1.94,3.47,3.9,0-0,0.0,0.0,0.0,N,
Spurs,Newcastle,2.18,4.14,2.78,2-1,2.0,1.0,3.0,D,
Brentford,West Ham,1.65,4.41,4.37,3-1,3.0,1.0,4.0,D,
Manchester Red,Liverpool,2.5700000000000003,3.74,2.47,0-1,0.0,1.0,1.0,E,
Manchester Blue,Fulham,1.33,5.58,7.89,1-0,1.0,0.0,1.0,D,
Wolverhampton,Leeds,1.65,3.71,5.48,2-0,2.0,0.0,2.0,D,
Liverpool,Everton,1.25,5.69,12.33,3-1,3.0,1.0,4.0,D,
London Reds,Bournemouth,1.27,6.26,8.67,1-1,1.0,1.0,2.0,N,
C. Palace,Manchester Red,2.13,3.48,3.3,1-0,1.0,0.0,1.0,D,
London Blues,A. Villa,1.7000000000000002,3.85,4.68,1-3,1.0,3.0,4.0,E,
West Ham,Burnley,1.77,4.21,3.87,2-0,2.0,0.0,2.0,D,
Newcastle,Brentford,1.54,4.27,5.65,1-1,1.0,1.0,2.0,N,
Sunderland,Spurs,7.28,5.36,1.36,0-6,0.0,6.0,6.0,E,
N. Forest,Brighton,2.27,3.8,2.81,0-1,0.0,1.0,1.0,E,
Everton,C. Palace,2.5,2.99,3.07,0-0,0.0,0.0,0.0,N,
Newcastle,West Ham,1.31,5.53,8.47,0-2,0.0,2.0,2.0,E,
Brighton,Leeds,1.37,4.8,8.27,2-2,2.0,2.0,4.0,N,
Fulham,London Blues,2.21,3.86,2.86,0-2,0.0,2.0,2.0,E,
Burnley,London Reds,10.0,4.9,1.32,0-0,0.0,0.0,0.0,N,
A. Villa,N. Forest,1.36,5.33,7.25,3-0,3.0,0.0,3.0,D,
Bournemouth,Manchester Blue,4.96,3.63,1.71,2-1,2.0,1.0,3.0,D,
Brentford,Sunderland,1.61,4.58,4.54,1-0,1.0,0.0,1.0,D,
Spurs,Liverpool,2.7,4.27,2.19,2-1,2.0,1.0,3.0,D,
Manchester Red,Wolverhampton,1.48,4.47,6.31,1-0,1.0,0.0,1.0,D,
C. Palace,Spurs,2.27,3.9,2.75,0-1,0.0,1.0,1.0,E,
Sunderland,Newcastle,9.02,5.42,1.31,1-2,1.0,2.0,3.0,E,
London Blues,Bournemouth,1.54,4.61,5.22,4-2,4.0,2.0,6.0,D,
Liverpool,Brentford,1.4,4.8,7.19,3-0,3.0,0.0,3.0,D,
Leeds,A. Villa,5.03,4.03,1.63,0-0,0.0,0.0,0.0,N,
Brighton,Manchester Red,1.8,3.87,4.05,3-0,3.0,0.0,3.0,D,
West Ham,London Reds,6.53,4.41,1.47,1-4,1.0,4.0,5.0,E,
Manchester Blue,Burnley,1.16,8.24,13.07,1-0,1.0,0.0,1.0,D,
Wolverhampton,Everton,2.2,3.12,3.5,3-0,3.0,0.0,3.0,D,
N. Forest,Fulham,2.16,3.43,3.27,5-0,5.0,0.0,5.0,D,
West Ham,Manchester Blue,5.06,4.06,1.62,1-2,1.0,2.0,3.0,E,
London Blues,London Reds,3.55,3.45,2.05,0-0,0.0,0.0,0.0,N,
C. Palace,Newcastle,2.63,3.68,2.45,1-3,1.0,3.0,4.0,E,
Manchester Red,Fulham,1.95,3.56,3.74,2-1,2.0,1.0,3.0,D,
Leeds,Bournemouth,4.52,4.2,1.67,0-0,0.0,0.0,0.0,N,
N. Forest,Burnley,1.54,4.43,5.45,2-0,2.0,0.0,2.0,D,
Liverpool,Sunderland,1.19,7.06,13.28,1-0,1.0,0.0,1.0,D,
A. Villa,Everton,1.45,4.4,6.96,2-0,2.0,0.0,2.0,D,
Brighton,Spurs,1.94,4.18,3.28,3-0,3.0,0.0,3.0,D,
Wolverhampton,Brentford,2.71,3.4,2.52,1-2,1.0,2.0,3.0,E,
C. Palace,West Ham,1.77,3.95,4.15,0-4,0.0,4.0,4.0,E,
Sunderland,Brighton,7.73,5.45,1.34,0-0,0.0,0.0,0.0,N,
Brentford,Fulham,1.95,4.0,3.37,0-1,0.0,1.0,1.0,E,
Liverpool,Wolverhampton,1.19,6.86,13.02,1-1,1.0,1.0,2.0,N,
Bournemouth,Spurs,2.45,3.67,2.64,1-1,1.0,1.0,2.0,N,
Burnley,Everton,2.86,2.95,2.69,1-3,1.0,3.0,4.0,E,
London Blues,N. Forest,1.41,4.84,6.88,1-1,1.0,1.0,2.0,N,
London Reds,Manchester Red,1.38,4.99,7.31,1-0,1.0,0.0,1.0,D,
Manchester Blue,Leeds,1.12,8.58,20.83,5-0,5.0,0.0,5.0,D,
Newcastle,A. Villa,1.42,4.72,6.88,3-1,3.0,1.0,4.0,D,
Burnley,Brentford,3.8,3.39,1.99,2-2,2.0,2.0,4.0,N,
N. Forest,Leeds,1.45,4.23,7.47,0-1,0.0,1.0,1.0,E,
Newcastle,Bournemouth,1.3,5.84,8.21,2-1,2.0,1.0,3.0,D,
London Blues,Manchester Red,1.69,3.87,4.75,1-0,1.0,0.0,1.0,D,
Liverpool,A. Villa,1.3,5.54,9.22,3-0,3.0,0.0,3.0,D,
C. Palace,Brighton,2.35,3.9,2.64,0-1,0.0,1.0,1.0,E,
Sunderland,Fulham,6.91,4.42,1.45,0-1,0.0,1.0,1.0,E,
Manchester Blue,Everton,1.23,6.07,12.54,3-1,3.0,1.0,4.0,D,
Wolverhampton,West Ham,2.11,3.64,3.2,0-2,0.0,2.0,2.0,E,
London Reds,Spurs,1.42,5.35,5.91,1-2,1.0,2.0,3.0,E,
Brighton,Wolverhampton,1.56,4.38,5.23,1-4,1.0,4.0,5.0,E,
Fulham,Liverpool,3.19,4.06,2.0,1-1,1.0,1.0,2.0,N,
Bournemouth,Sunderland,1.88,3.62,3.97,2-0,2.0,0.0,2.0,D,
Everton,London Blues,2.54,3.24,2.8,1-2,1.0,2.0,3.0,E,
Spurs,Manchester Blue,3.62,4.04,1.87,1-2,1.0,2.0,3.0,E,
Brentford,London Reds,4.5600000000000005,4.16,1.67,1-3,1.0,3.0,4.0,E,
West Ham,Leeds,1.59,3.98,5.52,3-1,3.0,1.0,4.0,D,
Burnley,Newcastle,4.38,3.91,1.74,2-1,2.0,1.0,3.0,D,
A. Villa,C. Palace,1.61,4.18,5.04,1-1,1.0,1.0,2.0,N,
Manchester Red,N. Forest,1.5,4.4,5.96,1-1,1.0,1.0,2.0,N,
N. Forest,Everton,1.84,3.3,4.65,3-2,3.0,2.0,5.0,D,
London Reds,Newcastle,1.55,4.71,4.98,1-0,1.0,0.0,1.0,D,
C. Palace,Fulham,2.19,3.53,3.13,0-2,0.0,2.0,2.0,E,
London Blues,Spurs,1.77,4.17,3.91,1-2,1.0,2.0,3.0,E,
Wolverhampton,A. Villa,2.35,3.42,2.91,2-1,2.0,1.0,3.0,D,
Liverpool,Bournemouth,1.23,6.5,10.38,2-0,2.0,0.0,2.0,D,
Leeds,Manchester Red,4.7,3.86,1.7000000000000002,1-2,1.0,2.0,3.0,E,
Manchester Blue,Brentford,1.35,5.38,7.4,3-2,3.0,2.0,5.0,D,
Brighton,West Ham,1.57,4.42,5.06,1-1,1.0,1.0,2.0,N,
Sunderland,Burnley,4.17,4.06,1.74,0-5,0.0,5.0,5.0,E,
Sunderland,London Reds,22.33,7.93,1.12,0-1,0.0,1.0,1.0,E,
Brighton,Manchester Blue,3.65,3.73,1.93,3-1,3.0,1.0,4.0,D,
Liverpool,Spurs,1.36,5.53,6.99,2-1,2.0,1.0,3.0,D,
A. Villa,Fulham,1.64,4.19,4.71,2-2,2.0,2.0,4.0,N,
Burnley,C. Palace,3.16,3.22,2.31,2-1,2.0,1.0,3.0,D,
N. Forest,Everton,1.88,3.26,4.53,4-0,4.0,0.0,4.0,D,
West Ham,Brentford,2.52,3.52,2.63,0-1,0.0,1.0,1.0,E,
Manchester Red,Wolverhampton,1.52,4.33,5.88,0-1,0.0,1.0,1.0,E,
Leeds,London Blues,5.94,4.41,1.5,0-4,0.0,4.0,4.0,E,
Bournemouth,Newcastle,2.76,3.55,2.4,1-1,1.0,1.0,2.0,N,
Fulham,Wolverhampton,1.64,4.27,4.65,1-0,1.0,0.0,1.0,D,
London Blues,Bournemouth,1.5,4.63,5.62,1-2,1.0,2.0,3.0,E,
London Reds,Burnley,1.19,7.41,11.37,3-2,3.0,2.0,5.0,D,
Liverpool,West Ham,1.21,6.71,11.99,,,,,,
Newcastle,A. Villa,1.41,4.8100000000000005,6.99,4-1,4.0,1.0,5.0,D,
Everton,Leeds,1.66,3.49,5.85,1-0,1.0,0.0,1.0,D,
Manchester Blue,Manchester Red,1.28,5.91,9.04,3-0,3.0,0.0,3.0,D,
Spurs,Sunderland,1.5,4.88,5.34,4-1,4.0,1.0,5.0,D,
C. Palace,Brighton,2.17,3.92,2.91,0-1,0.0,1.0,1.0,E,
Brentford,N. Forest,1.58,4.6,4.79,3-2,3.0,2.0,5.0,D,
Manchester Red,West Ham,1.62,4.11,5.06,2-2,2.0,2.0,4.0,N,
Brighton,Fulham,1.93,3.76,3.62,1-0,1.0,0.0,1.0,D,
Leeds,C. Palace,5.13,3.8,1.66,0-3,0.0,3.0,3.0,E,
A. Villa,Wolverhampton,1.34,5.46,7.82,3-1,3.0,1.0,4.0,D,
Burnley,Newcastle,4.27,3.86,1.76,2-0,2.0,0.0,2.0,D,
N. Forest,London Reds,5.03,3.6,1.71,2-1,2.0,1.0,3.0,D,
Brentford,Spurs,2.04,4.39,2.91,2-1,2.0,1.0,3.0,D,
Sunderland,London Blues,7.19,4.67,1.41,0-2,0.0,2.0,2.0,E,
Bournemouth,Manchester Blue,4.77,3.6,1.75,2-1,2.0,1.0,3.0,D,
Liverpool,Everton,1.26,5.44,12.01,1-1,1.0,1.0,2.0,N,
Burnley,Everton,2.78,2.95,2.77,0-3,0.0,3.0,3.0,E,
Leeds,Spurs,6.25,5.06,1.42,2-2,2.0,2.0,4.0,N,
Manchester Red,Newcastle,2.21,3.69,2.96,1-0,1.0,0.0,1.0,D,
A. Villa,C. Palace,1.61,4.13,5.1,2-1,2.0,1.0,3.0,D,
N. Forest,Liverpool,3.0,3.73,2.18,1-0,1.0,0.0,1.0,D,
Bournemouth,London Reds,6.19,3.79,1.58,1-3,1.0,3.0,4.0,E,
Sunderland,Brentford,7.48,4.55,1.42,1-2,1.0,2.0,3.0,E,
Fulham,West Ham,1.81,4.02,3.85,3-1,3.0,1.0,4.0,D,
Brighton,London Blues,1.92,3.94,3.51,4-0,4.0,0.0,4.0,D,
Wolverhampton,Manchester Blue,5.51,4.01,1.59,1-1,1.0,1.0,2.0,N,
N. Forest,Sunderland,1.67,4.03,4.71,1-1,1.0,1.0,2.0,N,
Newcastle,Fulham,1.47,4.55,6.17,1-1,1.0,1.0,2.0,N,
London Reds,A. Villa,1.37,5.15,7.46,2-2,2.0,2.0,4.0,N,
London Blues,Manchester Red,1.67,3.94,4.82,2-1,2.0,1.0,3.0,D,
C. Palace,Wolverhampton,1.69,4.02,4.53,1-2,1.0,2.0,3.0,E,
Brentford,Burnley,1.5,5.06,5.11,1-1,1.0,1.0,2.0,N,
Spurs,Bournemouth,1.67,4.67,4.04,1-1,1.0,1.0,2.0,N,
Everton,Brighton,2.56,3.56,2.5700000000000003,1-0,1.0,0.0,1.0,D,
West Ham,Manchester Blue,5.07,4.07,1.62,0-3,0.0,3.0,3.0,E,
Liverpool,Leeds,1.12,8.23,22.27,4-1,4.0,1.0,5.0,D,
A. Villa,Spurs,1.73,4.5600000000000005,3.83,2-2,2.0,2.0,4.0,N,
Bournemouth,Liverpool,3.52,3.75,1.97,1-0,1.0,0.0,1.0,D,
Fulham,London Blues,2.18,3.8,2.96,0-2,0.0,2.0,2.0,E,
Newcastle,West Ham,1.27,5.93,9.47,2-0,2.0,0.0,2.0,D,
Wolverhampton,London Reds,6.82,4.21,1.48,0-0,0.0,0.0,0.0,N,
Manchester Red,Everton,1.6800000000000002,3.59,5.35,2-0,2.0,0.0,2.0,D,
Manchester Blue,C. Palace,1.29,5.62,9.15,2-0,2.0,0.0,2.0,D,
Leeds,Sunderland,3.68,3.75,1.92,2-1,2.0,1.0,3.0,D,
Brighton,Brentford,2.06,3.65,3.34,4-1,4.0,1.0,5.0,D,
Burnley,N. Forest,2.46,3.44,2.75,2-1,2.0,1.0,3.0,D,
Sunderland,Bournemouth,5.36,4.51,1.53,0-4,0.0,4.0,4.0,E,
London Blues,Newcastle,2.0,3.85,3.34,1-2,1.0,2.0,3.0,E,
Leeds,Burnley,3.28,3.86,2.02,1-3,1.0,3.0,4.0,E,
N. Forest,Brighton,2.21,3.82,2.89,1-1,1.0,1.0,2.0,N,
Brentford,Manchester Red,1.86,4.08,3.63,1-0,1.0,0.0,1.0,D,
Liverpool,A. Villa,1.31,5.37,8.99,3-1,3.0,1.0,4.0,D,
West Ham,C. Palace,2.31,3.41,2.99,2-1,2.0,1.0,3.0,D,
Everton,Fulham,2.55,3.14,2.86,1-0,1.0,0.0,1.0,D,
Spurs,Wolverhampton,1.49,4.92,5.44,3-1,3.0,1.0,4.0,D,
London Reds,Manchester Blue,2.21,3.65,2.99,2-1,2.0,1.0,3.0,D,
Manchester Blue,Burnley,1.17,8.02,12.35,2-1,2.0,1.0,3.0,D,
Newcastle,Spurs,1.46,5.01,5.74,2-1,2.0,1.0,3.0,D,
Brentford,Wolverhampton,1.54,4.62,5.13,3-0,3.0,0.0,3.0,D,
N. Forest,Manchester Red,2.06,3.45,3.51,,,,,,
Sunderland,Everton,5.03,3.37,1.77,0-2,0.0,2.0,2.0,E,
London Blues,Liverpool,2.32,3.81,2.73,4-1,4.0,1.0,5.0,D,
London Reds,C. Palace,1.4,4.83,7.26,2-1,2.0,1.0,3.0,D,
Bournemouth,A. Villa,2.23,3.36,3.19,1-1,1.0,1.0,2.0,N,
West Ham,Fulham,2.48,3.53,2.67,4-1,4.0,1.0,5.0,D,
Brighton,Leeds,1.37,4.76,8.25,1-2,1.0,2.0,3.0,E,
Brentford,Spurs,2.03,4.44,2.93,1-1,1.0,1.0,2.0,N,
Wolverhampton,Burnley,1.78,4.04,3.99,1-4,1.0,4.0,5.0,E,
N. Forest,Brighton,2.2,3.8,2.93,2-0,2.0,0.0,2.0,D,
London Reds,Everton,1.29,5.28,10.25,3-2,3.0,2.0,5.0,D,
C. Palace,Liverpool,3.12,3.87,2.08,2-0,2.0,0.0,2.0,D,
Sunderland,Leeds,3.24,3.16,2.3,2-1,2.0,1.0,3.0,D,
Bournemouth,West Ham,2.02,3.51,3.56,1-1,1.0,1.0,2.0,N,
London Blues,Fulham,1.74,3.81,4.47,2-3,2.0,3.0,5.0,E,
Newcastle,A. Villa,1.4,4.84,7.25,2-0,2.0,0.0,2.0,D,
Manchester Blue,Manchester Red,1.28,5.9,9.27,3-0,3.0,0.0,3.0,D,
Everton,Wolverhampton,1.94,3.4,3.98,3-1,3.0,1.0,4.0,D,
Liverpool,Burnley,1.16,7.85,13.87,6-0,6.0,0.0,6.0,D,
Fulham,Brentford,2.34,3.6,2.81,1-3,1.0,3.0,4.0,E,
West Ham,Newcastle,2.94,3.91,2.15,0-1,0.0,1.0,1.0,E,
Manchester Red,London Reds,4.29,3.56,1.83,2-0,2.0,0.0,2.0,D,
N. Forest,Bournemouth,1.88,3.88,3.72,1-0,1.0,0.0,1.0,D,
Spurs,C. Palace,1.88,3.92,3.68,3-2,3.0,2.0,5.0,D,
Leeds,Manchester Blue,14.4,6.5,1.2,0-4,0.0,4.0,4.0,E,
Brighton,Sunderland,1.5,4.64,5.66,3-0,3.0,0.0,3.0,D,
A. Villa,London Blues,1.67,4.36,4.35,3-0,3.0,0.0,3.0,D,
C. Palace,Fulham,2.22,3.54,3.06,1-1,1.0,1.0,2.0,N,
Liverpool,Everton,1.25,5.63,12.32,3-0,3.0,0.0,3.0,D,
London Reds,Leeds,1.16,7.33,16.61,3-0,3.0,0.0,3.0,D,
London Blues,West Ham,1.47,4.5600000000000005,6.26,2-1,2.0,1.0,3.0,D,
Manchester Blue,Brighton,1.35,5.76,6.87,3-0,3.0,0.0,3.0,D,
Brentford,A. Villa,1.83,4.07,3.74,2-0,2.0,0.0,2.0,D,
Sunderland,N. Forest,4.64,3.96,1.69,2-3,2.0,3.0,5.0,E,
Burnley,Spurs,3.68,3.92,1.88,1-2,1.0,2.0,3.0,E,
Wolverhampton,Manchester Red,2.43,3.36,2.84,0-0,0.0,0.0,0.0,N,
Bournemouth,Newcastle,2.97,3.56,2.26,2-2,2.0,2.0,4.0,N,
Fulham,Burnley,1.55,4.7,4.92,0-2,0.0,2.0,2.0,E,
Manchester Red,Liverpool,2.64,3.74,2.42,0-0,0.0,0.0,0.0,N,
West Ham,Brentford,2.55,3.49,2.62,2-2,2.0,2.0,4.0,N,
A. Villa,C. Palace,1.56,4.25,5.41,1-0,1.0,0.0,1.0,D,
Newcastle,London Blues,1.45,4.8,6.25,2-0,2.0,0.0,2.0,D,
Sunderland,Bournemouth,5.12,4.39,1.57,0-3,0.0,3.0,3.0,E,
N. Forest,Manchester Blue,4.2,3.56,1.85,2-2,2.0,2.0,4.0,N,
Brighton,London Reds,4.42,3.84,1.74,2-2,2.0,2.0,4.0,N,
Leeds,Wolverhampton,3.66,3.67,1.94,2-2,2.0,2.0,4.0,N,
Spurs,Everton,1.66,3.96,4.83,1-0,1.0,0.0,1.0,D,
Brentford,C. Palace,1.86,3.96,3.72,0-1,0.0,1.0,1.0,E,
N. Forest,Spurs,2.19,3.88,2.89,0-3,0.0,3.0,3.0,E,
Manchester Blue,Wolverhampton,1.17,7.58,13.53,4-0,4.0,0.0,4.0,D,
London Reds,Bournemouth,1.28,6.11,8.55,5-1,5.0,1.0,6.0,D,
Newcastle,Everton,1.35,4.78,8.97,1-0,1.0,0.0,1.0,D,
West Ham,Manchester Red,2.23,3.5700000000000003,3.02,4-0,4.0,0.0,4.0,D,
Brighton,Fulham,1.92,3.8,3.64,3-1,3.0,1.0,4.0,D,
A. Villa,Leeds,1.25,5.83,11.41,2-1,2.0,1.0,3.0,D,
Sunderland,Liverpool,12.08,6.58,1.21,0-6,0.0,6.0,6.0,E,
London Blues,Burnley,1.36,5.33,7.17,5-0,5.0,0.0,5.0,D,
A. Villa,Brighton,1.71,4.51,3.97,3-2,3.0,2.0,5.0,D,
Leeds,West Ham,4.15,3.85,1.79,1-1,1.0,1.0,2.0,N,
Liverpool,Manchester Blue,2.07,3.56,3.36,2-2,2.0,2.0,4.0,N,
Bournemouth,C. Palace,2.28,3.19,3.24,0-4,0.0,4.0,4.0,E,
Manchester Red,Newcastle,2.23,3.71,2.93,1-0,1.0,0.0,1.0,D,
Everton,London Blues,2.51,3.26,2.8200000000000003,1-1,1.0,1.0,2.0,N,
Fulham,N. Forest,1.66,4.25,4.51,0-1,0.0,1.0,1.0,E,
Burnley,Brentford,3.8,3.41,1.99,2-2,2.0,2.0,4.0,N,
Wolverhampton,London Reds,6.64,4.24,1.48,0-1,0.0,1.0,1.0,E,
Spurs,Sunderland,1.5,4.91,5.21,2-1,2.0,1.0,3.0,D,
Brentford,Everton,1.7000000000000002,3.89,4.68,1-1,1.0,1.0,2.0,N,
Newcastle,Leeds,1.18,6.78,15.95,3-0,3.0,0.0,3.0,D,
London Blues,Manchester Red,1.67,3.88,4.9,2-2,2.0,2.0,4.0,N,
Manchester Blue,Spurs,1.36,5.79,6.69,3-0,3.0,0.0,3.0,D,
West Ham,Brighton,2.61,4.01,2.34,2-0,2.0,0.0,2.0,D,
N. Forest,A. Villa,2.01,3.46,3.65,0-0,0.0,0.0,0.0,N,
C. Palace,Burnley,1.6,4.41,4.84,2-1,2.0,1.0,3.0,D,
Sunderland,Fulham,6.83,4.37,1.46,1-1,1.0,1.0,2.0,N,
Wolverhampton,Bournemouth,2.12,3.82,3.07,2-3,2.0,3.0,5.0,E,
London Reds,Liverpool,1.75,4.32,3.91,1-4,1.0,4.0,5.0,E,
Manchester Red,Brentford,2.0,3.56,3.58,1-0,1.0,0.0,1.0,D,
Spurs,London Reds,4.7,4.25,1.63,1-1,1.0,1.0,2.0,N,
Bournemouth,Burnley,1.69,4.11,4.47,0-0,0.0,0.0,0.0,N,
West Ham,N. Forest,1.87,3.9,3.71,2-1,2.0,1.0,3.0,D,
Everton,C. Palace,2.45,3.02,3.12,3-1,3.0,1.0,4.0,D,
Fulham,Manchester Blue,4.37,3.96,1.73,1-2,1.0,2.0,3.0,E,
Leeds,London Blues,5.75,4.42,1.52,1-3,1.0,3.0,4.0,E,
Brighton,Newcastle,2.21,3.91,2.85,2-1,2.0,1.0,3.0,D,
A. Villa,Sunderland,1.35,5.47,7.21,2-0,2.0,0.0,2.0,D,
Liverpool,Wolverhampton,1.19,6.98,12.94,4-0,4.0,0.0,4.0,D,
C. Palace,Brighton,2.23,3.91,2.81,2-2,2.0,2.0,4.0,N,
London Blues,Sunderland,1.42,4.8100000000000005,6.86,2-2,2.0,2.0,4.0,N,
Brentford,N. Forest,1.55,4.69,4.96,2-2,2.0,2.0,4.0,N,
Liverpool,Fulham,1.37,5.0,7.74,4-0,4.0,0.0,4.0,D,
Manchester Blue,Newcastle,1.41,5.27,6.16,2-0,2.0,0.0,2.0,D,
London Reds,West Ham,1.29,5.85,8.8,3-1,3.0,1.0,4.0,D,
Wolverhampton,A. Villa,2.39,3.42,2.86,3-2,3.0,2.0,5.0,D,
Burnley,Leeds,1.98,3.24,4.05,0-1,0.0,1.0,1.0,E,
Spurs,Bournemouth,1.67,4.71,3.99,1-4,1.0,4.0,5.0,E,
Everton,Manchester Red,2.31,3.11,3.27,2-2,2.0,2.0,4.0,N,
C. Palace,Sunderland,1.72,3.97,4.43,2-0,2.0,0.0,2.0,D,
Fulham,Bournemouth,1.87,4.17,3.5,1-1,1.0,1.0,2.0,N,
Burnley,N. Forest,2.54,3.44,2.66,1-3,1.0,3.0,4.0,E,
Wolverhampton,Newcastle,2.96,3.72,2.21,2-1,2.0,1.0,3.0,D,
Brentford,Manchester Blue,3.86,4.13,1.79,1-3,1.0,3.0,4.0,E,
Spurs,A. Villa,1.8,4.18,3.76,2-1,2.0,1.0,3.0,D,
Manchester Red,Leeds,1.38,4.5600000000000005,8.64,0-2,0.0,2.0,2.0,E,
Everton,Brighton,2.5700000000000003,3.47,2.61,2-0,2.0,0.0,2.0,D,
Liverpool,West Ham,1.22,6.39,11.73,2-0,2.0,0.0,2.0,D,
London Reds,London Blues,1.4,5.13,6.69,3-0,3.0,0.0,3.0,D,
West Ham,Spurs,2.42,4.01,2.52,1-1,1.0,1.0,2.0,N,
Brighton,Manchester Red,1.82,3.84,4.02,1-0,1.0,0.0,1.0,D,
Sunderland,Burnley,4.03,4.09,1.76,1-1,1.0,1.0,2.0,N,
London Blues,Wolverhampton,1.42,4.77,6.92,2-0,2.0,0.0,2.0,D,
Brentford,London Reds,4.45,4.11,1.69,1-1,1.0,1.0,2.0,N,
Newcastle,Liverpool,1.75,4.23,3.99,1-2,1.0,2.0,3.0,E,
Manchester Blue,C. Palace,1.31,5.58,8.69,5-0,5.0,0.0,5.0,D,
A. Villa,Fulham,1.67,4.1,4.57,2-0,2.0,0.0,2.0,D,
Bournemouth,Leeds,1.57,3.79,6.34,1-2,1.0,2.0,3.0,E,
N. Forest,Everton,1.85,3.27,4.69,2-1,2.0,1.0,3.0,D,
Sunderland,Newcastle,9.53,5.62,1.29,1-3,1.0,3.0,4.0,E,
Leeds,N. Forest,3.73,3.71,1.91,0-3,0.0,3.0,3.0,E,
Manchester Red,Spurs,1.92,4.01,3.45,4-0,4.0,0.0,4.0,D,
Burnley,London Blues,3.58,3.56,2.0,1-2,1.0,2.0,3.0,E,
Everton,C. Palace,2.44,3.04,3.12,3-1,3.0,1.0,4.0,D,
West Ham,Brighton,2.48,3.92,2.49,1-1,1.0,1.0,2.0,N,
Manchester Blue,Liverpool,1.63,4.61,4.35,1-2,1.0,2.0,3.0,E,
Wolverhampton,A. Villa,2.43,3.41,2.8200000000000003,2-0,2.0,0.0,2.0,D,
London Reds,Brentford,1.45,4.76,6.16,3-0,3.0,0.0,3.0,D,
Fulham,Bournemouth,1.83,4.25,3.61,3-0,3.0,0.0,3.0,D,
Leeds,Bournemouth,4.45,4.26,1.66,0-0,0.0,0.0,0.0,N,
Brighton,A. Villa,1.83,3.89,3.89,2-1,2.0,1.0,3.0,D,
Burnley,Everton,2.84,2.93,2.73,2-0,2.0,0.0,2.0,D,
West Ham,Spurs,2.47,4.04,2.45,3-2,3.0,2.0,5.0,D,
N. Forest,Liverpool,2.94,3.74,2.21,1-2,1.0,2.0,3.0,E,
Manchester Blue,Newcastle,1.43,5.25,5.9,2-0,2.0,0.0,2.0,D,
Manchester Red,Brentford,2.05,3.47,3.53,2-1,2.0,1.0,3.0,D,
Fulham,London Reds,5.32,4.18,1.58,2-2,2.0,2.0,4.0,N,
Wolverhampton,London Blues,2.6,3.55,2.54,2-2,2.0,2.0,4.0,N,
Sunderland,C. Palace,5.97,3.89,1.57,4-1,4.0,1.0,5.0,D,
Burnley,Fulham,3.5700000000000003,3.49,2.03,0-1,0.0,1.0,1.0,E,
Bournemouth,Manchester Blue,4.9,3.64,1.72,1-2,1.0,2.0,3.0,E,
Liverpool,A. Villa,1.29,5.5,9.58,2-0,2.0,0.0,2.0,D,
Brentford,Wolverhampton,1.55,4.71,4.97,1-1,1.0,1.0,2.0,N,
London Reds,Sunderland,1.24,6.5,10.09,1-1,1.0,1.0,2.0,N,
Everton,Manchester Red,2.37,3.14,3.14,1-1,1.0,1.0,2.0,N,
Spurs,Brighton,1.93,4.43,3.17,2-1,2.0,1.0,3.0,D,
C. Palace,Leeds,1.45,4.31,7.26,2-1,2.0,1.0,3.0,D,
Newcastle,N. Forest,1.25,6.16,10.59,2-2,2.0,2.0,4.0,N,
London Blues,West Ham,1.51,4.45,5.86,2-2,2.0,2.0,4.0,N,
A. Villa,Brentford,1.76,3.97,4.19,4-0,4.0,0.0,4.0,D,
Spurs,London Blues,1.94,4.17,3.29,5-0,5.0,0.0,5.0,D,
Brighton,Everton,1.67,3.75,5.15,2-2,2.0,2.0,4.0,N,
Leeds,Manchester Red,4.89,3.93,1.66,0-4,0.0,4.0,4.0,E,
Wolverhampton,Sunderland,1.85,3.8,3.91,0-4,0.0,4.0,4.0,E,
Newcastle,C. Palace,1.43,4.58,6.97,1-1,1.0,1.0,2.0,N,
Bournemouth,Liverpool,3.54,3.76,1.96,1-3,1.0,3.0,4.0,E,
Manchester Blue,Burnley,1.16,8.36,13.38,0-1,0.0,1.0,1.0,E,
N. Forest,London Reds,5.28,3.76,1.65,3-2,3.0,2.0,5.0,D,
West Ham,Fulham,2.48,3.56,2.66,1-1,1.0,1.0,2.0,N,
Sunderland,London Blues,7.2,4.64,1.42,1-2,1.0,2.0,3.0,E,
Burnley,London Reds,10.28,4.91,1.32,3-3,3.0,3.0,6.0,N,
Brighton,N. Forest,1.54,4.47,5.39,,,,,,
Fulham,Brentford,2.31,3.59,2.88,1-3,1.0,3.0,4.0,E,
Wolverhampton,Bournemouth,2.11,3.81,3.09,3-2,3.0,2.0,5.0,D,
Leeds,Spurs,6.19,4.96,1.44,2-2,2.0,2.0,4.0,N,
West Ham,Newcastle,3.03,3.88,2.12,3-1,3.0,1.0,4.0,D,
Manchester Blue,A. Villa,1.3,5.74,8.69,3-1,3.0,1.0,4.0,D,
Liverpool,Everton,1.23,5.8100000000000005,13.1,3-0,3.0,0.0,3.0,D,
Manchester Red,C. Palace,1.83,3.61,4.21,1-2,1.0,2.0,3.0,E,
Sunderland,Everton,4.96,3.35,1.79,3-2,3.0,2.0,5.0,D,
West Ham,C. Palace,2.3,3.42,3.01,2-1,2.0,1.0,3.0,D,
Liverpool,Fulham,1.37,5.04,7.64,1-1,1.0,1.0,2.0,N,
Manchester Blue,London Blues,1.34,5.5600000000000005,7.38,1-1,1.0,1.0,2.0,N,
Brighton,Bournemouth,1.65,4.41,4.41,2-0,2.0,0.0,2.0,D,
Wolverhampton,London Reds,6.78,4.1,1.5,0-2,0.0,2.0,2.0,E,
N. Forest,Spurs,2.21,3.85,2.87,4-0,4.0,0.0,4.0,D,
Leeds,Brentford,6.47,4.35,1.48,2-2,2.0,2.0,4.0,N,
Manchester Red,Burnley,1.42,4.95,6.57,3-0,3.0,0.0,3.0,D,
A. Villa,Newcastle,1.88,4.19,3.45,4-0,4.0,0.0,4.0,D,
Spurs,Newcastle,2.23,4.11,2.71,1-2,1.0,2.0,3.0,E,
Brentford,Manchester Blue,3.96,4.07,1.78,0-1,0.0,1.0,1.0,E,
C. Palace,Brighton,2.22,3.9,2.84,4-0,4.0,0.0,4.0,D,
Bournemouth,A. Villa,2.3,3.28,3.11,4-0,4.0,0.0,4.0,D,
London Reds,West Ham,1.29,5.84,8.99,4-1,4.0,1.0,5.0,D,
London Blues,N. Forest,1.44,4.65,6.57,2-0,2.0,0.0,2.0,D,
Manchester Red,Liverpool,2.49,3.74,2.56,0-3,0.0,3.0,3.0,E,
Fulham,Sunderland,1.6800000000000002,4.28,4.33,2-3,2.0,3.0,5.0,E,
Burnley,Wolverhampton,2.36,3.37,2.94,4-0,4.0,0.0,4.0,D,
Everton,Leeds,1.67,3.46,5.84,2-1,2.0,1.0,3.0,D,
A. Villa,Burnley,1.32,5.89,7.42,4-1,4.0,1.0,5.0,D,
West Ham,Wolverhampton,1.85,3.86,3.85,2-0,2.0,0.0,2.0,D,
London Blues,C. Palace,1.69,3.76,4.9,2-0,2.0,0.0,2.0,D,
N. Forest,Fulham,2.18,3.42,3.24,2-0,2.0,0.0,2.0,D,
Manchester Blue,Sunderland,1.17,7.88,13.28,3-1,3.0,1.0,4.0,D,
Newcastle,Everton,1.36,4.7,9.09,2-1,2.0,1.0,3.0,D,
Brighton,Manchester Red,1.78,3.9,4.11,4-2,4.0,2.0,6.0,D,
Liverpool,Leeds,1.13,7.98,21.26,2-1,2.0,1.0,3.0,D,
Spurs,London Reds,4.5600000000000005,4.19,1.66,3-2,3.0,2.0,5.0,D,
Bournemouth,Brentford,2.59,3.26,2.73,1-0,1.0,0.0,1.0,D,
Everton,Bournemouth,2.17,3.51,3.19,2-1,2.0,1.0,3.0,D,
Sunderland,N. Forest,4.45,3.89,1.73,1-2,1.0,2.0,3.0,E,
West Ham,Liverpool,3.49,4.06,1.9,0-4,0.0,4.0,4.0,E,
Manchester Red,A. Villa,1.83,3.62,4.22,3-1,3.0,1.0,4.0,D,
Wolverhampton,Brighton,2.64,3.87,2.37,0-1,0.0,1.0,1.0,E,
London Reds,London Blues,1.41,5.09,6.4,3-2,3.0,2.0,5.0,D,
Fulham,Newcastle,2.55,3.88,2.44,3-0,3.0,0.0,3.0,D,
Burnley,Spurs,3.68,3.97,1.86,1-1,1.0,1.0,2.0,N,
Leeds,Manchester Blue,14.79,6.63,1.19,1-2,1.0,2.0,3.0,E,
Brentford,C. Palace,1.86,3.91,3.75,1-0,1.0,0.0,1.0,D,
West Ham,A. Villa,2.32,3.53,2.9,1-2,1.0,2.0,3.0,E,
Fulham,C. Palace,2.06,3.59,3.37,4-1,4.0,1.0,5.0,D,
Everton,London Reds,6.39,3.66,1.59,0-2,0.0,2.0,2.0,E,
Manchester Red,London Blues,1.9,3.74,3.73,1-2,1.0,2.0,3.0,E,
Burnley,Brentford,3.78,3.47,1.97,1-2,1.0,2.0,3.0,E,
Manchester Blue,N. Forest,1.18,7.51,12.75,4-0,4.0,0.0,4.0,D,
Brighton,Liverpool,2.64,3.94,2.34,2-2,2.0,2.0,4.0,N,
Sunderland,Bournemouth,5.54,4.5,1.52,0-0,0.0,0.0,0.0,N,
Wolverhampton,Spurs,2.73,3.91,2.28,5-1,5.0,1.0,6.0,D,
Leeds,Newcastle,7.93,5.39,1.34,1-1,1.0,1.0,2.0,N,
Fulham,Burnley,1.61,4.59,4.54,2-1,2.0,1.0,3.0,D,
Manchester Blue,Bournemouth,1.24,6.71,9.39,3-1,3.0,1.0,4.0,D,
A. Villa,Liverpool,2.18,4.08,2.81,1-2,1.0,2.0,3.0,E,
Wolverhampton,Brentford,2.77,3.41,2.46,1-1,1.0,1.0,2.0,N,
Sunderland,London Reds,23.0,7.92,1.12,0-4,0.0,4.0,4.0,E,
Manchester Red,Everton,1.6800000000000002,3.53,5.5600000000000005,0-3,0.0,3.0,3.0,E,
Brighton,Spurs,1.94,4.2,3.25,1-1,1.0,1.0,2.0,N,
Leeds,C. Palace,5.38,3.86,1.63,0-2,0.0,2.0,2.0,E,
N. Forest,Newcastle,2.58,3.62,2.52,2-1,2.0,1.0,3.0,D,
West Ham,London Blues,2.39,3.7,2.69,2-0,2.0,0.0,2.0,D,
Manchester Blue,Manchester Red,1.28,5.95,9.23,5-0,5.0,0.0,5.0,D,
Spurs,Brentford,2.09,3.94,3.04,1-1,1.0,1.0,2.0,N,
Bournemouth,C. Palace,2.34,3.21,3.12,3-1,3.0,1.0,4.0,D,
A. Villa,Everton,1.45,4.38,7.04,3-0,3.0,0.0,3.0,D,
Leeds,Wolverhampton,3.43,3.64,2.03,4-0,4.0,0.0,4.0,D,
London Blues,Liverpool,2.29,3.77,2.8,2-0,2.0,0.0,2.0,D,
Brighton,Fulham,1.94,3.75,3.59,1-2,1.0,2.0,3.0,E,
Newcastle,London Reds,2.77,3.39,2.48,0-3,0.0,3.0,3.0,E,
West Ham,Sunderland,1.86,4.0,3.67,1-3,1.0,3.0,4.0,E,
N. Forest,Burnley,1.54,4.48,5.33,2-2,2.0,2.0,4.0,N,
Brentford,London Blues,2.02,4.1,3.13,2-1,2.0,1.0,3.0,D,
Liverpool,C. Palace,1.33,5.12,9.09,3-1,3.0,1.0,4.0,D,
Leeds,West Ham,4.33,3.95,1.74,2-0,2.0,0.0,2.0,D,
Manchester Red,N. Forest,1.53,4.32,5.73,3-1,3.0,1.0,4.0,D,
Sunderland,Brighton,7.49,5.3,1.35,1-1,1.0,1.0,2.0,N,
Wolverhampton,Manchester Blue,5.31,3.98,1.61,0-0,0.0,0.0,0.0,N,
London Reds,Bournemouth,1.29,6.11,8.4,4-1,4.0,1.0,5.0,D,
Fulham,A. Villa,2.0,3.77,3.38,3-0,3.0,0.0,3.0,D,
Everton,Spurs,2.52,3.59,2.6,0-1,0.0,1.0,1.0,E,
Burnley,Newcastle,4.19,3.91,1.77,1-3,1.0,3.0,4.0,E,
Liverpool,London Reds,2.26,3.46,3.04,2-0,2.0,0.0,2.0,D,
Manchester Red,Bournemouth,1.67,4.19,4.52,5-1,5.0,1.0,6.0,D,
Manchester Blue,Brighton,1.34,5.9,7.0,2-1,2.0,1.0,3.0,D,
Burnley,C. Palace,3.17,3.21,2.31,0-2,0.0,2.0,2.0,E,
West Ham,N. Forest,1.82,3.98,3.85,1-2,1.0,2.0,3.0,E,
Fulham,London Blues,2.17,3.87,2.93,0-2,0.0,2.0,2.0,E,
Sunderland,Spurs,7.88,5.51,1.33,0-2,0.0,2.0,2.0,E,
Leeds,A. Villa,5.03,4.01,1.63,0-0,0.0,0.0,0.0,N,
Everton,Brentford,2.72,3.13,2.69,0-3,0.0,3.0,3.0,E,
Wolverhampton,Newcastle,3.18,3.74,2.09,3-1,3.0,1.0,4.0,D,
London Blues,Sunderland,1.41,4.9,6.83,4-0,4.0,0.0,4.0,D,
London Reds,Burnley,1.2,7.21,11.01,2-1,2.0,1.0,3.0,D,
N. Forest,Brighton,2.2,3.85,2.89,2-0,2.0,0.0,2.0,D,
Brentford,Fulham,2.03,3.96,3.18,3-1,3.0,1.0,4.0,D,
Bournemouth,Wolverhampton,1.85,3.58,4.16,3-0,3.0,0.0,3.0,D,
Spurs,Leeds,1.33,5.38,8.05,3-0,3.0,0.0,3.0,D,
Newcastle,West Ham,1.29,5.68,9.01,2-0,2.0,0.0,2.0,D,
A. Villa,Manchester Blue,2.88,3.68,2.27,1-3,1.0,3.0,4.0,E,
Everton,Liverpool,3.67,3.64,1.95,2-2,2.0,2.0,4.0,N,
C. Palace,Manchester Red,2.0,3.56,3.59,1-1,1.0,1.0,2.0,N,
Leeds,London Blues,5.58,4.33,1.54,1-2,1.0,2.0,3.0,E,
Manchester Blue,Spurs,1.35,5.83,6.67,2-1,2.0,1.0,3.0,D,
Manchester Red,London Reds,4.09,3.52,1.88,1-5,1.0,5.0,6.0,E,
N. Forest,A. Villa,1.99,3.55,3.61,0-0,0.0,0.0,0.0,N,
Sunderland,Brentford,7.74,4.57,1.4,2-2,2.0,2.0,4.0,N,
Fulham,Everton,1.83,3.5700000000000003,4.26,1-0,1.0,0.0,1.0,D,
West Ham,Bournemouth,2.05,4.03,3.09,1-1,1.0,1.0,2.0,N,
Liverpool,Burnley,1.16,7.94,14.01,2-0,2.0,0.0,2.0,D,
Brighton,Newcastle,2.18,3.94,2.87,2-1,2.0,1.0,3.0,D,
Wolverhampton,C. Palace,2.46,3.27,2.88,3-0,3.0,0.0,3.0,D,
Everton,Sunderland,1.93,3.48,3.91,2-0,2.0,0.0,2.0,D,
C. Palace,West Ham,1.87,3.79,3.84,1-1,1.0,1.0,2.0,N,
Fulham,Liverpool,3.07,4.02,2.06,1-1,1.0,1.0,2.0,N,
London Blues,Manchester Blue,3.05,3.48,2.25,1-2,1.0,2.0,3.0,E,
Bournemouth,Brighton,2.44,3.66,2.65,3-3,3.0,3.0,6.0,N,
London Reds,Wolverhampton,1.21,6.75,11.27,4-0,4.0,0.0,4.0,D,
Spurs,N. Forest,1.51,4.85,5.21,1-4,1.0,4.0,5.0,E,
Brentford,Leeds,1.37,5.11,7.58,4-0,4.0,0.0,4.0,D,
Burnley,Manchester Red,3.06,3.31,2.32,1-4,1.0,4.0,5.0,E,
Newcastle,A. Villa,1.43,4.71,6.7,1-0,1.0,0.0,1.0,D,
Newcastle,Spurs,1.45,5.1,5.74,2-0,2.0,0.0,2.0,D,
Manchester Blue,Brentford,1.37,5.25,7.21,3-1,3.0,1.0,4.0,D,
Brighton,C. Palace,1.84,3.73,4.03,3-2,3.0,2.0,5.0,D,
A. Villa,Bournemouth,1.45,5.15,5.62,3-1,3.0,1.0,4.0,D,
West Ham,London Reds,6.23,4.28,1.5,1-2,1.0,2.0,3.0,E,
N. Forest,London Blues,2.19,3.51,3.14,2-2,2.0,2.0,4.0,N,
Liverpool,Manchester Red,1.31,5.41,8.94,1-0,1.0,0.0,1.0,D,
Sunderland,Fulham,7.61,4.58,1.41,0-4,0.0,4.0,4.0,E,
Wolverhampton,Burnley,1.74,4.11,4.14,1-2,1.0,2.0,3.0,E,
Leeds,Everton,4.12,3.34,1.93,4-1,4.0,1.0,5.0,D,
Burnley,West Ham,2.67,3.36,2.5700000000000003,2-2,2.0,2.0,4.0,N,
Bournemouth,Spurs,2.39,3.74,2.67,2-1,2.0,1.0,3.0,D,
Sunderland,Liverpool,12.18,6.72,1.21,0-5,0.0,5.0,5.0,E,
Brentford,N. Forest,1.58,4.6,4.75,3-2,3.0,2.0,5.0,D,
Manchester Red,Wolverhampton,1.5,4.42,6.05,1-0,1.0,0.0,1.0,D,
London Reds,Brighton,1.44,5.26,5.69,2-2,2.0,2.0,4.0,N,
London Blues,Newcastle,1.97,3.86,3.43,0-2,0.0,2.0,2.0,E,
Everton,Manchester Blue,5.01,3.49,1.74,1-1,1.0,1.0,2.0,N,
Fulham,Leeds,1.47,4.37,6.69,2-1,2.0,1.0,3.0,D,
C. Palace,A. Villa,2.0,3.56,3.5700000000000003,0-0,0.0,0.0,0.0,N,
Newcastle,Brentford,1.54,4.27,5.64,1-2,1.0,2.0,3.0,E,
N. Forest,Everton,1.85,3.29,4.64,3-1,3.0,1.0,4.0,D,
A. Villa,London Reds,3.33,3.66,2.05,2-3,2.0,3.0,5.0,E,
Bournemouth,London Blues,2.44,3.43,2.79,0-1,0.0,1.0,1.0,E,
Spurs,C. Palace,1.81,3.99,3.89,0-1,0.0,1.0,1.0,E,
Liverpool,Wolverhampton,1.2,6.8,13.13,2-0,2.0,0.0,2.0,D,
Manchester Blue,Fulham,1.35,5.43,7.51,2-3,2.0,3.0,5.0,E,
West Ham,Manchester Red,2.28,3.56,2.94,1-2,1.0,2.0,3.0,E,
Brighton,Burnley,1.44,5.08,5.92,2-0,2.0,0.0,2.0,D,
Leeds,Sunderland,3.62,3.78,1.92,1-3,1.0,3.0,4.0,E,
Burnley,A. Villa,3.01,3.33,2.34,1-0,1.0,0.0,1.0,D,
Wolverhampton,West Ham,2.05,3.61,3.38,3-2,3.0,2.0,5.0,D,
C. Palace,London Blues,2.23,3.66,2.95,1-0,1.0,0.0,1.0,D,
Fulham,N. Forest,1.7000000000000002,4.21,4.29,2-0,2.0,0.0,2.0,D,
Sunderland,Manchester Blue,19.59,7.52,1.14,1-2,1.0,2.0,3.0,E,
Everton,Newcastle,3.08,3.42,2.26,1-2,1.0,2.0,3.0,E,
Manchester Red,Brighton,1.93,3.98,3.45,3-1,3.0,1.0,4.0,D,
Leeds,Liverpool,9.1,5.9,1.28,1-5,1.0,5.0,6.0,E,
London Reds,Spurs,1.45,5.22,5.6,1-1,1.0,1.0,2.0,N,
Brentford,Bournemouth,1.72,4.48,3.9,2-1,2.0,1.0,3.0,D,
Bournemouth,Everton,2.05,3.1,4.01,2-0,2.0,0.0,2.0,D,
N. Forest,Sunderland,1.66,4.0,4.77,1-0,1.0,0.0,1.0,D,
Liverpool,West Ham,1.22,6.46,11.64,2-2,2.0,2.0,4.0,N,
A. Villa,Manchester Red,1.58,4.3,5.13,4-0,4.0,0.0,4.0,D,
Brighton,Wolverhampton,1.52,4.5600000000000005,5.43,4-0,4.0,0.0,4.0,D,
London Blues,London Reds,3.97,3.52,1.91,0-1,0.0,1.0,1.0,E,
Newcastle,Fulham,1.51,4.42,5.77,1-0,1.0,0.0,1.0,D,
Spurs,Burnley,1.46,5.35,5.37,4-0,4.0,0.0,4.0,D,
Manchester Blue,Leeds,1.11,9.11,21.54,4-0,4.0,0.0,4.0,D,
C. Palace,Brentford,2.25,3.5,3.03,0-1,0.0,1.0,1.0,E,
West Ham,London Blues,2.48,3.72,2.58,1-0,1.0,0.0,1.0,D,
Manchester Red,Brentford,2.0,3.54,3.6,1-3,1.0,3.0,4.0,E,
Leeds,Bournemouth,4.59,4.2,1.66,1-2,1.0,2.0,3.0,E,
Manchester Blue,N. Forest,1.18,7.41,12.68,4-0,4.0,0.0,4.0,D,
Sunderland,Spurs,7.49,5.37,1.35,4-2,4.0,2.0,6.0,D,
A. Villa,C. Palace,1.61,4.17,5.02,2-1,2.0,1.0,3.0,D,
Newcastle,Brighton,1.47,4.99,5.52,2-0,2.0,0.0,2.0,D,
Wolverhampton,Liverpool,3.95,4.04,1.79,3-0,3.0,0.0,3.0,D,
Everton,London Reds,6.46,3.68,1.58,1-4,1.0,4.0,5.0,E,
Burnley,Fulham,3.48,3.38,2.1,0-1,0.0,1.0,1.0,E,
Fulham,London Reds,5.49,4.18,1.57,1-3,1.0,3.0,4.0,E,
Newcastle,Manchester Blue,2.3,3.58,2.9,1-0,1.0,0.0,1.0,D,
A. Villa,Manchester Red,1.56,4.39,5.17,1-3,1.0,3.0,4.0,E,
Wolverhampton,Brentford,2.8,3.44,2.43,1-1,1.0,1.0,2.0,N,
Sunderland,Leeds,3.19,3.19,2.31,1-3,1.0,3.0,4.0,E,
C. Palace,Brighton,2.26,3.9,2.78,2-0,2.0,0.0,2.0,D,
West Ham,Everton,1.95,3.4,3.93,1-0,1.0,0.0,1.0,D,
Spurs,N. Forest,1.5,4.97,5.22,1-1,1.0,1.0,2.0,N,
Burnley,Bournemouth,2.73,3.61,2.4,1-0,1.0,0.0,1.0,D,
London Blues,Liverpool,2.38,3.81,2.65,2-1,2.0,1.0,3.0,D,
Spurs,Newcastle,2.27,4.18,2.63,2-1,2.0,1.0,3.0,D,
Fulham,West Ham,1.72,4.15,4.19,0-0,0.0,0.0,0.0,N,
Brighton,Manchester Red,1.81,3.87,4.03,2-2,2.0,2.0,4.0,N,
Wolverhampton,A. Villa,2.47,3.43,2.75,2-0,2.0,0.0,2.0,D,
London Blues,Everton,1.6,3.73,5.98,2-0,2.0,0.0,2.0,D,
N. Forest,Leeds,1.45,4.2,7.57,3-0,3.0,0.0,3.0,D,
Brentford,Liverpool,2.86,4.21,2.11,4-1,4.0,1.0,5.0,D,
London Reds,Bournemouth,1.28,6.25,8.63,3-0,3.0,0.0,3.0,D,
C. Palace,Manchester Blue,4.15,3.66,1.83,1-1,1.0,1.0,2.0,N,
Burnley,Sunderland,2.33,3.49,2.9,1-2,1.0,2.0,3.0,E,
Manchester Red,London Reds,4.02,3.45,1.92,0-1,0.0,1.0,1.0,E,
Manchester Blue,Brighton,1.34,5.98,6.93,1-2,1.0,2.0,3.0,E,
Everton,N. Forest,1.96,3.46,3.84,3-1,3.0,1.0,4.0,D,
A. Villa,Spurs,1.65,4.65,4.19,3-2,3.0,2.0,5.0,D,
Burnley,Wolverhampton,2.39,3.4,2.88,0-3,0.0,3.0,3.0,E,
Liverpool,Bournemouth,1.26,6.3,9.54,3-1,3.0,1.0,4.0,D,
Sunderland,Fulham,7.16,4.48,1.43,1-2,1.0,2.0,3.0,E,
Newcastle,London Blues,1.46,4.73,6.12,1-2,1.0,2.0,3.0,E,
Leeds,Brentford,6.41,4.32,1.49,1-2,1.0,2.0,3.0,E,
West Ham,C. Palace,2.37,3.45,2.86,3-1,3.0,1.0,4.0,D,
N. Forest,Newcastle,2.6,3.61,2.51,1-0,1.0,0.0,1.0,D,
Brentford,Everton,1.72,3.86,4.58,2-0,2.0,0.0,2.0,D,
Leeds,Liverpool,9.15,5.89,1.28,0-2,0.0,2.0,2.0,E,
London Blues,A. Villa,1.7000000000000002,3.84,4.74,2-1,2.0,1.0,3.0,D,
London Reds,Manchester Blue,2.22,3.71,2.93,1-2,1.0,2.0,3.0,E,
C. Palace,Sunderland,1.67,4.06,4.61,1-0,1.0,0.0,1.0,D,
Bournemouth,Manchester Red,2.32,3.22,3.15,1-2,1.0,2.0,3.0,E,
Spurs,Burnley,1.43,5.43,5.7,2-1,2.0,1.0,3.0,D,
Fulham,Wolverhampton,1.69,4.18,4.38,3-0,3.0,0.0,3.0,D,
Brighton,West Ham,1.59,4.35,4.98,2-1,2.0,1.0,3.0,D,
London Reds,Spurs,1.45,5.24,5.54,2-1,2.0,1.0,3.0,D,
Newcastle,Liverpool,1.82,4.16,3.69,2-4,2.0,4.0,6.0,E,
Manchester Blue,West Ham,1.2,7.07,11.28,4-1,4.0,1.0,5.0,D,
Leeds,Burnley,3.32,3.92,1.99,1-1,1.0,1.0,2.0,N,
Brentford,Fulham,2.07,3.94,3.1,1-2,1.0,2.0,3.0,E,
Bournemouth,Wolverhampton,1.85,3.61,4.11,0-0,0.0,0.0,0.0,N,
N. Forest,C. Palace,2.09,3.34,3.54,1-2,1.0,2.0,3.0,E,
Brighton,London Blues,1.91,3.85,3.62,2-2,2.0,2.0,4.0,N,
Everton,A. Villa,2.26,3.17,3.32,2-0,2.0,0.0,2.0,D,
Manchester Red,Sunderland,1.49,4.54,6.01,1-3,1.0,3.0,4.0,E,
Wolverhampton,Manchester Red,2.37,3.41,2.9,1-0,1.0,0.0,1.0,D,
A. Villa,Newcastle,1.87,4.17,3.5,2-0,2.0,0.0,2.0,D,
Burnley,Everton,2.76,2.97,2.76,,,,,,
London Blues,London Reds,3.66,3.44,2.02,2-2,2.0,2.0,4.0,N,
Liverpool,West Ham,1.22,6.46,11.32,2-2,2.0,2.0,4.0,N,
Fulham,Leeds,1.44,4.55,6.9,2-1,2.0,1.0,3.0,D,
Spurs,Bournemouth,1.6800000000000002,4.66,3.98,1-3,1.0,3.0,4.0,E,
C. Palace,Brentford,2.41,3.45,2.8200000000000003,2-1,2.0,1.0,3.0,D,
Brighton,N. Forest,1.55,4.45,5.26,4-0,4.0,0.0,4.0,D,
Sunderland,Manchester Blue,19.14,7.59,1.14,0-6,0.0,6.0,6.0,E,
Burnley,A. Villa,3.2,3.35,2.23,2-0,2.0,0.0,2.0,D,
London Blues,Manchester Red,1.63,3.95,5.14,2-1,2.0,1.0,3.0,D,
Fulham,Newcastle,2.66,3.92,2.33,1-2,1.0,2.0,3.0,E,
Spurs,Manchester Blue,3.63,3.98,1.88,1-0,1.0,0.0,1.0,D,
C. Palace,Everton,1.93,3.31,4.15,4-1,4.0,1.0,5.0,D,
Brighton,Leeds,1.38,4.76,7.86,2-2,2.0,2.0,4.0,N,
Wolverhampton,West Ham,2.05,3.6,3.41,1-1,1.0,1.0,2.0,N,
Liverpool,Sunderland,1.2,6.83,12.27,5-0,5.0,0.0,5.0,D,
London Reds,Brentford,1.44,4.8,6.43,2-2,2.0,2.0,4.0,N,
N. Forest,Bournemouth,1.79,4.03,3.94,3-2,3.0,2.0,5.0,D,
Newcastle,C. Palace,1.45,4.53,6.77,0-0,0.0,0.0,0.0,N,
Burnley,Liverpool,5.52,4.38,1.54,1-1,1.0,1.0,2.0,N,
A. Villa,Fulham,1.7000000000000002,4.12,4.39,3-1,3.0,1.0,4.0,D,
West Ham,Spurs,2.56,4.07,2.36,1-1,1.0,1.0,2.0,N,
Manchester Blue,London Blues,1.34,5.62,7.51,1-0,1.0,0.0,1.0,D,
Manchester Red,N. Forest,1.59,4.17,5.25,1-3,1.0,3.0,4.0,E,
Bournemouth,Brentford,2.64,3.21,2.71,1-2,1.0,2.0,3.0,E,
Leeds,London Reds,17.55,7.01,1.16,0-0,0.0,0.0,0.0,N,
Everton,Brighton,2.67,3.55,2.47,1-1,1.0,1.0,2.0,N,
Sunderland,Wolverhampton,4.23,3.73,1.8,2-3,2.0,3.0,5.0,E,
London Reds,Fulham,1.41,4.92,6.69,3-0,3.0,0.0,3.0,D,
Manchester Blue,Newcastle,1.44,5.17,5.87,1-1,1.0,1.0,2.0,N,
Manchester Red,A. Villa,1.82,3.66,4.2,1-2,1.0,2.0,3.0,E,
Brentford,Wolverhampton,1.57,4.61,4.86,0-0,0.0,0.0,0.0,N,
Leeds,Sunderland,3.58,3.84,1.92,1-2,1.0,2.0,3.0,E,
Brighton,C. Palace,1.82,3.78,4.08,1-1,1.0,1.0,2.0,N,
Everton,West Ham,2.03,3.38,3.67,1-3,1.0,3.0,4.0,E,
N. Forest,Spurs,2.14,3.84,3.0,2-2,2.0,2.0,4.0,N,
Bournemouth,Burnley,1.71,3.98,4.47,1-2,1.0,2.0,3.0,E,
Liverpool,London Blues,1.36,5.15,7.81,4-1,4.0,1.0,5.0,D,
A. Villa,Manchester Blue,2.86,3.7,2.27,0-2,0.0,2.0,2.0,E,
Burnley,Manchester Red,3.09,3.26,2.33,0-0,0.0,0.0,0.0,N,
Fulham,Bournemouth,1.83,4.25,3.61,1-2,1.0,2.0,3.0,E,
London Blues,N. Forest,1.45,4.63,6.51,4-0,4.0,0.0,4.0,D,
C. Palace,London Reds,5.28,3.93,1.62,0-4,0.0,4.0,4.0,E,
Brighton,Liverpool,2.64,3.89,2.36,1-3,1.0,3.0,4.0,E,
West Ham,Newcastle,2.84,3.85,2.23,2-0,2.0,0.0,2.0,D,
Wolverhampton,Leeds,1.63,3.83,5.45,2-1,2.0,1.0,3.0,D,
Spurs,Brentford,1.97,4.03,3.28,2-1,2.0,1.0,3.0,D,
Sunderland,Everton,4.85,3.37,1.8,1-0,1.0,0.0,1.0,D,
Newcastle,Sunderland,1.25,6.22,10.25,5-1,5.0,1.0,6.0,D,
Manchester Blue,Burnley,1.15,8.4,13.71,4-1,4.0,1.0,5.0,D,
Manchester Red,Fulham,1.96,3.55,3.74,2-2,2.0,2.0,4.0,N,
West Ham,A. Villa,2.33,3.56,2.86,1-2,1.0,2.0,3.0,E,
London Reds,Brighton,1.41,5.43,6.04,1-1,1.0,1.0,2.0,N,
Leeds,Spurs,6.19,4.91,1.44,2-3,2.0,3.0,5.0,E,
Brentford,London Blues,2.0,4.02,3.22,3-0,3.0,0.0,3.0,D,
Bournemouth,C. Palace,2.3,3.2,3.2,2-1,2.0,1.0,3.0,D,
Liverpool,N. Forest,1.21,6.74,12.22,1-1,1.0,1.0,2.0,N,
Everton,Wolverhampton,1.89,3.45,4.16,3-1,3.0,1.0,4.0,D,
London Blues,Leeds,1.28,5.34,10.74,4-0,4.0,0.0,4.0,D,
Fulham,Manchester Blue,4.33,3.91,1.74,1-3,1.0,3.0,4.0,E,
Brighton,Bournemouth,1.65,4.47,4.33,1-2,1.0,2.0,3.0,E,
Wolverhampton,Newcastle,3.04,3.77,2.15,2-3,2.0,3.0,5.0,E,
Sunderland,A. Villa,6.42,4.2,1.5,2-2,2.0,2.0,4.0,N,
Spurs,Everton,1.63,4.03,5.03,3-2,3.0,2.0,5.0,D,
C. Palace,Manchester Red,2.09,3.5,3.37,2-1,2.0,1.0,3.0,D,
N. Forest,Brentford,2.24,3.38,3.15,1-0,1.0,0.0,1.0,D,
London Reds,Liverpool,1.69,4.45,4.11,2-2,2.0,2.0,4.0,N,
Burnley,West Ham,2.66,3.45,2.54,1-2,1.0,2.0,3.0,E,
Manchester Red,Leeds,1.37,4.66,8.7,3-0,3.0,0.0,3.0,D,
Brentford,Manchester Blue,3.73,3.96,1.85,0-5,0.0,5.0,5.0,E,
Burnley,A. Villa,3.22,3.28,2.25,1-0,1.0,0.0,1.0,D,
Wolverhampton,London Blues,2.63,3.5,2.53,3-0,3.0,0.0,3.0,D,
Liverpool,Sunderland,1.19,7.03,12.68,2-1,2.0,1.0,3.0,D,
West Ham,Fulham,2.41,3.56,2.75,3-0,3.0,0.0,3.0,D,
London Reds,C. Palace,1.38,4.98,7.54,3-0,3.0,0.0,3.0,D,
Bournemouth,Spurs,2.5,3.72,2.55,1-0,1.0,0.0,1.0,D,
Everton,N. Forest,1.89,3.47,4.13,2-0,2.0,0.0,2.0,D,
Newcastle,Brighton,1.46,4.97,5.69,2-3,2.0,3.0,5.0,E,
A. Villa,Liverpool,2.16,4.1,2.84,3-0,3.0,0.0,3.0,D,
Fulham,Bournemouth,1.86,4.22,3.5,2-1,2.0,1.0,3.0,D,
Spurs,Everton,1.64,4.03,5.0,1-2,1.0,2.0,3.0,E,
London Blues,Burnley,1.34,5.5,7.67,1-1,1.0,1.0,2.0,N,
N. Forest,Manchester Red,1.95,3.5,3.81,0-2,0.0,2.0,2.0,E,
Brighton,Wolverhampton,1.5,4.5600000000000005,5.8100000000000005,0-2,0.0,2.0,2.0,E,
Manchester Blue,West Ham,1.21,6.91,11.05,3-1,3.0,1.0,4.0,D,
Sunderland,London Reds,22.79,8.05,1.12,1-2,1.0,2.0,3.0,E,
Leeds,C. Palace,5.27,3.87,1.63,1-0,1.0,0.0,1.0,D,
Newcastle,Brentford,1.51,4.44,5.8,3-1,3.0,1.0,4.0,D,
Manchester Red,Spurs,1.99,4.01,3.25,1-3,1.0,3.0,4.0,E,
C. Palace,Sunderland,1.71,3.99,4.45,0-1,0.0,1.0,1.0,E,
N. Forest,Leeds,1.48,4.09,7.1,5-0,5.0,0.0,5.0,D,
Everton,Fulham,2.58,3.14,2.83,3-1,3.0,1.0,4.0,D,
Liverpool,London Blues,1.34,5.28,7.9,1-1,1.0,1.0,2.0,N,
Wolverhampton,Brentford,2.8,3.42,2.44,0-1,0.0,1.0,1.0,E,
Burnley,Brighton,3.8,3.95,1.84,1-1,1.0,1.0,2.0,N,
West Ham,Newcastle,2.84,3.83,2.24,2-1,2.0,1.0,3.0,D,
London Reds,A. Villa,1.38,5.1,7.25,1-1,1.0,1.0,2.0,N,
Bournemouth,Manchester Blue,4.93,3.64,1.72,3-1,3.0,1.0,4.0,D,
Leeds,Sunderland,3.74,3.78,1.89,0-1,0.0,1.0,1.0,E,
A. Villa,C. Palace,1.58,4.23,5.28,2-2,2.0,2.0,4.0,N,
Newcastle,Bournemouth,1.29,5.95,8.47,4-0,4.0,0.0,4.0,D,
Wolverhampton,West Ham,2.06,3.61,3.35,2-1,2.0,1.0,3.0,D,
Manchester Blue,Everton,1.23,6.13,12.32,3-2,3.0,2.0,5.0,D,
Brentford,Burnley,1.47,5.17,5.31,2-0,2.0,0.0,2.0,D,
Brighton,Liverpool,2.6,3.91,2.38,2-0,2.0,0.0,2.0,D,
Fulham,Manchester Red,2.05,3.71,3.3,0-2,0.0,2.0,2.0,E,
London Blues,London Reds,3.55,3.47,2.04,1-3,1.0,3.0,4.0,E,
Spurs,N. Forest,1.54,4.75,4.99,3-0,3.0,0.0,3.0,D,
Everton,Newcastle,2.96,3.35,2.36,1-1,1.0,1.0,2.0,N,
London Reds,Brighton,1.43,5.27,5.78,2-2,2.0,2.0,4.0,N,
Manchester Red,Manchester Blue,3.5,3.54,2.03,3-0,3.0,0.0,3.0,D,
Burnley,West Ham,2.67,3.45,2.53,2-3,2.0,3.0,5.0,E,
Sunderland,A. Villa,5.89,4.04,1.56,1-0,1.0,0.0,1.0,D,
N. Forest,Fulham,2.18,3.43,3.24,3-2,3.0,2.0,5.0,D,
Spurs,Leeds,1.34,5.32,8.13,0-1,0.0,1.0,1.0,E,
C. Palace,London Blues,2.19,3.62,3.05,2-0,2.0,0.0,2.0,D,
Liverpool,Brentford,1.4,4.78,7.4,0-0,0.0,0.0,0.0,N,
Bournemouth,Wolverhampton,1.83,3.66,4.19,1-3,1.0,3.0,4.0,E,
Fulham,Spurs,2.18,4.13,2.79,1-2,1.0,2.0,3.0,E,
Leeds,A. Villa,4.98,3.91,1.66,0-4,0.0,4.0,4.0,E,
Brentford,London Reds,4.58,4.19,1.66,2-1,2.0,1.0,3.0,D,
Burnley,Bournemouth,2.85,3.66,2.29,2-0,2.0,0.0,2.0,D,
Manchester Blue,N. Forest,1.17,7.72,13.47,4-0,4.0,0.0,4.0,D,
Brighton,C. Palace,1.89,3.65,3.9,1-0,1.0,0.0,1.0,D,
Wolverhampton,Everton,2.19,3.17,3.48,0-1,0.0,1.0,1.0,E,
Newcastle,Manchester Red,1.4,4.8,7.3,3-0,3.0,0.0,3.0,D,
West Ham,Liverpool,3.54,4.08,1.88,3-2,3.0,2.0,5.0,D,
London Blues,Sunderland,1.4,4.91,7.15,4-2,4.0,2.0,6.0,D,
Spurs,Manchester Blue,3.54,4.08,1.88,1-2,1.0,2.0,3.0,E,
Manchester Red,Wolverhampton,1.49,4.47,6.02,1-3,1.0,3.0,4.0,E,
A. Villa,London Blues,1.65,4.35,4.45,1-3,1.0,3.0,4.0,E,
Everton,Burnley,1.76,3.84,4.3,1-0,1.0,0.0,1.0,D,
Sunderland,Brighton,7.63,5.38,1.35,0-3,0.0,3.0,3.0,E,
Liverpool,Bournemouth,1.25,6.39,9.71,2-1,2.0,1.0,3.0,D,
London Reds,West Ham,1.27,6.09,9.38,4-1,4.0,1.0,5.0,D,
Fulham,Leeds,1.48,4.4,6.45,2-2,2.0,2.0,4.0,N,
C. Palace,Brentford,2.36,3.45,2.89,2-1,2.0,1.0,3.0,D,
N. Forest,Newcastle,2.4,3.64,2.71,1-1,1.0,1.0,2.0,N,
Wolverhampton,N. Forest,1.98,3.67,3.53,2-2,2.0,2.0,4.0,N,
Liverpool,Everton,1.24,5.64,12.68,1-1,1.0,1.0,2.0,N,
Bournemouth,London Reds,5.85,3.72,1.61,2-0,2.0,0.0,2.0,D,
Burnley,Manchester Red,3.23,3.35,2.21,2-2,2.0,2.0,4.0,N,
Manchester Blue,Fulham,1.35,5.31,7.56,3-0,3.0,0.0,3.0,D,
Leeds,London Blues,5.82,4.4,1.51,1-1,1.0,1.0,2.0,N,
Newcastle,Spurs,1.48,4.97,5.41,1-1,1.0,1.0,2.0,N,
West Ham,C. Palace,2.32,3.41,2.98,1-1,1.0,1.0,2.0,N,
Brighton,A. Villa,1.79,3.89,4.09,2-0,2.0,0.0,2.0,D,
Brentford,Sunderland,1.61,4.58,4.52,1-1,1.0,1.0,2.0,N,
A. Villa,Brentford,1.78,3.98,4.03,2-0,2.0,0.0,2.0,D,
London Blues,Brighton,1.74,4.19,4.07,2-0,2.0,0.0,2.0,D,
Manchester Red,Liverpool,2.66,3.73,2.41,2-2,2.0,2.0,4.0,N,
Fulham,Newcastle,2.58,3.91,2.4,1-2,1.0,2.0,3.0,E,
Manchester Blue,Leeds,1.11,8.84,20.6,2-2,2.0,2.0,4.0,N,
N. Forest,Burnley,1.57,4.37,5.17,0-2,0.0,2.0,2.0,E,
London Reds,Everton,1.31,5.18,9.87,2-0,2.0,0.0,2.0,D,
C. Palace,Bournemouth,1.85,4.0,3.71,0-3,0.0,3.0,3.0,E,
Spurs,Wolverhampton,1.54,4.77,4.99,5-0,5.0,0.0,5.0,D,
Sunderland,West Ham,5.02,4.04,1.63,1-4,1.0,4.0,5.0,E,
London Reds,Manchester Red,1.34,5.3,8.13,1-0,1.0,0.0,1.0,D,
Liverpool,N. Forest,1.2,6.92,12.53,1-0,1.0,0.0,1.0,D,
Wolverhampton,Fulham,2.7,3.42,2.52,1-3,1.0,3.0,4.0,E,
Burnley,Spurs,3.87,4.04,1.81,2-0,2.0,0.0,2.0,D,
Brentford,London Blues,1.99,4.08,3.2,5-1,5.0,1.0,6.0,D,
West Ham,A. Villa,2.26,3.6,2.95,2-2,2.0,2.0,4.0,N,
Bournemouth,Sunderland,1.8,3.76,4.21,2-1,2.0,1.0,3.0,D,
Leeds,Brighton,6.08,4.91,1.45,1-3,1.0,3.0,4.0,E,
Newcastle,Manchester Blue,2.35,3.52,2.85,0-1,0.0,1.0,1.0,E,
Everton,C. Palace,2.47,2.99,3.13,0-1,0.0,1.0,1.0,E,
C. Palace,Manchester Red,2.04,3.52,3.49,3-0,3.0,0.0,3.0,D,
Sunderland,Everton,4.79,3.32,1.82,2-1,2.0,1.0,3.0,D,
A. Villa,Bournemouth,1.44,5.15,5.76,2-2,2.0,2.0,4.0,N,
Manchester Blue,Wolverhampton,1.18,7.44,12.59,2-0,2.0,0.0,2.0,D,
Spurs,Liverpool,2.61,4.28,2.25,1-2,1.0,2.0,3.0,E,
London Blues,West Ham,1.49,4.52,5.98,0-0,0.0,0.0,0.0,N,
Newcastle,Leeds,1.16,7.24,16.42,2-1,2.0,1.0,3.0,D,
Fulham,Burnley,1.54,4.7,5.04,2-0,2.0,0.0,2.0,D,
Brighton,Brentford,2.07,3.63,3.31,2-0,2.0,0.0,2.0,D,
N. Forest,London Reds,5.06,3.55,1.72,0-1,0.0,1.0,1.0,E,
Wolverhampton,Newcastle,3.02,3.73,2.17,2-2,2.0,2.0,4.0,N,
West Ham,Brighton,2.62,4.01,2.33,2-0,2.0,0.0,2.0,D,
Manchester Red,Sunderland,1.55,4.32,5.51,2-2,2.0,2.0,4.0,N,
Leeds,Brentford,5.8,4.23,1.53,1-3,1.0,3.0,4.0,E,
Bournemouth,London Blues,2.5,3.39,2.74,1-2,1.0,2.0,3.0,E,
Liverpool,Fulham,1.34,5.17,8.16,4-0,4.0,0.0,4.0,D,
Everton,A. Villa,2.34,3.12,3.2,1-0,1.0,0.0,1.0,D,
London Reds,Spurs,1.43,5.35,5.73,2-2,2.0,2.0,4.0,N,
Burnley,Manchester Blue,8.03,4.48,1.4,1-2,1.0,2.0,3.0,E,
C. Palace,N. Forest,1.66,4.05,4.73,3-0,3.0,0.0,3.0,D,
Spurs,C. Palace,1.81,3.99,3.88,1-2,1.0,2.0,3.0,E,
Brighton,Bournemouth,1.65,4.38,4.44,0-2,0.0,2.0,2.0,E,
Fulham,London Reds,5.39,4.14,1.58,2-2,2.0,2.0,4.0,N,
Newcastle,Burnley,1.19,7.21,11.88,1-0,1.0,0.0,1.0,D,
Wolverhampton,Leeds,1.65,3.69,5.51,2-0,2.0,0.0,2.0,D,
Sunderland,N. Forest,4.62,3.86,1.71,1-3,1.0,3.0,4.0,E,
Brentford,West Ham,1.61,4.57,4.58,2-1,2.0,1.0,3.0,D,
London Blues,Everton,1.58,3.76,6.28,2-0,2.0,0.0,2.0,D,
A. Villa,Manchester Red,1.56,4.35,5.26,2-1,2.0,1.0,3.0,D,
Manchester Blue,Liverpool,1.59,4.76,4.53,2-0,2.0,0.0,2.0,D,
Liverpool,Newcastle,1.44,4.95,6.15,4-1,4.0,1.0,5.0,D,
Bournemouth,Brentford,2.55,3.29,2.75,2-0,2.0,0.0,2.0,D,
Burnley,Wolverhampton,2.5,3.41,2.72,2-2,2.0,2.0,4.0,N,
Everton,Brighton,2.65,3.54,2.5,1-1,1.0,1.0,2.0,N,
London Reds,Manchester Blue,2.28,3.64,2.89,1-1,1.0,1.0,2.0,N,
C. Palace,Fulham,2.27,3.45,3.03,1-2,1.0,2.0,3.0,E,
Manchester Red,London Blues,1.95,3.76,3.56,3-1,3.0,1.0,4.0,D,
N. Forest,A. Villa,2.05,3.45,3.54,1-0,1.0,0.0,1.0,D,
Sunderland,Spurs,7.42,5.39,1.35,1-4,1.0,4.0,5.0,E,
Leeds,West Ham,4.22,3.86,1.77,0-5,0.0,5.0,5.0,E,
West Ham,Bournemouth,2.05,3.96,3.13,3-0,3.0,0.0,3.0,D,
A. Villa,Spurs,1.66,4.62,4.13,2-3,2.0,3.0,5.0,E,
Burnley,Leeds,2.06,3.23,3.77,1-0,1.0,0.0,1.0,D,
Manchester Blue,C. Palace,1.31,5.53,8.83,2-1,2.0,1.0,3.0,D,
Brentford,Everton,1.73,3.83,4.52,3-0,3.0,0.0,3.0,D,
London Blues,N. Forest,1.42,4.7,6.93,1-0,1.0,0.0,1.0,D,
Fulham,Sunderland,1.6800000000000002,4.22,4.41,1-0,1.0,0.0,1.0,D,
Newcastle,London Reds,2.59,3.43,2.62,2-0,2.0,0.0,2.0,D,
Brighton,Manchester Red,1.78,3.86,4.18,2-1,2.0,1.0,3.0,D,
Wolverhampton,Liverpool,4.03,4.06,1.77,4-1,4.0,1.0,5.0,D,
Sunderland,Manchester Blue,17.5,7.04,1.16,0-3,0.0,3.0,3.0,E,
A. Villa,Fulham,1.6800000000000002,4.08,4.58,0-2,0.0,2.0,2.0,E,
Leeds,Bournemouth,4.23,4.16,1.72,0-3,0.0,3.0,3.0,E,
Spurs,London Blues,1.91,4.2,3.35,1-1,1.0,1.0,2.0,N,
Liverpool,Burnley,1.16,8.04,14.07,2-0,2.0,0.0,2.0,D,
C. Palace,Newcastle,2.44,3.74,2.62,2-3,2.0,3.0,5.0,E,
N. Forest,Brighton,2.21,3.79,2.9,3-0,3.0,0.0,3.0,D,
Everton,West Ham,2.01,3.36,3.78,2-0,2.0,0.0,2.0,D,
Manchester Red,Brentford,1.99,3.49,3.69,2-0,2.0,0.0,2.0,D,
London Reds,Wolverhampton,1.22,6.71,11.11,4-1,4.0,1.0,5.0,D,
Liverpool,Leeds,1.12,8.17,21.66,6-0,6.0,0.0,6.0,D,
Brentford,N. Forest,1.56,4.66,4.88,4-2,4.0,2.0,6.0,D,
Bournemouth,Everton,2.15,3.01,3.83,0-1,0.0,1.0,1.0,E,
Newcastle,Sunderland,1.26,6.14,9.69,5-0,5.0,0.0,5.0,D,
London Blues,Fulham,1.78,3.82,4.21,1-2,1.0,2.0,3.0,E,
Burnley,London Reds,10.29,4.86,1.32,0-6,0.0,6.0,6.0,E,
Brighton,Spurs,1.98,4.16,3.17,3-2,3.0,2.0,5.0,D,
Wolverhampton,C. Palace,2.51,3.27,2.8200000000000003,2-2,2.0,2.0,4.0,N,
Manchester Blue,A. Villa,1.29,5.76,9.01,3-0,3.0,0.0,3.0,D,
West Ham,Manchester Red,2.24,3.58,3.0,0-2,0.0,2.0,2.0,E,
Spurs,Brentford,2.03,4.0,3.16,3-3,3.0,3.0,6.0,N,
N. Forest,West Ham,1.79,3.78,4.2,3-0,3.0,0.0,3.0,D,
Leeds,Everton,3.93,3.26,2.0,0-1,0.0,1.0,1.0,E,
London Blues,Manchester Blue,3.13,3.41,2.23,3-0,3.0,0.0,3.0,D,
London Reds,Liverpool,1.73,4.36,3.94,0-0,0.0,0.0,0.0,N,
Sunderland,Wolverhampton,4.38,3.81,1.76,1-3,1.0,3.0,4.0,E,
C. Palace,Burnley,1.62,4.33,4.75,1-1,1.0,1.0,2.0,N,
A. Villa,Newcastle,1.81,4.22,3.69,1-0,1.0,0.0,1.0,D,
Manchester Red,Bournemouth,1.63,4.36,4.59,1-1,1.0,1.0,2.0,N,
Fulham,Brighton,2.33,4.08,2.6,1-3,1.0,3.0,4.0,E,
Bournemouth,N. Forest,1.89,3.63,3.94,1-1,1.0,1.0,2.0,N,
Brentford,Fulham,1.98,3.98,3.31,1-2,1.0,2.0,3.0,E,
Everton,Manchester Red,2.36,3.15,3.14,2-2,2.0,2.0,4.0,N,
Burnley,Sunderland,2.53,3.43,2.67,1-3,1.0,3.0,4.0,E,
London Reds,Leeds,1.15,7.7,17.44,4-0,4.0,0.0,4.0,D,
Wolverhampton,A. Villa,2.38,3.44,2.87,1-2,1.0,2.0,3.0,E,
West Ham,Spurs,2.48,4.02,2.45,3-0,3.0,0.0,3.0,D,
Newcastle,London Blues,1.44,4.8,6.41,0-1,0.0,1.0,1.0,E,
Brighton,Manchester Blue,3.51,3.68,1.99,1-2,1.0,2.0,3.0,E,
Liverpool,C. Palace,1.32,5.17,9.13,1-1,1.0,1.0,2.0,N,
Leeds,Manchester Red,5.06,3.96,1.64,0-2,0.0,2.0,2.0,E,
Manchester Blue,Brentford,1.36,5.28,7.35,2-1,2.0,1.0,3.0,D,
A. Villa,Burnley,1.28,6.25,8.48,2-0,2.0,0.0,2.0,D,
London Blues,Wolverhampton,1.44,4.62,6.77,0-0,0.0,0.0,0.0,N,
Sunderland,Liverpool,11.43,6.38,1.23,2-1,2.0,1.0,3.0,D,
Fulham,West Ham,1.83,3.98,3.82,1-1,1.0,1.0,2.0,N,
C. Palace,London Reds,5.19,3.88,1.64,1-4,1.0,4.0,5.0,E,
Spurs,Bournemouth,1.66,4.69,4.06,3-1,3.0,1.0,4.0,D,
N. Forest,Everton,1.86,3.31,4.54,1-1,1.0,1.0,2.0,N,
Brighton,Newcastle,2.18,3.94,2.87,2-2,2.0,2.0,4.0,N,
Liverpool,A. Villa,1.31,5.38,8.88,2-1,2.0,1.0,3.0,D,
Bournemouth,Fulham,2.4,3.29,2.94,1-2,1.0,2.0,3.0,E,
Everton,Spurs,2.66,3.5700000000000003,2.48,3-3,3.0,3.0,6.0,N,
Burnley,London Blues,3.42,3.56,2.05,0-2,0.0,2.0,2.0,E,
Manchester Red,N. Forest,1.54,4.29,5.66,1-1,1.0,1.0,2.0,N,
Wolverhampton,Brighton,2.64,3.9,2.36,2-3,2.0,3.0,5.0,E,
West Ham,Manchester Blue,4.97,4.07,1.63,1-1,1.0,1.0,2.0,N,
London Reds,Sunderland,1.22,6.69,10.89,1-2,1.0,2.0,3.0,E,
C. Palace,Leeds,1.52,4.04,6.51,1-2,1.0,2.0,3.0,E,
Brentford,Newcastle,2.3,4.12,2.61,2-0,2.0,0.0,2.0,D,
Sunderland,Leeds,3.32,3.15,2.27,1-0,1.0,0.0,1.0,D,
C. Palace,A. Villa,2.03,3.5700000000000003,3.49,1-1,1.0,1.0,2.0,N,
Bournemouth,Newcastle,2.94,3.5700000000000003,2.27,0-3,0.0,3.0,3.0,E,
West Ham,Wolverhampton,1.91,3.86,3.62,2-0,2.0,0.0,2.0,D,
Everton,Manchester Blue,4.84,3.44,1.78,0-2,0.0,2.0,2.0,E,
Burnley,Brentford,3.72,3.41,2.01,0-4,0.0,4.0,4.0,E,
Liverpool,Brighton,1.37,5.43,6.95,1-1,1.0,1.0,2.0,N,
Manchester Red,Fulham,1.96,3.61,3.67,1-1,1.0,1.0,2.0,N,
London Reds,London Blues,1.41,5.04,6.62,3-2,3.0,2.0,5.0,D,
N. Forest,Spurs,2.16,3.86,2.96,2-1,2.0,1.0,3.0,D,
Newcastle,Everton,1.35,4.7,9.2,2-1,2.0,1.0,3.0,D,
Brighton,London Reds,4.13,3.7,1.83,2-1,2.0,1.0,3.0,D,
Manchester Blue,Manchester Red,1.28,5.92,9.11,2-1,2.0,1.0,3.0,D,
West Ham,Burnley,1.72,4.3,4.09,0-0,0.0,0.0,0.0,N,
A. Villa,Sunderland,1.38,5.29,6.84,3-2,3.0,2.0,5.0,D,
Fulham,N. Forest,1.7000000000000002,4.19,4.26,1-3,1.0,3.0,4.0,E,
Leeds,Spurs,5.92,4.9,1.46,1-3,1.0,3.0,4.0,E,
London Blues,C. Palace,1.64,3.89,5.2,3-0,3.0,0.0,3.0,D,
Brentford,Liverpool,2.66,4.14,2.26,1-3,1.0,3.0,4.0,E,
Wolverhampton,Bournemouth,2.17,3.81,2.97,1-2,1.0,2.0,3.0,E,
Spurs,Fulham,1.9,4.14,3.42,0-0,0.0,0.0,0.0,N,
A. Villa,Leeds,1.23,6.03,11.88,3-1,3.0,1.0,4.0,D,
London Reds,Brentford,1.48,4.5600000000000005,6.08,1-3,1.0,3.0,4.0,E,
Bournemouth,Burnley,1.7000000000000002,4.01,4.54,4-1,4.0,1.0,5.0,D,
N. Forest,Manchester Blue,4.05,3.55,1.88,1-4,1.0,4.0,5.0,E,
C. Palace,Brighton,2.28,3.86,2.76,0-0,0.0,0.0,0.0,N,
Everton,Wolverhampton,1.89,3.45,4.14,1-1,1.0,1.0,2.0,N,
Manchester Red,Newcastle,2.24,3.74,2.89,2-1,2.0,1.0,3.0,D,
Liverpool,West Ham,1.2,6.82,12.62,5-0,5.0,0.0,5.0,D,
Sunderland,London Blues,6.98,4.55,1.44,2-1,2.0,1.0,3.0,D,
Manchester Blue,Spurs,1.34,5.91,6.94,2-3,2.0,3.0,5.0,E,
Wolverhampton,Manchester Red,2.43,3.41,2.81,0-0,0.0,0.0,0.0,N,
London Blues,A. Villa,1.6800000000000002,3.92,4.75,2-1,2.0,1.0,3.0,D,
Burnley,Everton,2.71,2.99,2.81,1-2,1.0,2.0,3.0,E,
Brighton,Sunderland,1.54,4.51,5.3,2-2,2.0,2.0,4.0,N,
Bournemouth,Liverpool,3.33,3.73,2.04,2-1,2.0,1.0,3.0,D,
West Ham,London Reds,6.17,4.3,1.5,2-0,2.0,0.0,2.0,D,
Leeds,Fulham,5.41,4.06,1.59,0-1,0.0,1.0,1.0,E,
Brentford,C. Palace,1.88,3.87,3.7,4-2,4.0,2.0,6.0,D,
Newcastle,N. Forest,1.26,5.92,9.97,4-0,4.0,0.0,4.0,D,
N. Forest,Wolverhampton,1.62,4.05,5.1,3-1,3.0,1.0,4.0,D,
Everton,Liverpool,3.61,3.6,1.98,0-1,0.0,1.0,1.0,E,
London Reds,Bournemouth,1.3,6.01,8.0,1-1,1.0,1.0,2.0,N,
Manchester Red,Burnley,1.41,4.98,6.6,1-0,1.0,0.0,1.0,D,
Fulham,Manchester Blue,4.37,4.0,1.72,2-4,2.0,4.0,6.0,E,
London Blues,Leeds,1.29,5.26,10.81,4-0,4.0,0.0,4.0,D,
Spurs,Newcastle,2.18,4.16,2.77,2-2,2.0,2.0,4.0,N,
C. Palace,West Ham,1.84,3.84,3.92,1-0,1.0,0.0,1.0,D,
A. Villa,Brighton,1.6800000000000002,4.59,4.07,2-2,2.0,2.0,4.0,N,
Sunderland,Brentford,7.94,4.67,1.39,0-4,0.0,4.0,4.0,E,
Brentford,A. Villa,1.91,3.96,3.51,2-2,2.0,2.0,4.0,N,
Brighton,London Blues,1.93,3.88,3.52,1-1,1.0,1.0,2.0,N,
Liverpool,Manchester Red,1.32,5.33,8.82,1-2,1.0,2.0,3.0,E,
Newcastle,Fulham,1.44,4.72,6.61,2-2,2.0,2.0,4.0,N,
Leeds,Manchester Blue,14.36,6.44,1.2,1-4,1.0,4.0,5.0,E,
Burnley,N. Forest,2.48,3.42,2.75,1-2,1.0,2.0,3.0,E,
Everton,London Reds,6.33,3.64,1.59,0-0,0.0,0.0,0.0,N,
Bournemouth,C. Palace,2.28,3.16,3.28,3-0,3.0,0.0,3.0,D,
Wolverhampton,Spurs,2.69,3.88,2.32,0-5,0.0,5.0,5.0,E,
West Ham,Sunderland,1.81,3.96,3.92,4-1,4.0,1.0,5.0,D,
Bournemouth,Manchester Red,2.34,3.24,3.08,2-1,2.0,1.0,3.0,D,
C. Palace,A. Villa,2.07,3.56,3.38,2-0,2.0,0.0,2.0,D,
Fulham,N. Forest,1.71,4.09,4.32,3-0,3.0,0.0,3.0,D,
Spurs,West Ham,1.57,4.71,4.73,1-2,1.0,2.0,3.0,E,
Burnley,Manchester Blue,7.93,4.49,1.41,,,,,,
London Reds,Brighton,1.46,5.13,5.59,2-1,2.0,1.0,3.0,D,
Liverpool,Newcastle,1.46,4.91,5.87,2-1,2.0,1.0,3.0,D,
Wolverhampton,Sunderland,1.94,3.75,3.58,2-0,2.0,0.0,2.0,D,
Brentford,Everton,1.71,3.89,4.59,4-0,4.0,0.0,4.0,D,
Leeds,London Blues,5.72,4.39,1.52,1-2,1.0,2.0,3.0,E,
N. Forest,Burnley,1.54,4.48,5.3,3-1,3.0,1.0,4.0,D,
Manchester Blue,Sunderland,1.18,7.6,12.7,2-2,2.0,2.0,4.0,N,
London Blues,Bournemouth,1.53,4.58,5.3,1-0,1.0,0.0,1.0,D,
West Ham,Wolverhampton,1.87,3.88,3.73,1-2,1.0,2.0,3.0,E,
A. Villa,London Reds,3.4,3.66,2.03,1-0,1.0,0.0,1.0,D,
Newcastle,Spurs,1.45,5.08,5.73,,,,,,
Brighton,Fulham,1.95,3.77,3.54,2-2,2.0,2.0,4.0,N,
Leeds,Brentford,6.09,4.29,1.51,1-4,1.0,4.0,5.0,E,
Manchester Red,Liverpool,2.6,3.79,2.43,2-1,2.0,1.0,3.0,D,
Everton,C. Palace,2.38,3.02,3.24,3-2,3.0,2.0,5.0,D,
Burnley,Brighton,3.74,3.88,1.87,1-1,1.0,1.0,2.0,N,
Spurs,Manchester Red,1.77,4.14,3.93,1-0,1.0,0.0,1.0,D,
Fulham,A. Villa,2.07,3.7,3.25,2-2,2.0,2.0,4.0,N,
C. Palace,Leeds,1.48,4.17,6.87,3-0,3.0,0.0,3.0,D,
N. Forest,Manchester Blue,4.17,3.56,1.85,0-0,0.0,0.0,0.0,N,
London Reds,Everton,1.3,5.19,9.98,2-0,2.0,0.0,2.0,D,
Liverpool,London Blues,1.34,5.31,7.81,3-0,3.0,0.0,3.0,D,
Wolverhampton,Newcastle,3.03,3.69,2.18,1-3,1.0,3.0,4.0,E,
Bournemouth,Brentford,2.66,3.2,2.69,1-2,1.0,2.0,3.0,E,
Sunderland,West Ham,5.21,4.04,1.61,0-1,0.0,1.0,1.0,E,
Leeds,London Reds,18.77,7.25,1.15,0-4,0.0,4.0,4.0,E,
Brighton,N. Forest,1.54,4.45,5.36,2-0,2.0,0.0,2.0,D,
Manchester Blue,West Ham,1.22,6.8100000000000005,11.0,5-0,5.0,0.0,5.0,D,
Newcastle,Sunderland,1.25,6.27,10.09,3-1,3.0,1.0,4.0,D,
London Blues,Spurs,1.76,4.22,3.92,3-0,3.0,0.0,3.0,D,
Everton,Fulham,2.67,3.12,2.74,2-2,2.0,2.0,4.0,N,
Manchester Red,Wolverhampton,1.53,4.26,5.77,3-0,3.0,0.0,3.0,D,
Bournemouth,C. Palace,2.39,3.16,3.08,3-1,3.0,1.0,4.0,D,
Brentford,Liverpool,2.7,4.15,2.23,4-1,4.0,1.0,5.0,D,
A. Villa,Burnley,1.31,6.04,7.64,2-2,2.0,2.0,4.0,N,
Spurs,Brentford,2.01,3.98,3.22,3-3,3.0,3.0,6.0,N,
Wolverhampton,London Blues,2.54,3.52,2.61,1-1,1.0,1.0,2.0,N,
Brighton,Manchester Blue,3.55,3.72,1.96,1-1,1.0,1.0,2.0,N,
West Ham,Newcastle,2.9,3.87,2.19,0-3,0.0,3.0,3.0,E,
Sunderland,Manchester Red,5.92,4.04,1.55,1-3,1.0,3.0,4.0,E,
N. Forest,A. Villa,2.0,3.46,3.68,2-0,2.0,0.0,2.0,D,
Burnley,Everton,2.79,2.97,2.73,1-1,1.0,1.0,2.0,N,
Liverpool,C. Palace,1.32,5.14,9.07,2-1,2.0,1.0,3.0,D,
Fulham,Leeds,1.45,4.39,6.92,1-1,1.0,1.0,2.0,N,
London Reds,Bournemouth,1.27,6.38,8.78,3-0,3.0,0.0,3.0,D,
Manchester Red,West Ham,1.59,4.16,5.27,3-0,3.0,0.0,3.0,D,
Brentford,Wolverhampton,1.58,4.5,4.87,2-2,2.0,2.0,4.0,N,
A. Villa,Brighton,1.69,4.57,4.0,1-2,1.0,2.0,3.0,E,
Liverpool,London Reds,2.3,3.45,2.99,0-2,0.0,2.0,2.0,E,
Leeds,Burnley,3.31,3.93,1.98,2-1,2.0,1.0,3.0,D,
Manchester Blue,Newcastle,1.4,5.32,6.3,3-1,3.0,1.0,4.0,D,
Bournemouth,Fulham,2.45,3.27,2.89,2-0,2.0,0.0,2.0,D,
Everton,N. Forest,1.94,3.44,3.96,3-0,3.0,0.0,3.0,D,
C. Palace,Spurs,2.31,3.94,2.69,2-0,2.0,0.0,2.0,D,
London Blues,Sunderland,1.4,4.95,6.85,2-0,2.0,0.0,2.0,D,
West Ham,London Blues,2.46,3.7,2.61,0-0,0.0,0.0,0.0,N,
Newcastle,Manchester Red,1.39,4.87,7.45,3-0,3.0,0.0,3.0,D,
N. Forest,Leeds,1.46,4.18,7.36,0-0,0.0,0.0,0.0,N,
A. Villa,Manchester Blue,2.9,3.76,2.23,4-0,4.0,0.0,4.0,D,
Fulham,Liverpool,3.04,4.03,2.07,2-2,2.0,2.0,4.0,N,
Burnley,Bournemouth,2.91,3.64,2.26,3-2,3.0,2.0,5.0,D,
Sunderland,Brentford,7.1,4.38,1.45,2-1,2.0,1.0,3.0,D,
Spurs,London Reds,4.57,4.2,1.66,1-2,1.0,2.0,3.0,E,
Brighton,Everton,1.67,3.78,5.06,1-0,1.0,0.0,1.0,D,
Wolverhampton,C. Palace,2.44,3.32,2.86,0-4,0.0,4.0,4.0,E,
Manchester Blue,Manchester Red,1.27,6.01,9.32,1-1,1.0,1.0,2.0,N,
Liverpool,Burnley,1.16,7.89,13.72,2-2,2.0,2.0,4.0,N,
London Blues,Newcastle,1.99,3.82,3.37,1-4,1.0,4.0,5.0,E,
London Reds,Wolverhampton,1.23,6.47,10.6,1-1,1.0,1.0,2.0,N,
Everton,A. Villa,2.44,3.17,2.99,4-0,4.0,0.0,4.0,D,
Spurs,Fulham,1.93,4.07,3.36,0-1,0.0,1.0,1.0,E,
C. Palace,Sunderland,1.69,4.04,4.54,3-1,3.0,1.0,4.0,D,
Bournemouth,N. Forest,1.81,3.7,4.23,0-0,0.0,0.0,0.0,N,
Leeds,Brighton,6.4,5.04,1.42,2-2,2.0,2.0,4.0,N,
Brentford,West Ham,1.64,4.48,4.4,1-1,1.0,1.0,2.0,N,
West Ham,C. Palace,2.32,3.42,2.97,3-3,3.0,3.0,6.0,N,
Sunderland,London Reds,24.88,8.38,1.11,0-1,0.0,1.0,1.0,E,
Everton,Manchester Blue,5.18,3.53,1.71,1-3,1.0,3.0,4.0,E,
Burnley,Spurs,3.9,4.04,1.8,0-1,0.0,1.0,1.0,E,
A. Villa,Leeds,1.25,5.85,11.06,2-2,2.0,2.0,4.0,N,
Newcastle,Brentford,1.53,4.35,5.69,3-2,3.0,2.0,5.0,D,
Manchester Red,London Blues,1.88,3.73,3.85,2-2,2.0,2.0,4.0,N,
N. Forest,Liverpool,2.95,3.71,2.22,1-1,1.0,1.0,2.0,N,
Wolverhampton,Fulham,2.69,3.44,2.52,0-2,0.0,2.0,2.0,E,
Brighton,Bournemouth,1.6,4.53,4.68,3-0,3.0,0.0,3.0,D,
C. Palace,Newcastle,2.54,3.74,2.51,0-1,0.0,1.0,1.0,E,
Brentford,Manchester Red,1.82,4.08,3.79,3-2,3.0,2.0,5.0,D,
Bournemouth,A. Villa,2.26,3.31,3.16,0-2,0.0,2.0,2.0,E,
London Reds,West Ham,1.26,6.06,9.6,3-0,3.0,0.0,3.0,D,
Fulham,Sunderland,1.7000000000000002,4.24,4.26,1-1,1.0,1.0,2.0,N,
Leeds,Everton,3.83,3.25,2.04,0-0,0.0,0.0,0.0,N,
Liverpool,Brighton,1.35,5.58,7.03,3-1,3.0,1.0,4.0,D,
Manchester Blue,London Blues,1.34,5.57,7.59,5-0,5.0,0.0,5.0,D,
Spurs,N. Forest,1.56,4.68,4.84,2-2,2.0,2.0,4.0,N,
Wolverhampton,Burnley,1.81,4.07,3.83,2-1,2.0,1.0,3.0,D,
A. Villa,Liverpool,2.1,4.11,2.93,0-1,0.0,1.0,1.0,E,
Everton,Bournemouth,2.1,3.53,3.32,1-0,1.0,0.0,1.0,D,
Manchester Red,C. Palace,1.8,3.62,4.35,0-0,0.0,0.0,0.0,N,
Leeds,Manchester Blue,15.79,6.9,1.17,0-2,0.0,2.0,2.0,E,
West Ham,Fulham,2.42,3.55,2.73,2-0,2.0,0.0,2.0,D,
Sunderland,Burnley,4.1,4.05,1.76,0-0,0.0,0.0,0.0,N,
Newcastle,London Reds,2.77,3.44,2.45,1-1,1.0,1.0,2.0,N,
Brighton,Spurs,1.95,4.21,3.24,3-1,3.0,1.0,4.0,D,
London Blues,Brentford,1.81,3.78,4.14,2-0,2.0,0.0,2.0,D,
N. Forest,Wolverhampton,1.66,3.96,4.89,2-1,2.0,1.0,3.0,D,
Manchester Blue,Brentford,1.37,5.15,7.25,2-2,2.0,2.0,4.0,N,
Spurs,A. Villa,1.85,4.06,3.68,1-1,1.0,1.0,2.0,N,
London Reds,Manchester Red,1.33,5.36,8.2,1-3,1.0,3.0,4.0,E,
C. Palace,London Blues,2.25,3.63,2.94,4-2,4.0,2.0,6.0,D,
Wolverhampton,Brighton,2.58,3.81,2.43,1-4,1.0,4.0,5.0,E,
Sunderland,N. Forest,4.71,3.98,1.6800000000000002,0-2,0.0,2.0,2.0,E,
Burnley,West Ham,2.67,3.4,2.56,2-0,2.0,0.0,2.0,D,
Bournemouth,Leeds,1.61,3.66,6.09,2-2,2.0,2.0,4.0,N,
Liverpool,Everton,1.26,5.47,12.05,1-0,1.0,0.0,1.0,D,
Fulham,Newcastle,2.58,3.84,2.43,2-2,2.0,2.0,4.0,N,
Newcastle,Burnley,1.2,7.08,11.34,4-0,4.0,0.0,4.0,D,
A. Villa,Wolverhampton,1.39,5.13,6.99,3-0,3.0,0.0,3.0,D,
Manchester Red,Fulham,1.97,3.59,3.64,4-1,4.0,1.0,5.0,D,
Brighton,Sunderland,1.53,4.52,5.43,1-0,1.0,0.0,1.0,D,
Bournemouth,Manchester Blue,5.06,3.66,1.7000000000000002,1-0,1.0,0.0,1.0,D,
Everton,Spurs,2.66,3.5700000000000003,2.48,0-3,0.0,3.0,3.0,E,
Brentford,C. Palace,1.87,3.91,3.71,0-3,0.0,3.0,3.0,E,
Leeds,Liverpool,9.71,6.01,1.27,1-2,1.0,2.0,3.0,E,
West Ham,N. Forest,1.87,3.93,3.7,2-1,2.0,1.0,3.0,D,
London Blues,London Reds,3.67,3.43,2.02,0-0,0.0,0.0,0.0,N,
London Reds,Brentford,1.45,4.72,6.23,4-0,4.0,0.0,4.0,D,
Liverpool,Bournemouth,1.24,6.55,10.22,4-0,4.0,0.0,4.0,D,
Fulham,London Blues,2.25,3.78,2.84,3-2,3.0,2.0,5.0,D,
Wolverhampton,Everton,2.2,3.12,3.49,2-0,2.0,0.0,2.0,D,
Spurs,Leeds,1.34,5.39,7.88,4-0,4.0,0.0,4.0,D,
West Ham,Brighton,2.63,4.01,2.32,1-4,1.0,4.0,5.0,E,
Manchester Blue,C. Palace,1.32,5.39,8.54,4-1,4.0,1.0,5.0,D,
Burnley,Manchester Red,3.07,3.26,2.34,2-1,2.0,1.0,3.0,D,
N. Forest,Newcastle,2.56,3.62,2.54,0-1,0.0,1.0,1.0,E,
Sunderland,A. Villa,6.0,4.09,1.54,1-3,1.0,3.0,4.0,E,
Newcastle,Brighton,1.49,4.93,5.42,2-1,2.0,1.0,3.0,D,
Leeds,Wolverhampton,3.65,3.7,1.94,3-1,3.0,1.0,4.0,D,
Everton,Sunderland,1.9,3.49,4.05,0-0,0.0,0.0,0.0,N,
Bournemouth,Spurs,2.5,3.7,2.56,1-2,1.0,2.0,3.0,E,
Brentford,Fulham,2.05,3.92,3.15,2-0,2.0,0.0,2.0,D,
A. Villa,West Ham,1.41,5.12,6.49,1-1,1.0,1.0,2.0,N,
C. Palace,London Reds,5.05,3.75,1.6800000000000002,0-5,0.0,5.0,5.0,E,
Liverpool,Manchester Blue,2.08,3.58,3.34,1-2,1.0,2.0,3.0,E,
London Blues,Burnley,1.34,5.46,7.57,3-2,3.0,2.0,5.0,D,
Manchester Red,N. Forest,1.53,4.33,5.69,3-1,3.0,1.0,4.0,D,
N. Forest,London Blues,2.2,3.56,3.09,0-0,0.0,0.0,0.0,N,
Sunderland,Leeds,3.18,3.21,2.3,0-0,0.0,0.0,0.0,N,
Brighton,Manchester Red,1.74,3.94,4.33,0-0,0.0,0.0,0.0,N,
Spurs,Liverpool,2.6,4.24,2.27,0-2,0.0,2.0,2.0,E,
Burnley,Brentford,3.56,3.35,2.08,0-3,0.0,3.0,3.0,E,
West Ham,Everton,1.97,3.42,3.85,1-1,1.0,1.0,2.0,N,
Fulham,C. Palace,2.14,3.59,3.17,2-1,2.0,1.0,3.0,D,
Manchester Blue,London Reds,2.31,3.68,2.81,1-0,1.0,0.0,1.0,D,
Wolverhampton,Bournemouth,2.14,3.77,3.06,1-4,1.0,4.0,5.0,E,
Newcastle,A. Villa,1.41,4.77,6.99,3-2,3.0,2.0,5.0,D,
Brentford,N. Forest,1.55,4.72,4.9,3-1,3.0,1.0,4.0,D,
Spurs,Manchester Blue,3.55,4.05,1.88,1-4,1.0,4.0,5.0,E,
Manchester Red,A. Villa,1.75,3.79,4.46,0-0,0.0,0.0,0.0,N,
Leeds,West Ham,4.24,3.95,1.75,3-2,3.0,2.0,5.0,D,
Liverpool,Wolverhampton,1.19,6.95,13.55,2-0,2.0,0.0,2.0,D,
C. Palace,Burnley,1.55,4.5,5.17,4-1,4.0,1.0,5.0,D,
Bournemouth,Sunderland,1.85,3.67,4.03,3-0,3.0,0.0,3.0,D,
Everton,Newcastle,3.07,3.42,2.26,0-4,0.0,4.0,4.0,E,
London Reds,Fulham,1.43,4.83,6.51,6-0,6.0,0.0,6.0,D,
London Blues,Brighton,1.79,4.19,3.79,0-5,0.0,5.0,5.0,E,
N. Forest,C. Palace,2.12,3.35,3.45,1-3,1.0,3.0,4.0,E,
Sunderland,Liverpool,12.83,6.79,1.2,1-1,1.0,1.0,2.0,N,
Brighton,Brentford,2.05,3.71,3.3,1-1,1.0,1.0,2.0,N,
Manchester Blue,Fulham,1.34,5.45,7.82,1-1,1.0,1.0,2.0,N,
Newcastle,Leeds,1.18,6.82,15.55,1-0,1.0,0.0,1.0,D,
A. Villa,London Blues,1.65,4.28,4.53,3-3,3.0,3.0,6.0,N,
Manchester Red,Everton,1.66,3.59,5.61,1-0,1.0,0.0,1.0,D,
West Ham,Bournemouth,2.09,3.95,3.05,3-0,3.0,0.0,3.0,D,
Wolverhampton,Spurs,2.65,3.88,2.35,3-2,3.0,2.0,5.0,D,
Burnley,London Reds,10.03,4.86,1.32,3-2,3.0,2.0,5.0,D,
Liverpool,West Ham,1.2,6.77,12.43,1-0,1.0,0.0,1.0,D,
Leeds,Manchester Red,5.23,3.97,1.62,1-1,1.0,1.0,2.0,N,
Bournemouth,Newcastle,2.97,3.54,2.27,1-0,1.0,0.0,1.0,D,
London Blues,Everton,1.56,3.8,6.35,2-3,2.0,3.0,5.0,E,
Brentford,A. Villa,1.93,3.94,3.48,2-2,2.0,2.0,4.0,N,
Wolverhampton,Manchester Blue,5.42,3.92,1.61,3-1,3.0,1.0,4.0,D,
Spurs,Sunderland,1.51,4.89,5.16,4-1,4.0,1.0,5.0,D,
Fulham,Burnley,1.57,4.68,4.79,1-1,1.0,1.0,2.0,N,
C. Palace,Brighton,2.28,3.91,2.73,3-0,3.0,0.0,3.0,D,
London Reds,N. Forest,1.23,6.5600000000000005,10.28,0-1,0.0,1.0,1.0,E,
Manchester Red,Bournemouth,1.64,4.29,4.59,3-0,3.0,0.0,3.0,D,
A. Villa,C. Palace,1.62,4.17,4.92,0-0,0.0,0.0,0.0,N,
N. Forest,Fulham,2.25,3.41,3.11,0-0,0.0,0.0,0.0,N,
West Ham,Spurs,2.43,4.02,2.5,2-0,2.0,0.0,2.0,D,
Manchester Blue,Burnley,1.14,8.69,14.31,3-0,3.0,0.0,3.0,D,
Brighton,London Reds,4.43,3.87,1.74,2-3,2.0,3.0,5.0,E,
Newcastle,Liverpool,1.81,4.19,3.74,2-0,2.0,0.0,2.0,D,
Sunderland,Wolverhampton,4.43,3.82,1.75,2-1,2.0,1.0,3.0,D,
Everton,Brentford,2.83,3.13,2.59,2-0,2.0,0.0,2.0,D,
London Blues,Leeds,1.3,5.19,10.27,1-1,1.0,1.0,2.0,N,
Burnley,N. Forest,2.56,3.41,2.66,3-2,3.0,2.0,5.0,D,
Sunderland,Manchester Blue,18.09,7.22,1.15,0-3,0.0,3.0,3.0,E,
Bournemouth,London Blues,2.46,3.43,2.76,2-1,2.0,1.0,3.0,D,
Wolverhampton,West Ham,2.1,3.6,3.26,2-1,2.0,1.0,3.0,D,
London Reds,A. Villa,1.38,5.0,7.32,3-1,3.0,1.0,4.0,D,
Spurs,Newcastle,2.27,4.2,2.63,0-2,0.0,2.0,2.0,E,
Fulham,Brighton,2.24,4.11,2.7,5-0,5.0,0.0,5.0,D,
Brentford,Leeds,1.38,5.02,7.35,3-0,3.0,0.0,3.0,D,
Liverpool,Manchester Red,1.33,5.2,8.75,2-1,2.0,1.0,3.0,D,
C. Palace,Everton,1.91,3.34,4.23,0-1,0.0,1.0,1.0,E,
Brighton,Burnley,1.43,5.05,6.06,3-1,3.0,1.0,4.0,D,
Manchester Red,Spurs,1.96,4.0,3.35,1-1,1.0,1.0,2.0,N,
A. Villa,Fulham,1.66,4.19,4.58,2-1,2.0,1.0,3.0,D,
Leeds,C. Palace,5.12,3.82,1.66,1-3,1.0,3.0,4.0,E,
Manchester Blue,N. Forest,1.18,7.48,12.53,3-0,3.0,0.0,3.0,D,
Everton,London Reds,6.07,3.6,1.62,0-4,0.0,4.0,4.0,E,
London Blues,Liverpool,2.24,3.86,2.8200000000000003,1-0,1.0,0.0,1.0,D,
Newcastle,Wolverhampton,1.26,5.93,10.23,5-0,5.0,0.0,5.0,D,
Brentford,Bournemouth,1.6800000000000002,4.61,4.04,3-2,3.0,2.0,5.0,D,
West Ham,Sunderland,1.88,3.95,3.64,0-4,0.0,4.0,4.0,E,
London Reds,Leeds,1.15,7.49,17.17,3-1,3.0,1.0,4.0,D,
N. Forest,Brighton,2.22,3.8,2.88,0-1,0.0,1.0,1.0,E,
West Ham,Manchester Blue,5.23,4.12,1.6,0-3,0.0,3.0,3.0,E,
Sunderland,Newcastle,8.73,5.33,1.32,1-3,1.0,3.0,4.0,E,
Spurs,London Blues,1.88,4.24,3.43,2-1,2.0,1.0,3.0,D,
Fulham,Everton,1.83,3.56,4.3,4-1,4.0,1.0,5.0,D,
Wolverhampton,Manchester Red,2.35,3.39,2.94,2-3,2.0,3.0,5.0,E,
C. Palace,Bournemouth,1.85,4.03,3.68,1-2,1.0,2.0,3.0,E,
Liverpool,Brentford,1.39,4.86,7.45,1-1,1.0,1.0,2.0,N,
Burnley,A. Villa,3.37,3.36,2.15,0-2,0.0,2.0,2.0,E,
Brentford,Spurs,2.08,4.42,2.84,2-2,2.0,2.0,4.0,N,
London Blues,Wolverhampton,1.41,4.76,7.08,2-0,2.0,0.0,2.0,D,
Manchester Blue,Brighton,1.36,5.72,6.77,2-1,2.0,1.0,3.0,D,
Newcastle,West Ham,1.28,5.85,9.19,0-2,0.0,2.0,2.0,E,
Manchester Red,Sunderland,1.51,4.43,5.77,3-2,3.0,2.0,5.0,D,
A. Villa,N. Forest,1.38,5.29,6.93,2-3,2.0,3.0,5.0,E,
Everton,Burnley,1.74,3.86,4.4,3-1,3.0,1.0,4.0,D,
C. Palace,Liverpool,2.91,3.78,2.22,4-1,4.0,1.0,5.0,D,
Leeds,Fulham,5.59,4.19,1.56,1-5,1.0,5.0,6.0,E,
Bournemouth,London Reds,6.08,3.83,1.58,1-1,1.0,1.0,2.0,N,
West Ham,Manchester Red,2.24,3.61,2.97,1-2,1.0,2.0,3.0,E,
Wolverhampton,Brentford,2.67,3.39,2.56,2-2,2.0,2.0,4.0,N,
Brighton,A. Villa,1.75,3.95,4.27,0-2,0.0,2.0,2.0,E,
London Reds,Liverpool,1.71,4.42,4.0,3-0,3.0,0.0,3.0,D,
Burnley,Leeds,2.06,3.21,3.82,1-0,1.0,0.0,1.0,D,
Newcastle,Manchester Blue,2.35,3.52,2.86,3-0,3.0,0.0,3.0,D,
Fulham,Bournemouth,1.8,4.24,3.74,2-3,2.0,3.0,5.0,E,
N. Forest,Everton,1.82,3.38,4.66,1-0,1.0,0.0,1.0,D,
Spurs,C. Palace,1.81,4.01,3.87,1-2,1.0,2.0,3.0,E,
Sunderland,London Blues,7.53,4.75,1.4,0-1,0.0,1.0,1.0,E,
London Blues,West Ham,1.52,4.41,5.7,3-2,3.0,2.0,5.0,D,
Manchester Red,Newcastle,2.11,3.76,3.12,2-1,2.0,1.0,3.0,D,
Leeds,N. Forest,3.66,3.75,1.92,2-2,2.0,2.0,4.0,N,
Manchester Blue,A. Villa,1.3,5.71,8.68,2-1,2.0,1.0,3.0,D,
Liverpool,Fulham,1.34,5.18,8.23,1-1,1.0,1.0,2.0,N,
Bournemouth,Burnley,1.74,3.95,4.33,1-0,1.0,0.0,1.0,D,
Brentford,Sunderland,1.56,4.69,4.85,1-1,1.0,1.0,2.0,N,
London Reds,Spurs,1.44,5.29,5.67,2-1,2.0,1.0,3.0,D,
Everton,Brighton,2.58,3.5700000000000003,2.55,2-3,2.0,3.0,5.0,E,
C. Palace,Wolverhampton,1.66,4.02,4.75,0-1,0.0,1.0,1.0,E,
Manchester Red,Manchester Blue,3.62,3.49,2.01,1-2,1.0,2.0,3.0,E,
Burnley,Liverpool,5.7,4.35,1.53,1-2,1.0,2.0,3.0,E,
Newcastle,London Blues,1.45,4.75,6.18,3-1,3.0,1.0,4.0,D,
Wolverhampton,London Reds,6.5600000000000005,4.14,1.5,2-3,2.0,3.0,5.0,E,
A. Villa,Everton,1.48,4.26,6.62,1-2,1.0,2.0,3.0,E,
Fulham,Spurs,2.32,4.08,2.6,3-2,3.0,2.0,5.0,D,
Sunderland,C. Palace,6.1,3.9,1.56,0-2,0.0,2.0,2.0,E,
N. Forest,Bournemouth,1.78,4.02,4.03,1-1,1.0,1.0,2.0,N,
Brighton,Leeds,1.37,4.79,8.22,5-0,5.0,0.0,5.0,D,
West Ham,Brentford,2.62,3.5700000000000003,2.52,4-1,4.0,1.0,5.0,D,
C. Palace,West Ham,1.83,3.86,3.93,4-1,4.0,1.0,5.0,D,
London Reds,Sunderland,1.22,6.74,10.86,3-1,3.0,1.0,4.0,D,
Manchester Blue,Everton,1.23,6.15,12.16,0-0,0.0,0.0,0.0,N,
Spurs,Burnley,1.46,5.27,5.36,2-0,2.0,0.0,2.0,D,
Leeds,A. Villa,5.3,4.04,1.6,1-3,1.0,3.0,4.0,E,
Brentford,Newcastle,2.33,4.1,2.58,2-4,2.0,4.0,6.0,E,
London Blues,Manchester Red,1.67,3.92,4.82,3-0,3.0,0.0,3.0,D,
Liverpool,N. Forest,1.21,6.62,11.9,4-0,4.0,0.0,4.0,D,
Fulham,Wolverhampton,1.7000000000000002,4.15,4.36,3-2,3.0,2.0,5.0,D,
Bournemouth,Brighton,2.55,3.64,2.54,2-1,2.0,1.0,3.0,D,
Newcastle,C. Palace,1.42,4.67,7.03,1-2,1.0,2.0,3.0,E,
Manchester Red,Brentford,2.03,3.52,3.54,3-1,3.0,1.0,4.0,D,
A. Villa,Bournemouth,1.46,4.99,5.67,5-0,5.0,0.0,5.0,D,
West Ham,London Reds,6.02,4.22,1.52,2-0,2.0,0.0,2.0,D,
Sunderland,Fulham,6.97,4.39,1.45,1-1,1.0,1.0,2.0,N,
Everton,Leeds,1.6800000000000002,3.44,5.75,2-0,2.0,0.0,2.0,D,
Brighton,Liverpool,2.58,3.95,2.39,2-3,2.0,3.0,5.0,E,
London Blues,Manchester Blue,3.18,3.48,2.18,1-3,1.0,3.0,4.0,E,
N. Forest,Spurs,2.22,3.85,2.86,3-1,3.0,1.0,4.0,D,
Burnley,Wolverhampton,2.47,3.37,2.78,2-1,2.0,1.0,3.0,D,
Liverpool,A. Villa,1.32,5.25,8.72,3-1,3.0,1.0,4.0,D,
Bournemouth,Everton,2.06,3.08,3.99,2-1,2.0,1.0,3.0,D,
C. Palace,Manchester Red,2.01,3.59,3.53,1-1,1.0,1.0,2.0,N,
Manchester Blue,Leeds,1.11,9.07,21.82,4-0,4.0,0.0,4.0,D,
Fulham,West Ham,1.75,4.1,4.09,0-1,0.0,1.0,1.0,E,
Burnley,Sunderland,2.44,3.48,2.76,0-0,0.0,0.0,0.0,N,
London Reds,Newcastle,1.53,4.8,5.04,1-2,1.0,2.0,3.0,E,
Spurs,Brighton,1.94,4.48,3.12,2-2,2.0,2.0,4.0,N,
Brentford,London Blues,2.01,4.03,3.18,2-0,2.0,0.0,2.0,D,
Wolverhampton,N. Forest,1.92,3.78,3.65,2-0,2.0,0.0,2.0,D,
C. Palace,N. Forest,1.6800000000000002,4.02,4.63,1-1,1.0,1.0,2.0,N,
Liverpool,Sunderland,1.19,6.94,12.77,0-1,0.0,1.0,1.0,E,
Brentford,Brighton,2.1,4.27,2.85,1-3,1.0,3.0,4.0,E,
Fulham,Manchester Blue,4.64,3.99,1.6800000000000002,2-4,2.0,4.0,6.0,E,
Leeds,Newcastle,7.31,5.15,1.37,0-2,0.0,2.0,2.0,E,
London Blues,A. Villa,1.66,3.99,4.8100000000000005,5-1,5.0,1.0,6.0,D,
Everton,Manchester Red,2.3,3.17,3.23,0-0,0.0,0.0,0.0,N,
Bournemouth,West Ham,1.98,3.51,3.68,1-2,1.0,2.0,3.0,E,
Spurs,Wolverhampton,1.5,4.85,5.39,2-0,2.0,0.0,2.0,D,
London Reds,Burnley,1.19,7.62,11.67,1-2,1.0,2.0,3.0,E,
West Ham,Liverpool,3.54,4.1,1.87,3-1,3.0,1.0,4.0,D,
Manchester Red,Leeds,1.36,4.69,8.77,1-1,1.0,1.0,2.0,N,
Newcastle,Bournemouth,1.3,5.85,8.28,4-0,4.0,0.0,4.0,D,
Everton,London Blues,2.5700000000000003,3.26,2.75,1-0,1.0,0.0,1.0,D,
A. Villa,Brentford,1.72,4.08,4.31,1-1,1.0,1.0,2.0,N,
Manchester Blue,Wolverhampton,1.17,7.52,13.18,3-0,3.0,0.0,3.0,D,
Sunderland,Spurs,7.11,5.25,1.37,1-5,1.0,5.0,6.0,E,
Burnley,Fulham,3.58,3.39,2.06,1-1,1.0,1.0,2.0,N,
Brighton,C. Palace,1.8,3.8,4.15,1-2,1.0,2.0,3.0,E,
N. Forest,London Reds,4.8100000000000005,3.59,1.74,1-3,1.0,3.0,4.0,E,
West Ham,Liverpool,3.59,4.09,1.86,2-2,2.0,2.0,4.0,N,
Newcastle,Leeds,1.16,7.11,16.57,2-1,2.0,1.0,3.0,D,
Brentford,Burnley,1.46,5.19,5.45,1-1,1.0,1.0,2.0,N,
Manchester Red,Wolverhampton,1.55,4.23,5.66,2-2,2.0,2.0,4.0,N,
Manchester Blue,Spurs,1.34,5.89,6.82,3-3,3.0,3.0,6.0,N,
Bournemouth,London Reds,5.83,3.72,1.61,0-1,0.0,1.0,1.0,E,
C. Palace,N. Forest,1.7000000000000002,4.01,4.53,3-0,3.0,0.0,3.0,D,
Everton,Brighton,2.62,3.53,2.54,1-3,1.0,3.0,4.0,E,
A. Villa,Sunderland,1.35,5.48,7.35,0-3,0.0,3.0,3.0,E,
Fulham,London Blues,2.16,3.88,2.94,4-1,4.0,1.0,5.0,D,
Sunderland,Everton,4.87,3.3,1.81,0-1,0.0,1.0,1.0,E,
Brighton,C. Palace,1.82,3.75,4.09,1-0,1.0,0.0,1.0,D,
Spurs,Bournemouth,1.67,4.65,4.04,2-2,2.0,2.0,4.0,N,
Leeds,Brentford,5.99,4.29,1.51,0-2,0.0,2.0,2.0,E,
Wolverhampton,Fulham,2.61,3.42,2.61,3-0,3.0,0.0,3.0,D,
West Ham,A. Villa,2.25,3.64,2.94,0-3,0.0,3.0,3.0,E,
N. Forest,Newcastle,2.43,3.65,2.66,2-3,2.0,3.0,5.0,E,
Liverpool,Manchester Blue,2.01,3.64,3.49,2-2,2.0,2.0,4.0,N,
Burnley,London Blues,3.35,3.55,2.09,,,,,,
London Reds,Manchester Red,1.34,5.33,7.89,4-2,4.0,2.0,6.0,D,
Newcastle,Brighton,1.47,4.99,5.59,4-1,4.0,1.0,5.0,D,
Fulham,London Reds,5.19,4.1,1.6,2-1,2.0,1.0,3.0,D,
Bournemouth,Liverpool,3.42,3.72,2.01,1-2,1.0,2.0,3.0,E,
Manchester Red,Spurs,1.94,4.02,3.38,0-1,0.0,1.0,1.0,E,
Manchester Blue,A. Villa,1.28,5.87,9.02,2-2,2.0,2.0,4.0,N,
Everton,West Ham,2.09,3.38,3.51,2-0,2.0,0.0,2.0,D,
C. Palace,Sunderland,1.7000000000000002,4.09,4.43,1-3,1.0,3.0,4.0,E,
London Blues,Wolverhampton,1.43,4.68,6.86,2-0,2.0,0.0,2.0,D,
Leeds,Burnley,3.39,3.91,1.96,0-3,0.0,3.0,3.0,E,
Brentford,N. Forest,1.55,4.73,4.91,2-2,2.0,2.0,4.0,N,
Liverpool,Manchester Red,1.28,5.66,9.65,5-0,5.0,0.0,5.0,D,
Spurs,Fulham,1.98,4.01,3.27,0-0,0.0,0.0,0.0,N,
West Ham,C. Palace,2.29,3.51,2.95,1-3,1.0,3.0,4.0,E,
Sunderland,Newcastle,9.49,5.72,1.28,3-3,3.0,3.0,6.0,N,
A. Villa,Bournemouth,1.48,4.92,5.49,3-1,3.0,1.0,4.0,D,
N. Forest,Leeds,1.46,4.22,7.29,0-1,0.0,1.0,1.0,E,
Brighton,Brentford,1.99,3.74,3.45,0-0,0.0,0.0,0.0,N,
London Reds,London Blues,1.39,5.16,6.86,1-3,1.0,3.0,4.0,E,
Burnley,Wolverhampton,2.45,3.39,2.8,2-0,2.0,0.0,2.0,D,
Manchester Blue,Everton,1.23,6.1,11.97,2-1,2.0,1.0,3.0,D,
Fulham,Liverpool,3.05,4.06,2.06,1-2,1.0,2.0,3.0,E,
Leeds,Brighton,6.27,5.07,1.42,2-1,2.0,1.0,3.0,D,
N. Forest,Burnley,1.57,4.38,5.13,1-2,1.0,2.0,3.0,E,
Bournemouth,Everton,2.07,3.05,4.03,0-2,0.0,2.0,2.0,E,
Manchester Red,A. Villa,1.77,3.75,4.35,1-0,1.0,0.0,1.0,D,
Newcastle,West Ham,1.28,5.79,9.22,4-1,4.0,1.0,5.0,D,
C. Palace,Manchester Blue,4.27,3.71,1.8,1-2,1.0,2.0,3.0,E,
London Blues,Spurs,1.8,4.17,3.8,4-0,4.0,0.0,4.0,D,
Wolverhampton,London Reds,6.54,4.13,1.5,0-1,0.0,1.0,1.0,E,
Brentford,Sunderland,1.55,4.78,4.86,4-1,4.0,1.0,5.0,D,
Bournemouth,C. Palace,2.3,3.19,3.21,1-1,1.0,1.0,2.0,N,
Liverpool,London Blues,1.31,5.52,8.56,3-1,3.0,1.0,4.0,D,
West Ham,Brentford,2.59,3.47,2.59,2-1,2.0,1.0,3.0,D,
Everton,Manchester Red,2.42,3.07,3.12,2-0,2.0,0.0,2.0,D,
Brighton,N. Forest,1.54,4.46,5.36,0-0,0.0,0.0,0.0,N,
Manchester Blue,Newcastle,1.44,5.05,5.89,4-1,4.0,1.0,5.0,D,
Spurs,Wolverhampton,1.55,4.7,4.91,3-1,3.0,1.0,4.0,D,
Burnley,London Reds,10.07,4.8100000000000005,1.33,0-6,0.0,6.0,6.0,E,
Sunderland,Leeds,3.24,3.22,2.27,1-1,1.0,1.0,2.0,N,
A. Villa,Fulham,1.66,4.18,4.5600000000000005,3-0,3.0,0.0,3.0,D,
Brighton,Burnley,1.44,5.1,5.93,0-0,0.0,0.0,0.0,N,
London Reds,Spurs,1.44,5.28,5.71,2-0,2.0,0.0,2.0,D,
Newcastle,Bournemouth,1.31,5.75,7.97,2-1,2.0,1.0,3.0,D,
Wolverhampton,Liverpool,3.74,3.93,1.86,0-1,0.0,1.0,1.0,E,
Brentford,Manchester Blue,4.03,4.09,1.76,0-0,0.0,0.0,0.0,N,
Manchester Red,C. Palace,1.89,3.55,4.03,1-0,1.0,0.0,1.0,D,
N. Forest,Sunderland,1.69,3.96,4.6,3-1,3.0,1.0,4.0,D,
London Blues,A. Villa,1.62,4.0,5.15,0-0,0.0,0.0,0.0,N,
Leeds,West Ham,3.92,3.86,1.83,0-2,0.0,2.0,2.0,E,
Fulham,Everton,1.88,3.46,4.19,3-1,3.0,1.0,4.0,D,
Everton,London Blues,2.6,3.21,2.75,2-2,2.0,2.0,4.0,N,
A. Villa,Wolverhampton,1.39,5.11,7.0,4-0,4.0,0.0,4.0,D,
Sunderland,Brighton,7.52,5.3,1.35,1-0,1.0,0.0,1.0,D,
Burnley,Spurs,3.65,4.0,1.87,2-1,2.0,1.0,3.0,D,
C. Palace,Fulham,2.18,3.5,3.17,0-1,0.0,1.0,1.0,E,
Manchester Blue,Leeds,1.11,8.92,20.95,5-0,5.0,0.0,5.0,D,
Bournemouth,Brentford,2.56,3.22,2.79,3-0,3.0,0.0,3.0,D,
West Ham,N. Forest,1.89,3.88,3.65,4-1,4.0,1.0,5.0,D,
Liverpool,London Reds,2.37,3.41,2.9,1-2,1.0,2.0,3.0,E,
Manchester Red,Newcastle,2.19,3.74,2.97,1-2,1.0,2.0,3.0,E,
Wolverhampton,Everton,2.16,3.18,3.55,1-0,1.0,0.0,1.0,D,
Spurs,Liverpool,2.61,4.22,2.27,3-3,3.0,3.0,6.0,N,
Leeds,Bournemouth,4.33,4.21,1.69,1-2,1.0,2.0,3.0,E,
Brighton,West Ham,1.64,4.27,4.62,1-3,1.0,3.0,4.0,E,
Sunderland,Burnley,3.88,3.95,1.82,2-1,2.0,1.0,3.0,D,
Brentford,Manchester Red,1.81,4.08,3.82,0-1,0.0,1.0,1.0,E,
Fulham,Newcastle,2.5700000000000003,3.95,2.4,2-2,2.0,2.0,4.0,N,
London Reds,A. Villa,1.36,5.14,7.7,0-1,0.0,1.0,1.0,E,
N. Forest,Manchester Blue,4.14,3.55,1.86,0-0,0.0,0.0,0.0,N,
London Blues,C. Palace,1.77,3.66,4.53,1-1,1.0,1.0,2.0,N,
C. Palace,Wolverhampton,1.72,3.98,4.4,2-1,2.0,1.0,3.0,D,
Manchester Red,Leeds,1.35,4.75,9.01,1-0,1.0,0.0,1.0,D,
Bournemouth,N. Forest,1.87,3.64,4.0,2-2,2.0,2.0,4.0,N,
A. Villa,Spurs,1.67,4.59,4.11,1-4,1.0,4.0,5.0,E,
Burnley,Liverpool,5.69,4.41,1.52,0-2,0.0,2.0,2.0,E,
Fulham,Brentford,2.25,3.65,2.93,4-2,4.0,2.0,6.0,D,
Newcastle,London Blues,1.43,4.89,6.39,1-0,1.0,0.0,1.0,D,
Manchester Blue,Brighton,1.35,5.84,6.83,3-1,3.0,1.0,4.0,D,
West Ham,Sunderland,1.79,4.02,3.94,4-2,4.0,2.0,6.0,D,
Everton,London Reds,5.87,3.58,1.64,0-0,0.0,0.0,0.0,N,
Sunderland,Manchester Blue,19.77,7.63,1.14,0-2,0.0,2.0,2.0,E,
London Reds,C. Palace,1.39,4.87,7.43,2-1,2.0,1.0,3.0,D,
Wolverhampton,Newcastle,3.07,3.75,2.14,1-3,1.0,3.0,4.0,E,
Leeds,Fulham,6.11,4.3,1.51,2-2,2.0,2.0,4.0,N,
Brighton,Bournemouth,1.63,4.51,4.48,2-0,2.0,0.0,2.0,D,
N. Forest,Manchester Red,2.0,3.48,3.65,1-3,1.0,3.0,4.0,E,
Spurs,Everton,1.63,4.06,4.96,2-1,2.0,1.0,3.0,D,
West Ham,Burnley,1.69,4.36,4.21,2-2,2.0,2.0,4.0,N,
London Blues,Brentford,1.8,3.76,4.19,1-2,1.0,2.0,3.0,E,
Liverpool,A. Villa,1.32,5.28,8.78,2-2,2.0,2.0,4.0,N,
Bournemouth,Sunderland,1.84,3.68,4.09,2-1,2.0,1.0,3.0,D,
Newcastle,London Reds,2.84,3.43,2.4,0-2,0.0,2.0,2.0,E,
Fulham,N. Forest,1.67,4.22,4.47,2-2,2.0,2.0,4.0,N,
Brentford,Wolverhampton,1.57,4.54,4.9,3-2,3.0,2.0,5.0,D,
Manchester Red,Brighton,1.88,4.01,3.6,1-1,1.0,1.0,2.0,N,
Manchester Blue,West Ham,1.22,6.88,10.86,1-0,1.0,0.0,1.0,D,
Burnley,A. Villa,3.15,3.4,2.23,2-0,2.0,0.0,2.0,D,
C. Palace,Spurs,2.19,3.93,2.86,0-0,0.0,0.0,0.0,N,
Everton,Liverpool,3.66,3.56,1.98,0-4,0.0,4.0,4.0,E,
London Blues,Leeds,1.3,5.19,10.48,0-2,0.0,2.0,2.0,E,
N. Forest,London Blues,2.14,3.55,3.22,1-1,1.0,1.0,2.0,N,
West Ham,Bournemouth,1.99,4.01,3.26,2-2,2.0,2.0,4.0,N,
London Reds,Brentford,1.46,4.75,6.16,4-0,4.0,0.0,4.0,D,
Sunderland,Manchester Red,6.3,4.18,1.51,3-2,3.0,2.0,5.0,D,
Liverpool,C. Palace,1.3,5.34,9.55,0-0,0.0,0.0,0.0,N,
Brighton,Fulham,1.89,3.84,3.71,0-0,0.0,0.0,0.0,N,
Spurs,Newcastle,2.23,4.17,2.69,2-2,2.0,2.0,4.0,N,
Manchester Blue,Burnley,1.15,8.55,13.9,4-0,4.0,0.0,4.0,D,
Wolverhampton,Leeds,1.61,3.82,5.63,0-1,0.0,1.0,1.0,E,
A. Villa,Everton,1.47,4.31,6.7,1-1,1.0,1.0,2.0,N,
Brentford,Spurs,2.03,4.43,2.92,0-0,0.0,0.0,0.0,N,
Fulham,Sunderland,1.66,4.31,4.41,0-1,0.0,1.0,1.0,E,
Wolverhampton,N. Forest,1.93,3.7,3.68,3-2,3.0,2.0,5.0,D,
Newcastle,Liverpool,1.83,4.13,3.68,0-1,0.0,1.0,1.0,E,
London Blues,Brighton,1.79,4.13,3.84,2-1,2.0,1.0,3.0,D,
Leeds,London Reds,18.28,7.38,1.15,0-0,0.0,0.0,0.0,N,
Manchester Red,West Ham,1.63,4.04,4.99,3-0,3.0,0.0,3.0,D,
Burnley,Everton,2.72,2.98,2.8,1-1,1.0,1.0,2.0,N,
Bournemouth,Manchester Blue,4.8100000000000005,3.6,1.74,0-2,0.0,2.0,2.0,E,
C. Palace,A. Villa,2.06,3.55,3.43,0-0,0.0,0.0,0.0,N,
Everton,C. Palace,2.41,3.01,3.19,0-2,0.0,2.0,2.0,E,
London Reds,N. Forest,1.24,6.35,10.22,3-1,3.0,1.0,4.0,D,
Bournemouth,Burnley,1.66,4.14,4.61,2-2,2.0,2.0,4.0,N,
Brighton,Wolverhampton,1.53,4.42,5.52,3-0,3.0,0.0,3.0,D,
Manchester Blue,Manchester Red,1.27,5.94,9.66,2-0,2.0,0.0,2.0,D,
Spurs,Leeds,1.31,5.51,8.54,4-1,4.0,1.0,5.0,D,
Liverpool,Brentford,1.39,4.89,7.23,0-0,0.0,0.0,0.0,N,
Sunderland,London Blues,6.88,4.6,1.43,1-4,1.0,4.0,5.0,E,
West Ham,Fulham,2.41,3.53,2.77,0-0,0.0,0.0,0.0,N,
A. Villa,Newcastle,1.85,4.14,3.59,3-1,3.0,1.0,4.0,D,
Leeds,Liverpool,9.6,5.95,1.27,0-2,0.0,2.0,2.0,E,
Manchester Red,Bournemouth,1.66,4.19,4.6,1-0,1.0,0.0,1.0,D,
Newcastle,Everton,1.33,4.93,9.71,1-0,1.0,0.0,1.0,D,
Brentford,A. Villa,1.84,4.04,3.7,3-2,3.0,2.0,5.0,D,
Wolverhampton,Sunderland,1.93,3.79,3.6,1-3,1.0,3.0,4.0,E,
Burnley,C. Palace,3.32,3.26,2.21,0-2,0.0,2.0,2.0,E,
London Blues,West Ham,1.51,4.46,5.76,0-1,0.0,1.0,1.0,E,
London Reds,Brighton,1.42,5.3,5.94,1-1,1.0,1.0,2.0,N,
N. Forest,Spurs,2.14,3.88,2.98,5-1,5.0,1.0,6.0,D,
Fulham,Manchester Blue,4.47,3.96,1.71,2-2,2.0,2.0,4.0,N,
Liverpool,N. Forest,1.18,7.15,13.38,3-0,3.0,0.0,3.0,D,
A. Villa,Leeds,1.23,6.14,11.77,1-1,1.0,1.0,2.0,N,
Manchester Red,Burnley,1.46,4.77,6.06,3-1,3.0,1.0,4.0,D,
Everton,Brentford,2.71,3.06,2.75,3-1,3.0,1.0,4.0,D,
West Ham,Wolverhampton,1.78,4.0,4.04,4-1,4.0,1.0,5.0,D,
Spurs,Brighton,1.97,4.42,3.06,2-1,2.0,1.0,3.0,D,
Bournemouth,Fulham,2.49,3.31,2.81,3-1,3.0,1.0,4.0,D,
Sunderland,London Reds,24.13,8.13,1.12,1-3,1.0,3.0,4.0,E,
Manchester Blue,London Blues,1.34,5.61,7.45,4-1,4.0,1.0,5.0,D,
C. Palace,Newcastle,2.58,3.77,2.46,0-0,0.0,0.0,0.0,N,
Burnley,Newcastle,4.47,3.89,1.73,2-1,2.0,1.0,3.0,D,
London Blues,Bournemouth,1.56,4.5,5.13,2-2,2.0,2.0,4.0,N,
Wolverhampton,Manchester Blue,5.38,4.03,1.6,1-1,1.0,1.0,2.0,N,
Brighton,Liverpool,2.59,3.89,2.4,1-1,1.0,1.0,2.0,N,
London Reds,West Ham,1.26,6.06,9.61,3-1,3.0,1.0,4.0,D,
N. Forest,A. Villa,2.08,3.46,3.44,4-1,4.0,1.0,5.0,D,
Fulham,Manchester Red,2.04,3.7,3.35,2-2,2.0,2.0,4.0,N,
Spurs,Sunderland,1.5,4.93,5.27,3-1,3.0,1.0,4.0,D,
Brentford,C. Palace,1.83,3.95,3.84,1-3,1.0,3.0,4.0,E,
Leeds,Everton,3.92,3.24,2.02,1-1,1.0,1.0,2.0,N,
Newcastle,Brentford,1.51,4.38,5.84,6-0,6.0,0.0,6.0,D,
Everton,N. Forest,1.92,3.41,4.08,0-6,0.0,6.0,6.0,E,
C. Palace,Leeds,1.47,4.19,6.98,0-1,0.0,1.0,1.0,E,
West Ham,Spurs,2.5700000000000003,4.05,2.36,2-1,2.0,1.0,3.0,D,
Bournemouth,Wolverhampton,1.81,3.69,4.23,4-1,4.0,1.0,5.0,D,
A. Villa,Brighton,1.71,4.48,3.99,0-1,0.0,1.0,1.0,E,
Fulham,Burnley,1.54,4.72,5.04,4-0,4.0,0.0,4.0,D,
Liverpool,Sunderland,1.2,6.91,12.55,2-1,2.0,1.0,3.0,D,
Manchester Blue,London Reds,2.18,3.7,3.02,1-1,1.0,1.0,2.0,N,
Manchester Red,London Blues,1.88,3.78,3.81,2-0,2.0,0.0,2.0,D,
Liverpool,West Ham,1.23,6.45,11.22,2-2,2.0,2.0,4.0,N,
Leeds,Newcastle,7.35,5.09,1.37,2-3,2.0,3.0,5.0,E,
Burnley,Brentford,3.74,3.39,2.01,0-2,0.0,2.0,2.0,E,
Wolverhampton,Manchester Red,2.37,3.43,2.89,3-0,3.0,0.0,3.0,D,
Spurs,Manchester Blue,3.63,4.07,1.86,1-1,1.0,1.0,2.0,N,
London Reds,Bournemouth,1.27,6.24,8.77,5-0,5.0,0.0,5.0,D,
N. Forest,C. Palace,2.0,3.39,3.79,0-0,0.0,0.0,0.0,N,
Brighton,Everton,1.71,3.67,4.94,3-0,3.0,0.0,3.0,D,
Sunderland,A. Villa,6.54,4.32,1.48,2-4,2.0,4.0,6.0,E,
London Blues,Fulham,1.75,3.85,4.4,1-0,1.0,0.0,1.0,D,
Everton,Sunderland,1.99,3.43,3.74,0-0,0.0,0.0,0.0,N,
C. Palace,Brighton,2.24,3.86,2.8200000000000003,3-0,3.0,0.0,3.0,D,
Bournemouth,Spurs,2.52,3.7,2.54,1-2,1.0,2.0,3.0,E,
Brentford,Leeds,1.38,5.01,7.4,3-1,3.0,1.0,4.0,D,
Fulham,Wolverhampton,1.6800000000000002,4.22,4.39,1-1,1.0,1.0,2.0,N,
A. Villa,West Ham,1.4,5.08,6.66,3-0,3.0,0.0,3.0,D,
Newcastle,N. Forest,1.25,6.15,10.25,3-1,3.0,1.0,4.0,D,
Manchester Blue,Liverpool,1.57,4.75,4.71,1-2,1.0,2.0,3.0,E,
London Blues,Burnley,1.37,5.22,7.13,2-2,2.0,2.0,4.0,N,
Manchester Red,London Reds,4.23,3.54,1.85,2-1,2.0,1.0,3.0,D,
Brighton,Newcastle,2.25,3.93,2.77,4-1,4.0,1.0,5.0,D,
London Reds,Fulham,1.41,5.0,6.73,3-1,3.0,1.0,4.0,D,
Liverpool,Bournemouth,1.23,6.5600000000000005,10.22,3-2,3.0,2.0,5.0,D,
Spurs,Manchester Red,1.79,4.13,3.87,0-0,0.0,0.0,0.0,N,
A. Villa,Manchester Blue,2.95,3.74,2.21,1-2,1.0,2.0,3.0,E,
West Ham,Everton,2.02,3.38,3.71,1-1,1.0,1.0,2.0,N,
Sunderland,C. Palace,6.37,4.04,1.53,0-1,0.0,1.0,1.0,E,
Wolverhampton,London Blues,2.49,3.5700000000000003,2.65,1-2,1.0,2.0,3.0,E,
Burnley,Leeds,2.04,3.22,3.84,1-3,1.0,3.0,4.0,E,
N. Forest,Brentford,2.26,3.34,3.14,0-0,0.0,0.0,0.0,N,
Manchester Red,Liverpool,2.5,3.7,2.56,1-1,1.0,1.0,2.0,N,
Fulham,Spurs,2.22,4.08,2.74,0-2,0.0,2.0,2.0,E,
C. Palace,West Ham,1.82,3.9,3.94,2-3,2.0,3.0,5.0,E,
Newcastle,Sunderland,1.24,6.29,10.54,2-0,2.0,0.0,2.0,D,
Bournemouth,A. Villa,2.29,3.32,3.1,1-0,1.0,0.0,1.0,D,
Leeds,N. Forest,3.59,3.68,1.96,1-2,1.0,2.0,3.0,E,
Brentford,Brighton,2.07,4.3,2.91,2-1,2.0,1.0,3.0,D,
London Blues,London Reds,3.56,3.42,2.05,0-1,0.0,1.0,1.0,E,
Wolverhampton,Burnley,1.78,4.06,3.98,1-2,1.0,2.0,3.0,E,
Everton,Manchester Blue,5.02,3.41,1.76,1-1,1.0,1.0,2.0,N,
Liverpool,Fulham,1.36,5.03,7.91,1-2,1.0,2.0,3.0,E,
Brighton,Leeds,1.36,4.83,8.55,0-1,0.0,1.0,1.0,E,
Burnley,N. Forest,2.48,3.43,2.74,3-1,3.0,1.0,4.0,D,
Everton,Bournemouth,2.11,3.53,3.3,0-0,0.0,0.0,0.0,N,
A. Villa,Manchester Red,1.58,4.34,5.07,0-0,0.0,0.0,0.0,N,
West Ham,Newcastle,2.94,3.82,2.19,0-0,0.0,0.0,0.0,N,
Manchester Blue,C. Palace,1.3,5.5600000000000005,9.14,2-0,2.0,0.0,2.0,D,
Spurs,London Blues,1.93,4.12,3.34,2-0,2.0,0.0,2.0,D,
London Reds,Wolverhampton,1.23,6.48,10.78,6-0,6.0,0.0,6.0,D,
Sunderland,Brentford,8.0,4.73,1.38,1-1,1.0,1.0,2.0,N,
C. Palace,Bournemouth,1.88,3.97,3.64,3-1,3.0,1.0,4.0,D,
London Blues,Liverpool,2.37,3.75,2.7,2-2,2.0,2.0,4.0,N,
Brentford,West Ham,1.62,4.55,4.51,3-1,3.0,1.0,4.0,D,
Manchester Red,Everton,1.6800000000000002,3.5700000000000003,5.41,3-3,3.0,3.0,6.0,N,
N. Forest,Brighton,2.25,3.84,2.81,3-0,3.0,0.0,3.0,D,
Newcastle,Manchester Blue,2.47,3.52,2.7,2-2,2.0,2.0,4.0,N,
Wolverhampton,Spurs,2.7,3.85,2.33,1-1,1.0,1.0,2.0,N,
London Reds,Burnley,1.19,7.43,11.77,3-1,3.0,1.0,4.0,D,
Leeds,Sunderland,3.88,3.81,1.85,1-2,1.0,2.0,3.0,E,
Fulham,A. Villa,2.01,3.76,3.37,2-1,2.0,1.0,3.0,D,
Burnley,Brighton,3.65,3.92,1.88,2-2,2.0,2.0,4.0,N,
Spurs,London Reds,4.43,4.18,1.6800000000000002,0-1,0.0,1.0,1.0,E,
Bournemouth,Newcastle,2.86,3.52,2.34,1-0,1.0,0.0,1.0,D,
Liverpool,Wolverhampton,1.19,7.06,13.1,2-0,2.0,0.0,2.0,D,
Manchester Blue,Brentford,1.36,5.28,7.42,1-1,1.0,1.0,2.0,N,
C. Palace,Manchester Red,2.04,3.5700000000000003,3.45,0-1,0.0,1.0,1.0,E,
Sunderland,N. Forest,4.32,3.85,1.76,2-1,2.0,1.0,3.0,D,
A. Villa,London Blues,1.65,4.34,4.45,1-0,1.0,0.0,1.0,D,
West Ham,Leeds,1.55,4.15,5.69,0-0,0.0,0.0,0.0,N,
Everton,Fulham,2.5700000000000003,3.11,2.85,1-2,1.0,2.0,3.0,E,
London Blues,Everton,1.57,3.8,6.29,0-0,0.0,0.0,0.0,N,
Wolverhampton,A. Villa,2.45,3.4,2.79,1-4,1.0,4.0,5.0,E,
Brighton,Sunderland,1.54,4.55,5.28,0-1,0.0,1.0,1.0,E,
Spurs,Burnley,1.42,5.46,5.79,3-1,3.0,1.0,4.0,D,
Fulham,C. Palace,2.08,3.63,3.3,2-0,2.0,0.0,2.0,D,
Leeds,Manchester Blue,14.87,6.63,1.19,0-3,0.0,3.0,3.0,E,
Brentford,Bournemouth,1.67,4.61,4.09,1-1,1.0,1.0,2.0,N,
N. Forest,West Ham,1.72,3.86,4.55,1-1,1.0,1.0,2.0,N,
London Reds,Liverpool,1.73,4.42,3.9,2-3,2.0,3.0,5.0,E,
Newcastle,Manchester Red,1.4,4.79,7.43,3-1,3.0,1.0,4.0,D,
Everton,Wolverhampton,1.92,3.42,4.04,1-0,1.0,0.0,1.0,D,
Liverpool,Spurs,1.35,5.6,7.11,2-0,2.0,0.0,2.0,D,
Bournemouth,Leeds,1.61,3.7,5.89,2-1,2.0,1.0,3.0,D,
West Ham,Brighton,2.44,4.01,2.5,0-2,0.0,2.0,2.0,E,
Burnley,Sunderland,2.42,3.46,2.79,2-1,2.0,1.0,3.0,D,
Manchester Red,Brentford,2.03,3.53,3.53,0-2,0.0,2.0,2.0,E,
Newcastle,Fulham,1.5,4.5,5.91,3-1,3.0,1.0,4.0,D,
A. Villa,London Reds,3.54,3.7,1.97,2-1,2.0,1.0,3.0,D,
Manchester Blue,N. Forest,1.19,7.23,12.11,3-1,3.0,1.0,4.0,D,
C. Palace,London Blues,2.24,3.64,2.96,0-0,0.0,0.0,0.0,N,
Wolverhampton,C. Palace,2.45,3.27,2.89,1-1,1.0,1.0,2.0,N,
Leeds,Manchester Red,5.06,3.93,1.64,1-0,1.0,0.0,1.0,D,
N. Forest,Bournemouth,1.89,3.9,3.63,2-3,2.0,3.0,5.0,E,
Spurs,A. Villa,1.74,4.23,4.03,0-2,0.0,2.0,2.0,E,
Liverpool,Burnley,1.16,7.93,13.95,6-0,6.0,0.0,6.0,D,
Brentford,Fulham,2.03,3.94,3.19,1-3,1.0,3.0,4.0,E,
London Blues,Newcastle,1.92,3.91,3.53,2-1,2.0,1.0,3.0,D,
Brighton,Manchester Blue,3.65,3.76,1.92,1-2,1.0,2.0,3.0,E,
Sunderland,West Ham,4.93,3.93,1.66,0-1,0.0,1.0,1.0,E,
London Reds,Everton,1.32,5.06,9.59,2-1,2.0,1.0,3.0,D,
Manchester Blue,Sunderland,1.18,7.55,12.82,2-1,2.0,1.0,3.0,D,
C. Palace,London Reds,5.24,3.82,1.65,0-3,0.0,3.0,3.0,E,
Newcastle,Wolverhampton,1.26,6.07,10.12,4-1,4.0,1.0,5.0,D,
Fulham,Leeds,1.48,4.33,6.44,1-2,1.0,2.0,3.0,E,
Bournemouth,Brighton,2.52,3.68,2.55,2-1,2.0,1.0,3.0,D,
Manchester Red,N. Forest,1.56,4.26,5.4,1-0,1.0,0.0,1.0,D,
Everton,Spurs,2.68,3.61,2.44,1-2,1.0,2.0,3.0,E,
Burnley,West Ham,2.55,3.44,2.66,1-2,1.0,2.0,3.0,E,
Brentford,London Blues,2.0,4.06,3.18,3-0,3.0,0.0,3.0,D,
A. Villa,Liverpool,2.1,4.07,2.95,1-1,1.0,1.0,2.0,N,
Sunderland,Bournemouth,5.27,4.38,1.56,0-1,0.0,1.0,1.0,E,
London Reds,Newcastle,1.52,4.83,5.17,1-1,1.0,1.0,2.0,N,
N. Forest,Fulham,2.24,3.41,3.12,1-1,1.0,1.0,2.0,N,
Wolverhampton,Brentford,2.78,3.38,2.47,0-0,0.0,0.0,0.0,N,
Brighton,Manchester Red,1.78,3.87,4.18,2-3,2.0,3.0,5.0,E,
West Ham,Manchester Blue,5.32,4.11,1.59,1-1,1.0,1.0,2.0,N,
A. Villa,Burnley,1.31,6.0,7.69,4-1,4.0,1.0,5.0,D,
Spurs,C. Palace,1.85,4.01,3.7,1-1,1.0,1.0,2.0,N,
Liverpool,Everton,1.25,5.51,12.35,3-2,3.0,2.0,5.0,D,
Leeds,London Blues,5.39,4.21,1.57,1-2,1.0,2.0,3.0,E,
London Blues,N. Forest,1.42,4.77,6.85,2-0,2.0,0.0,2.0,D,
Bournemouth,West Ham,1.99,3.54,3.63,5-0,5.0,0.0,5.0,D,
Brentford,London Reds,4.82,4.21,1.62,0-3,0.0,3.0,3.0,E,
Manchester Red,Sunderland,1.53,4.33,5.75,4-1,4.0,1.0,5.0,D,
C. Palace,Liverpool,3.06,3.88,2.11,0-1,0.0,1.0,1.0,E,
Fulham,Brighton,2.31,4.04,2.63,1-1,1.0,1.0,2.0,N,
Newcastle,Spurs,1.5,4.89,5.34,2-2,2.0,2.0,4.0,N,
Burnley,Manchester Blue,8.2,4.57,1.39,0-1,0.0,1.0,1.0,E,
Leeds,Wolverhampton,3.54,3.7,1.97,1-2,1.0,2.0,3.0,E,
Everton,A. Villa,2.39,3.17,3.07,0-1,0.0,1.0,1.0,E,
Spurs,Brentford,2.03,3.94,3.19,1-1,1.0,1.0,2.0,N,
Sunderland,Fulham,6.94,4.38,1.45,2-2,2.0,2.0,4.0,N,
N. Forest,Wolverhampton,1.69,3.93,4.69,1-2,1.0,2.0,3.0,E,
Liverpool,Newcastle,1.45,4.94,6.02,2-1,2.0,1.0,3.0,D,
Brighton,London Blues,1.94,3.88,3.48,3-1,3.0,1.0,4.0,D,
London Reds,Leeds,1.16,7.43,16.31,4-0,4.0,0.0,4.0,D,
West Ham,Manchester Red,2.27,3.54,2.96,2-1,2.0,1.0,3.0,D,
Everton,Burnley,1.74,3.83,4.45,0-0,0.0,0.0,0.0,N,
Manchester Blue,Bournemouth,1.24,6.79,9.48,1-2,1.0,2.0,3.0,E,
A. Villa,C. Palace,1.57,4.27,5.28,1-0,1.0,0.0,1.0,D,
C. Palace,Everton,1.9,3.36,4.25,1-2,1.0,2.0,3.0,E,
N. Forest,London Reds,5.03,3.61,1.71,2-1,2.0,1.0,3.0,D,
Burnley,Bournemouth,2.84,3.65,2.31,1-0,1.0,0.0,1.0,D,
Wolverhampton,Brighton,2.69,3.8,2.35,2-1,2.0,1.0,3.0,D,
Manchester Red,Manchester Blue,3.45,3.52,2.06,2-1,2.0,1.0,3.0,D,
Leeds,Spurs,6.1,5.02,1.43,1-3,1.0,3.0,4.0,E,
Brentford,Liverpool,2.73,4.17,2.2,1-3,1.0,3.0,4.0,E,
London Blues,Sunderland,1.42,4.8100000000000005,6.86,3-0,3.0,0.0,3.0,D,
Fulham,West Ham,1.79,4.05,3.95,2-1,2.0,1.0,3.0,D,
Newcastle,A. Villa,1.39,4.92,7.32,1-0,1.0,0.0,1.0,D,
Liverpool,Leeds,1.12,8.23,21.51,3-1,3.0,1.0,4.0,D,
Bournemouth,Manchester Red,2.33,3.26,3.08,2-0,2.0,0.0,2.0,D,
Everton,Newcastle,2.95,3.39,2.35,1-1,1.0,1.0,2.0,N,
A. Villa,Brentford,1.7000000000000002,4.13,4.36,1-1,1.0,1.0,2.0,N,
Sunderland,Wolverhampton,4.45,3.86,1.74,0-1,0.0,1.0,1.0,E,
C. Palace,Burnley,1.55,4.51,5.13,2-0,2.0,0.0,2.0,D,
West Ham,London Blues,2.53,3.67,2.54,2-1,2.0,1.0,3.0,D,
Brighton,London Reds,4.2,3.77,1.8,0-2,0.0,2.0,2.0,E,
Spurs,N. Forest,1.5,4.85,5.31,1-1,1.0,1.0,2.0,N,
Manchester Blue,Fulham,1.31,5.72,8.27,1-2,1.0,2.0,3.0,E,
N. Forest,Liverpool,2.84,3.67,2.3,1-0,1.0,0.0,1.0,D,
Leeds,A. Villa,5.17,3.99,1.62,0-4,0.0,4.0,4.0,E,
Burnley,Manchester Red,3.1,3.28,2.31,2-1,2.0,1.0,3.0,D,
Brentford,Everton,1.74,3.8,4.5,3-0,3.0,0.0,3.0,D,
Wolverhampton,West Ham,2.13,3.63,3.18,3-0,3.0,0.0,3.0,D,
Brighton,Spurs,1.95,4.19,3.24,2-0,2.0,0.0,2.0,D,
Fulham,Bournemouth,1.77,4.27,3.82,1-1,1.0,1.0,2.0,N,
London Reds,Sunderland,1.23,6.5600000000000005,10.44,3-1,3.0,1.0,4.0,D,
London Blues,Manchester Blue,3.24,3.49,2.15,1-1,1.0,1.0,2.0,N,
Newcastle,C. Palace,1.43,4.62,6.94,4-0,4.0,0.0,4.0,D,
Newcastle,Burnley,1.21,6.91,11.31,5-0,5.0,0.0,5.0,D,
Bournemouth,London Blues,2.39,3.45,2.84,0-0,0.0,0.0,0.0,N,
Manchester Blue,Wolverhampton,1.19,7.33,12.4,6-0,6.0,0.0,6.0,D,
Liverpool,Brighton,1.36,5.53,6.99,0-1,0.0,1.0,1.0,E,
West Ham,London Reds,6.2,4.22,1.51,2-4,2.0,4.0,6.0,E,
A. Villa,N. Forest,1.38,5.16,7.04,2-1,2.0,1.0,3.0,D,
Manchester Red,Fulham,1.87,3.64,3.99,2-1,2.0,1.0,3.0,D,
Sunderland,Spurs,7.72,5.49,1.34,1-2,1.0,2.0,3.0,E,
C. Palace,Brentford,2.33,3.48,2.91,2-2,2.0,2.0,4.0,N,
Everton,Leeds,1.67,3.43,5.93,0-0,0.0,0.0,0.0,N,
Brentford,Newcastle,2.25,4.12,2.68,2-3,2.0,3.0,5.0,E,
N. Forest,Everton,1.82,3.34,4.72,0-0,0.0,0.0,0.0,N,
Leeds,C. Palace,5.26,3.92,1.63,1-2,1.0,2.0,3.0,E,
Spurs,West Ham,1.61,4.61,4.52,4-1,4.0,1.0,5.0,D,
Wolverhampton,Bournemouth,2.11,3.86,3.06,1-1,1.0,1.0,2.0,N,
Brighton,A. Villa,1.84,3.81,3.94,1-0,1.0,0.0,1.0,D,
Burnley,Fulham,3.61,3.42,2.04,0-1,0.0,1.0,1.0,E,
Sunderland,Liverpool,11.52,6.57,1.22,0-2,0.0,2.0,2.0,E,
London Reds,Manchester Blue,2.26,3.67,2.9,1-0,1.0,0.0,1.0,D,
London Blues,Manchester Red,1.65,3.95,4.94,3-1,3.0,1.0,4.0,D,
Everton,London Reds,6.54,3.7,1.57,,,,,,
Manchester Blue,Newcastle,1.44,5.16,5.88,2-2,2.0,2.0,4.0,N,
Manchester Red,Bournemouth,1.63,4.26,4.77,1-0,1.0,0.0,1.0,D,
A. Villa,C. Palace,1.57,4.25,5.31,1-4,1.0,4.0,5.0,E,
N. Forest,West Ham,1.76,3.85,4.31,4-1,4.0,1.0,5.0,D,
Leeds,Burnley,3.42,3.95,1.94,1-1,1.0,1.0,2.0,N,
Spurs,Liverpool,2.64,4.28,2.23,1-1,1.0,1.0,2.0,N,
Fulham,London Blues,2.11,3.84,3.07,2-3,2.0,3.0,5.0,E,
Sunderland,Wolverhampton,4.46,3.78,1.75,0-2,0.0,2.0,2.0,E,
Brighton,Brentford,2.04,3.69,3.34,0-2,0.0,2.0,2.0,E,
Burnley,Sunderland,2.46,3.45,2.74,2-3,2.0,3.0,5.0,E,
Liverpool,Newcastle,1.45,4.89,5.96,5-0,5.0,0.0,5.0,D,
Brentford,Manchester Red,1.84,4.09,3.66,2-3,2.0,3.0,5.0,E,
London Reds,A. Villa,1.35,5.29,7.54,2-2,2.0,2.0,4.0,N,
Bournemouth,Manchester Blue,5.11,3.69,1.69,0-1,0.0,1.0,1.0,E,
West Ham,Fulham,2.4,3.64,2.71,4-0,4.0,0.0,4.0,D,
Wolverhampton,Spurs,2.66,3.85,2.36,0-3,0.0,3.0,3.0,E,
Everton,N. Forest,1.93,3.47,3.94,1-1,1.0,1.0,2.0,N,
London Blues,Leeds,1.3,5.17,10.45,5-0,5.0,0.0,5.0,D,
C. Palace,Brighton,2.24,3.88,2.81,2-1,2.0,1.0,3.0,D,
Wolverhampton,Liverpool,3.75,3.95,1.85,1-1,1.0,1.0,2.0,N,
Brighton,London Reds,4.4,3.85,1.75,3-0,3.0,0.0,3.0,D,
Manchester Red,C. Palace,1.86,3.55,4.17,1-1,1.0,1.0,2.0,N,
Spurs,Burnley,1.42,5.52,5.77,0-1,0.0,1.0,1.0,E,
A. Villa,N. Forest,1.38,5.24,6.99,3-0,3.0,0.0,3.0,D,
Sunderland,London Blues,6.85,4.61,1.43,0-4,0.0,4.0,4.0,E,
Leeds,West Ham,4.28,3.86,1.76,1-4,1.0,4.0,5.0,E,
Manchester Blue,Brentford,1.37,5.18,7.23,1-1,1.0,1.0,2.0,N,
Newcastle,Bournemouth,1.3,5.86,8.39,2-0,2.0,0.0,2.0,D,
Fulham,Everton,1.8,3.6,4.43,1-1,1.0,1.0,2.0,N,
Everton,Leeds,1.65,3.47,5.99,2-2,2.0,2.0,4.0,N,
London Reds,Manchester Red,1.38,5.09,7.33,2-0,2.0,0.0,2.0,D,
Burnley,Wolverhampton,2.52,3.43,2.69,2-3,2.0,3.0,5.0,E,
London Blues,Spurs,1.79,4.16,3.82,3-1,3.0,1.0,4.0,D,
Brentford,Newcastle,2.28,4.09,2.66,4-1,4.0,1.0,5.0,D,
Liverpool,Bournemouth,1.23,6.6,10.55,2-0,2.0,0.0,2.0,D,
C. Palace,Manchester Blue,4.6,3.8,1.73,2-2,2.0,2.0,4.0,N,
West Ham,Sunderland,1.79,4.07,3.91,1-2,1.0,2.0,3.0,E,
A. Villa,Fulham,1.7000000000000002,4.1,4.36,2-0,2.0,0.0,2.0,D,
N. Forest,Brighton,2.2,3.87,2.89,0-4,0.0,4.0,4.0,E,
Newcastle,C. Palace,1.43,4.53,7.15,4-0,4.0,0.0,4.0,D,
Burnley,Liverpool,5.18,4.25,1.58,2-0,2.0,0.0,2.0,D,
Sunderland,Everton,4.75,3.29,1.83,2-2,2.0,2.0,4.0,N,
Bournemouth,Brentford,2.71,3.23,2.62,1-1,1.0,1.0,2.0,N,
Manchester Red,N. Forest,1.54,4.3,5.64,4-1,4.0,1.0,5.0,D,
Leeds,A. Villa,4.96,3.98,1.65,3-2,3.0,2.0,5.0,D,
Spurs,West Ham,1.55,4.74,4.9,2-1,2.0,1.0,3.0,D,
Manchester Blue,London Reds,2.21,3.68,2.98,0-1,0.0,1.0,1.0,E,
Wolverhampton,London Blues,2.7,3.54,2.46,1-2,1.0,2.0,3.0,E,
Brighton,Fulham,1.92,3.79,3.63,1-0,1.0,0.0,1.0,D,
Brighton,Leeds,1.39,4.71,7.84,2-2,2.0,2.0,4.0,N,
C. Palace,Bournemouth,1.84,4.02,3.72,2-0,2.0,0.0,2.0,D,
A. Villa,Sunderland,1.34,5.57,7.53,4-0,4.0,0.0,4.0,D,
Everton,Spurs,2.56,3.59,2.56,1-1,1.0,1.0,2.0,N,
London Blues,Burnley,1.37,5.27,7.24,2-0,2.0,0.0,2.0,D,
Liverpool,Brentford,1.39,4.9,7.39,4-0,4.0,0.0,4.0,D,
London Reds,Newcastle,1.53,4.77,5.12,4-1,4.0,1.0,5.0,D,
N. Forest,Manchester Blue,3.95,3.53,1.91,3-1,3.0,1.0,4.0,D,
Fulham,Manchester Red,2.0,3.71,3.45,1-2,1.0,2.0,3.0,E,
West Ham,Wolverhampton,1.81,3.92,3.97,5-1,5.0,1.0,6.0,D,
Spurs,A. Villa,1.75,4.21,3.98,3-1,3.0,1.0,4.0,D,
Burnley,West Ham,2.66,3.43,2.55,1-1,1.0,1.0,2.0,N,
Wolverhampton,Everton,2.14,3.14,3.65,1-1,1.0,1.0,2.0,N,
Brentford,C. Palace,1.92,3.82,3.6,3-2,3.0,2.0,5.0,D,
London Blues,Liverpool,2.31,3.79,2.75,3-3,3.0,3.0,6.0,N,
Sunderland,Brighton,7.67,5.22,1.36,1-1,1.0,1.0,2.0,N,
Newcastle,N. Forest,1.26,6.04,10.14,1-2,1.0,2.0,3.0,E,
Manchester Red,Leeds,1.37,4.64,8.93,2-2,2.0,2.0,4.0,N,
Manchester Blue,Fulham,1.3,5.76,8.38,2-1,2.0,1.0,3.0,D,
Bournemouth,London Reds,6.39,3.88,1.55,1-3,1.0,3.0,4.0,E,
N. Forest,Bournemouth,1.8,4.04,3.88,2-2,2.0,2.0,4.0,N,
London Reds,Brentford,1.5,4.51,5.76,1-1,1.0,1.0,2.0,N,
Brighton,Spurs,1.93,4.23,3.27,3-1,3.0,1.0,4.0,D,
Manchester Red,Sunderland,1.5,4.5,5.83,1-0,1.0,0.0,1.0,D,
Liverpool,C. Palace,1.33,5.13,9.06,3-2,3.0,2.0,5.0,D,
West Ham,London Blues,2.45,3.73,2.6,0-0,0.0,0.0,0.0,N,
Leeds,Manchester Blue,14.75,6.5,1.19,1-3,1.0,3.0,4.0,E,
A. Villa,Wolverhampton,1.36,5.35,7.28,4-1,4.0,1.0,5.0,D,
Fulham,Newcastle,2.5700000000000003,3.92,2.4,2-2,2.0,2.0,4.0,N,
Everton,Burnley,1.77,3.79,4.33,4-0,4.0,0.0,4.0,D,
Brentford,N. Forest,1.53,4.74,5.08,2-2,2.0,2.0,4.0,N,
Newcastle,Leeds,1.17,6.9,15.67,3-2,3.0,2.0,5.0,D,
Spurs,Manchester Red,1.77,4.21,3.88,3-1,3.0,1.0,4.0,D,
London Blues,Everton,1.56,3.85,6.3,1-1,1.0,1.0,2.0,N,
Burnley,A. Villa,3.28,3.37,2.18,0-0,0.0,0.0,0.0,N,
West Ham,Liverpool,3.4,4.05,1.92,1-3,1.0,3.0,4.0,E,
C. Palace,London Reds,4.97,3.78,1.6800000000000002,2-2,2.0,2.0,4.0,N,
Manchester Blue,Sunderland,1.17,7.69,12.73,3-0,3.0,0.0,3.0,D,
Wolverhampton,Brighton,2.69,3.83,2.34,0-2,0.0,2.0,2.0,E,
Bournemouth,Fulham,2.43,3.35,2.85,3-0,3.0,0.0,3.0,D,
Liverpool,London Reds,2.34,3.46,2.9,1-0,1.0,0.0,1.0,D,
Sunderland,Newcastle,8.8,5.46,1.31,0-5,0.0,5.0,5.0,E,
Fulham,Brentford,2.28,3.66,2.88,2-0,2.0,0.0,2.0,D,
A. Villa,London Blues,1.71,4.21,4.22,3-2,3.0,2.0,5.0,D,
Everton,West Ham,2.04,3.43,3.59,3-0,3.0,0.0,3.0,D,
Brighton,Burnley,1.45,5.06,5.84,2-2,2.0,2.0,4.0,N,
N. Forest,C. Palace,2.09,3.34,3.53,2-0,2.0,0.0,2.0,D,
Leeds,Bournemouth,4.52,4.33,1.64,1-3,1.0,3.0,4.0,E,
Manchester Blue,Spurs,1.34,5.92,6.8100000000000005,4-0,4.0,0.0,4.0,D,
Manchester Red,Wolverhampton,1.48,4.47,6.22,1-0,1.0,0.0,1.0,D,
Bournemouth,Sunderland,1.85,3.67,4.06,1-1,1.0,1.0,2.0,N,
Burnley,Manchester Red,3.14,3.38,2.24,2-2,2.0,2.0,4.0,N,
Everton,Liverpool,3.8,3.6,1.93,2-0,2.0,0.0,2.0,D,
London Reds,N. Forest,1.22,6.61,10.94,1-2,1.0,2.0,3.0,E,
Wolverhampton,Manchester Blue,5.22,3.88,1.64,0-1,0.0,1.0,1.0,E,
London Blues,Brighton,1.76,4.27,3.9,2-1,2.0,1.0,3.0,D,
Brentford,Leeds,1.37,5.05,7.5,1-1,1.0,1.0,2.0,N,
Newcastle,Spurs,1.47,5.07,5.51,3-0,3.0,0.0,3.0,D,
West Ham,A. Villa,2.26,3.55,2.98,0-0,0.0,0.0,0.0,N,
C. Palace,Fulham,2.19,3.58,3.09,4-2,4.0,2.0,6.0,D,
Newcastle,Wolverhampton,1.24,6.23,11.11,3-1,3.0,1.0,4.0,D,
Leeds,C. Palace,5.41,3.93,1.61,1-1,1.0,1.0,2.0,N,
Sunderland,Brentford,7.17,4.41,1.44,0-2,0.0,2.0,2.0,E,
Manchester Blue,Burnley,1.15,8.52,13.67,3-1,3.0,1.0,4.0,D,
Fulham,London Reds,5.0,4.02,1.64,1-4,1.0,4.0,5.0,E,
Spurs,Bournemouth,1.6800000000000002,4.72,3.98,1-3,1.0,3.0,4.0,E,
Brighton,West Ham,1.63,4.25,4.72,2-0,2.0,0.0,2.0,D,
A. Villa,Everton,1.47,4.3,6.71,3-1,3.0,1.0,4.0,D,
Manchester Red,London Blues,1.94,3.73,3.63,2-2,2.0,2.0,4.0,N,
Liverpool,N. Forest,1.2,6.78,12.73,4-1,4.0,1.0,5.0,D,
N. Forest,Fulham,2.23,3.39,3.16,4-2,4.0,2.0,6.0,D,
C. Palace,Sunderland,1.6800000000000002,4.02,4.62,2-2,2.0,2.0,4.0,N,
Bournemouth,Wolverhampton,1.86,3.56,4.14,2-1,2.0,1.0,3.0,D,
West Ham,Manchester Red,2.2,3.62,3.04,4-1,4.0,1.0,5.0,D,
Burnley,Newcastle,4.55,4.02,1.69,2-1,2.0,1.0,3.0,D,
Everton,Brighton,2.65,3.49,2.52,1-3,1.0,3.0,4.0,E,
London Reds,Leeds,1.14,7.72,17.55,3-1,3.0,1.0,4.0,D,
Brentford,Spurs,2.03,4.41,2.94,1-1,1.0,1.0,2.0,N,
A. Villa,Liverpool,2.2,4.01,2.81,2-3,2.0,3.0,5.0,E,
London Blues,Manchester Blue,3.13,3.43,2.23,1-1,1.0,1.0,2.0,N,
Spurs,C. Palace,1.84,4.01,3.74,1-1,1.0,1.0,2.0,N,
Bournemouth,Burnley,1.73,3.96,4.38,0-0,0.0,0.0,0.0,N,
Liverpool,Fulham,1.35,5.2,7.93,4-1,4.0,1.0,5.0,D,
Brighton,A. Villa,1.81,3.87,4.03,5-0,5.0,0.0,5.0,D,
Leeds,N. Forest,3.61,3.7,1.95,0-3,0.0,3.0,3.0,E,
Manchester Blue,West Ham,1.19,7.23,11.78,2-1,2.0,1.0,3.0,D,
Wolverhampton,Brentford,2.8200000000000003,3.41,2.43,2-0,2.0,0.0,2.0,D,
Sunderland,London Reds,24.58,8.35,1.11,0-1,0.0,1.0,1.0,E,
Manchester Red,Everton,1.7000000000000002,3.53,5.3,2-0,2.0,0.0,2.0,D,
Newcastle,London Blues,1.47,4.66,6.1,1-3,1.0,3.0,4.0,E,
London Reds,Spurs,1.47,5.15,5.42,2-2,2.0,2.0,4.0,N,
Brighton,Liverpool,2.67,3.98,2.3,2-0,2.0,0.0,2.0,D,
N. Forest,Sunderland,1.61,4.14,5.02,3-1,3.0,1.0,4.0,D,
C. Palace,Wolverhampton,1.7000000000000002,3.97,4.57,2-0,2.0,0.0,2.0,D,
West Ham,Newcastle,3.05,3.86,2.11,1-1,1.0,1.0,2.0,N,
Brentford,Burnley,1.48,5.25,5.21,3-1,3.0,1.0,4.0,D,
Fulham,Leeds,1.45,4.48,6.73,0-1,0.0,1.0,1.0,E,
Everton,Manchester Blue,5.22,3.5,1.72,1-1,1.0,1.0,2.0,N,
London Blues,Bournemouth,1.53,4.59,5.32,3-0,3.0,0.0,3.0,D,
A. Villa,Manchester Red,1.58,4.26,5.19,1-0,1.0,0.0,1.0,D,
Manchester Blue,A. Villa,1.29,5.79,8.73,3-0,3.0,0.0,3.0,D,
Sunderland,Fulham,7.13,4.42,1.44,1-1,1.0,1.0,2.0,N,
Spurs,N. Forest,1.55,4.7,4.98,2-2,2.0,2.0,4.0,N,
Newcastle,Everton,1.35,4.8100000000000005,9.14,2-1,2.0,1.0,3.0,D,
Manchester Red,Brighton,1.97,3.97,3.33,1-1,1.0,1.0,2.0,N,
Burnley,C. Palace,3.36,3.24,2.2,1-4,1.0,4.0,5.0,E,
Liverpool,Leeds,1.13,7.95,20.32,4-1,4.0,1.0,5.0,D,
Wolverhampton,London Reds,6.5600000000000005,4.09,1.51,1-1,1.0,1.0,2.0,N,
Bournemouth,West Ham,2.0,3.49,3.65,1-2,1.0,2.0,3.0,E,
Brentford,London Blues,1.94,4.1,3.32,1-2,1.0,2.0,3.0,E,
Leeds,Sunderland,3.52,3.77,1.96,1-2,1.0,2.0,3.0,E,
A. Villa,Newcastle,1.92,4.1,3.39,0-1,0.0,1.0,1.0,E,
N. Forest,Wolverhampton,1.65,4.0,4.9,3-3,3.0,3.0,6.0,N,
C. Palace,London Blues,2.15,3.67,3.09,0-0,0.0,0.0,0.0,N,
Brighton,Manchester Blue,3.44,3.68,2.01,1-2,1.0,2.0,3.0,E,
Manchester Red,Liverpool,2.51,3.72,2.55,2-3,2.0,3.0,5.0,E,
Everton,Bournemouth,2.07,3.58,3.37,0-1,0.0,1.0,1.0,E,
Fulham,Spurs,2.22,4.15,2.72,1-1,1.0,1.0,2.0,N,
London Reds,Burnley,1.19,7.59,11.73,5-0,5.0,0.0,5.0,D,
West Ham,Brentford,2.51,3.6,2.6,2-3,2.0,3.0,5.0,E,
Brentford,Everton,1.72,3.88,4.52,1-0,1.0,0.0,1.0,D,
Bournemouth,A. Villa,2.25,3.32,3.19,2-1,2.0,1.0,3.0,D,
Newcastle,Brighton,1.47,4.98,5.54,3-0,3.0,0.0,3.0,D,
London Blues,London Reds,3.6,3.47,2.03,1-0,1.0,0.0,1.0,D,
C. Palace,West Ham,1.78,3.87,4.17,3-0,3.0,0.0,3.0,D,
Spurs,Leeds,1.31,5.51,8.56,4-0,4.0,0.0,4.0,D,
Wolverhampton,Fulham,2.6,3.42,2.61,0-0,0.0,0.0,0.0,N,
Liverpool,Sunderland,1.18,7.19,13.54,3-0,3.0,0.0,3.0,D,
Burnley,N. Forest,2.47,3.47,2.73,1-3,1.0,3.0,4.0,E,
Manchester Blue,Manchester Red,1.28,5.9,9.19,3-1,3.0,1.0,4.0,D,
Sunderland,Spurs,7.77,5.47,1.34,0-1,0.0,1.0,1.0,E,
Fulham,Burnley,1.57,4.65,4.8100000000000005,2-0,2.0,0.0,2.0,D,
Manchester Red,Newcastle,2.13,3.79,3.06,4-0,4.0,0.0,4.0,D,
Leeds,Wolverhampton,3.61,3.68,1.96,1-1,1.0,1.0,2.0,N,
Everton,C. Palace,2.44,3.06,3.09,1-1,1.0,1.0,2.0,N,
Brighton,Bournemouth,1.65,4.46,4.38,1-3,1.0,3.0,4.0,E,
A. Villa,Brentford,1.74,4.04,4.23,1-1,1.0,1.0,2.0,N,
London Reds,West Ham,1.28,6.0,9.17,2-2,2.0,2.0,4.0,N,
N. Forest,London Blues,2.12,3.56,3.25,4-0,4.0,0.0,4.0,D,
Manchester Blue,Liverpool,1.56,4.8,4.79,2-0,2.0,0.0,2.0,D,
London Reds,Everton,1.29,5.37,10.38,2-2,2.0,2.0,4.0,N,
Newcastle,Manchester Blue,2.29,3.55,2.92,3-0,3.0,0.0,3.0,D,
Bournemouth,Manchester Red,2.23,3.28,3.25,2-0,2.0,0.0,2.0,D,
C. Palace,A. Villa,1.99,3.61,3.5700000000000003,1-0,1.0,0.0,1.0,D,
West Ham,N. Forest,1.82,3.9,3.92,1-1,1.0,1.0,2.0,N,
Burnley,Leeds,2.0,3.22,4.0,3-0,3.0,0.0,3.0,D,
Liverpool,Spurs,1.33,5.71,7.47,3-0,3.0,0.0,3.0,D,
London Blues,Fulham,1.71,3.88,4.57,0-0,0.0,0.0,0.0,N,
Wolverhampton,Sunderland,1.98,3.75,3.48,2-1,2.0,1.0,3.0,D,
Brentford,Brighton,2.07,4.31,2.89,1-3,1.0,3.0,4.0,E,
Sunderland,Burnley,3.88,3.97,1.82,1-0,1.0,0.0,1.0,D,
Newcastle,Liverpool,1.77,4.21,3.91,0-3,0.0,3.0,3.0,E,
Manchester Red,Brentford,2.08,3.52,3.4,0-1,0.0,1.0,1.0,E,
A. Villa,London Reds,3.44,3.71,2.0,3-1,3.0,1.0,4.0,D,
Manchester Blue,Bournemouth,1.24,6.83,9.62,4-0,4.0,0.0,4.0,D,
Fulham,West Ham,1.82,4.03,3.82,0-1,0.0,1.0,1.0,E,
Spurs,Wolverhampton,1.47,4.94,5.64,2-3,2.0,3.0,5.0,E,
N. Forest,Everton,1.87,3.27,4.57,1-3,1.0,3.0,4.0,E,
Leeds,London Blues,5.68,4.38,1.53,2-3,2.0,3.0,5.0,E,
Brighton,C. Palace,1.78,3.79,4.26,2-1,2.0,1.0,3.0,D,
Liverpool,Wolverhampton,1.18,7.09,13.94,3-0,3.0,0.0,3.0,D,
London Reds,Brighton,1.43,5.28,5.87,0-0,0.0,0.0,0.0,N,
C. Palace,Manchester Red,2.09,3.51,3.38,1-1,1.0,1.0,2.0,N,
Burnley,Spurs,3.49,3.91,1.93,0-2,0.0,2.0,2.0,E,
N. Forest,A. Villa,1.99,3.52,3.66,3-0,3.0,0.0,3.0,D,
London Blues,Sunderland,1.4,4.9,7.1,3-1,3.0,1.0,4.0,D,
West Ham,Leeds,1.56,4.02,5.93,2-1,2.0,1.0,3.0,D,
Brentford,Manchester Blue,3.86,4.07,1.8,2-2,2.0,2.0,4.0,N,
Bournemouth,Newcastle,2.87,3.55,2.32,1-3,1.0,3.0,4.0,E,
Everton,Fulham,2.52,3.11,2.92,1-4,1.0,4.0,5.0,E,
Leeds,Everton,4.04,3.32,1.96,0-4,0.0,4.0,4.0,E,
Manchester Red,London Reds,4.18,3.5,1.87,0-1,0.0,1.0,1.0,E,
Wolverhampton,Burnley,1.74,4.12,4.11,1-2,1.0,2.0,3.0,E,
Spurs,London Blues,1.91,4.12,3.41,1-4,1.0,4.0,5.0,E,
Newcastle,Brentford,1.55,4.25,5.57,2-1,2.0,1.0,3.0,D,
Bournemouth,Liverpool,3.48,3.74,1.98,1-1,1.0,1.0,2.0,N,
Manchester Blue,C. Palace,1.31,5.47,8.8,0-1,0.0,1.0,1.0,E,
Sunderland,West Ham,5.09,4.0,1.63,1-1,1.0,1.0,2.0,N,
Fulham,A. Villa,2.06,3.68,3.29,2-0,2.0,0.0,2.0,D,
Brighton,N. Forest,1.55,4.45,5.21,1-1,1.0,1.0,2.0,N,
C. Palace,Newcastle,2.58,3.74,2.47,1-2,1.0,2.0,3.0,E,
Liverpool,Burnley,1.15,8.05,14.41,4-0,4.0,0.0,4.0,D,
Everton,Sunderland,1.87,3.56,4.1,2-0,2.0,0.0,2.0,D,
Brentford,Bournemouth,1.73,4.52,3.85,3-1,3.0,1.0,4.0,D,
N. Forest,Manchester Red,2.02,3.47,3.6,3-2,3.0,2.0,5.0,D,
A. Villa,Leeds,1.23,6.18,12.02,3-0,3.0,0.0,3.0,D,
West Ham,Spurs,2.51,4.0,2.43,1-5,1.0,5.0,6.0,E,
London Reds,Manchester Blue,2.2,3.74,2.96,1-1,1.0,1.0,2.0,N,
London Blues,Wolverhampton,1.45,4.63,6.5,1-1,1.0,1.0,2.0,N,
Fulham,Brighton,2.23,4.1,2.71,3-0,3.0,0.0,3.0,D,
Leeds,Brighton,6.12,4.95,1.44,1-0,1.0,0.0,1.0,D,
Bournemouth,C. Palace,2.33,3.19,3.14,1-2,1.0,2.0,3.0,E,
Sunderland,A. Villa,5.94,4.09,1.55,2-1,2.0,1.0,3.0,D,
Spurs,Everton,1.63,4.11,4.95,1-0,1.0,0.0,1.0,D,
Burnley,London Blues,3.6,3.59,1.99,0-0,0.0,0.0,0.0,N,
Brentford,Liverpool,2.91,4.22,2.09,3-2,3.0,2.0,5.0,D,
Newcastle,London Reds,2.62,3.42,2.59,0-2,0.0,2.0,2.0,E,
Manchester Blue,N. Forest,1.19,7.19,11.98,4-0,4.0,0.0,4.0,D,
Manchester Red,Fulham,1.97,3.59,3.66,2-1,2.0,1.0,3.0,D,
Wolverhampton,West Ham,2.1,3.61,3.25,1-0,1.0,0.0,1.0,D,
A. Villa,Spurs,1.73,4.52,3.86,2-2,2.0,2.0,4.0,N,
West Ham,Burnley,1.73,4.31,4.0,1-0,1.0,0.0,1.0,D,
Everton,Wolverhampton,1.94,3.4,4.01,2-2,2.0,2.0,4.0,N,
C. Palace,Brentford,2.31,3.44,2.97,1-0,1.0,0.0,1.0,D,
Liverpool,London Blues,1.35,5.3,7.79,1-1,1.0,1.0,2.0,N,
Brighton,Sunderland,1.51,4.62,5.47,1-1,1.0,1.0,2.0,N,
N. Forest,Newcastle,2.54,3.58,2.59,1-0,1.0,0.0,1.0,D,
Leeds,Manchester Red,4.71,3.8,1.71,1-3,1.0,3.0,4.0,E,
Fulham,Manchester Blue,4.52,3.96,1.71,3-2,3.0,2.0,5.0,D,
London Reds,Bournemouth,1.29,6.14,8.15,4-1,4.0,1.0,5.0,D,
Bournemouth,N. Forest,1.84,3.67,4.09,4-0,4.0,0.0,4.0,D,
Brentford,London Reds,4.89,4.25,1.61,1-1,1.0,1.0,2.0,N,
Spurs,Brighton,2.02,4.4,2.97,2-1,2.0,1.0,3.0,D,
Sunderland,Manchester Red,6.43,4.24,1.5,1-0,1.0,0.0,1.0,D,
C. Palace,Liverpool,3.19,3.87,2.05,2-0,2.0,0.0,2.0,D,
London Blues,West Ham,1.53,4.35,5.71,3-2,3.0,2.0,5.0,D,
Manchester Blue,Leeds,1.11,8.76,20.68,4-0,4.0,0.0,4.0,D,
Wolverhampton,A. Villa,2.33,3.41,2.97,0-2,0.0,2.0,2.0,E,
Newcastle,Fulham,1.47,4.5600000000000005,6.25,3-1,3.0,1.0,4.0,D,
Burnley,Everton,2.76,2.92,2.8200000000000003,0-2,0.0,2.0,2.0,E,
N. Forest,Brentford,2.25,3.36,3.14,0-2,0.0,2.0,2.0,E,
Leeds,Newcastle,7.06,5.08,1.39,0-1,0.0,1.0,1.0,E,
Manchester Red,Spurs,1.92,4.05,3.42,3-1,3.0,1.0,4.0,D,
Everton,London Blues,2.54,3.22,2.81,1-2,1.0,2.0,3.0,E,
A. Villa,Burnley,1.29,6.11,8.13,3-2,3.0,2.0,5.0,D,
Liverpool,West Ham,1.21,6.65,12.02,4-2,4.0,2.0,6.0,D,
London Reds,C. Palace,1.38,4.96,7.62,1-1,1.0,1.0,2.0,N,
Sunderland,Manchester Blue,18.24,7.44,1.15,1-2,1.0,2.0,3.0,E,
Brighton,Wolverhampton,1.49,4.59,5.92,1-1,1.0,1.0,2.0,N,
Fulham,Bournemouth,1.78,4.29,3.78,0-0,0.0,0.0,0.0,N,
London Reds,Liverpool,1.72,4.39,3.99,1-0,1.0,0.0,1.0,D,
Newcastle,Sunderland,1.24,6.42,10.56,2-0,2.0,0.0,2.0,D,
Brentford,Fulham,2.01,3.89,3.27,3-2,3.0,2.0,5.0,D,
London Blues,A. Villa,1.6800000000000002,3.9,4.76,4-0,4.0,0.0,4.0,D,
West Ham,Everton,2.01,3.37,3.76,1-1,1.0,1.0,2.0,N,
Burnley,Brighton,3.72,3.94,1.86,1-3,1.0,3.0,4.0,E,
C. Palace,N. Forest,1.71,4.01,4.42,0-0,0.0,0.0,0.0,N,
Bournemouth,Leeds,1.59,3.73,6.18,1-1,1.0,1.0,2.0,N,
Spurs,Manchester Blue,3.58,4.0,1.88,1-1,1.0,1.0,2.0,N,
Wolverhampton,Manchester Red,2.43,3.34,2.86,0-1,0.0,1.0,1.0,E,
Sunderland,Bournemouth,5.31,4.45,1.55,1-1,1.0,1.0,2.0,N,
Manchester Red,Burnley,1.42,4.96,6.57,0-0,0.0,0.0,0.0,N,
Liverpool,Everton,1.27,5.38,11.55,1-1,1.0,1.0,2.0,N,
N. Forest,London Reds,5.11,3.71,1.6800000000000002,2-1,2.0,1.0,3.0,D,
Manchester Blue,Wolverhampton,1.18,7.42,12.68,4-2,4.0,2.0,6.0,D,
Brighton,London Blues,1.92,3.92,3.54,3-2,3.0,2.0,5.0,D,
Leeds,Brentford,6.07,4.2,1.52,0-0,0.0,0.0,0.0,N,
Spurs,Newcastle,2.12,4.24,2.83,2-1,2.0,1.0,3.0,D,
A. Villa,West Ham,1.41,5.06,6.61,2-2,2.0,2.0,4.0,N,
Fulham,C. Palace,2.03,3.66,3.4,2-1,2.0,1.0,3.0,D,
Wolverhampton,Newcastle,3.17,3.74,2.1,0-2,0.0,2.0,2.0,E,
C. Palace,Leeds,1.51,4.1,6.47,1-2,1.0,2.0,3.0,E,
Brentford,Sunderland,1.54,4.75,4.95,3-1,3.0,1.0,4.0,D,
Burnley,Manchester Blue,8.22,4.53,1.39,0-4,0.0,4.0,4.0,E,
London Reds,Fulham,1.43,4.8100000000000005,6.5600000000000005,0-0,0.0,0.0,0.0,N,
Bournemouth,Spurs,2.54,3.72,2.51,3-2,3.0,2.0,5.0,D,
West Ham,Brighton,2.51,3.96,2.44,0-1,0.0,1.0,1.0,E,
Everton,A. Villa,2.4,3.08,3.14,2-1,2.0,1.0,3.0,D,
London Blues,Manchester Red,1.67,3.89,4.93,2-2,2.0,2.0,4.0,N,
N. Forest,Liverpool,3.01,3.77,2.16,2-0,2.0,0.0,2.0,D,
Fulham,N. Forest,1.69,4.16,4.41,0-0,0.0,0.0,0.0,N,
Sunderland,C. Palace,6.29,4.05,1.53,1-2,1.0,2.0,3.0,E,
Wolverhampton,Bournemouth,2.12,3.81,3.07,3-0,3.0,0.0,3.0,D,
Manchester Red,West Ham,1.6,4.15,5.12,3-0,3.0,0.0,3.0,D,
Newcastle,Burnley,1.2,7.11,11.3,1-4,1.0,4.0,5.0,E,
Brighton,Everton,1.72,3.67,4.86,3-2,3.0,2.0,5.0,D,
Leeds,London Reds,18.55,7.26,1.15,0-6,0.0,6.0,6.0,E,
Spurs,Brentford,2.07,3.95,3.08,2-1,2.0,1.0,3.0,D,
Liverpool,A. Villa,1.31,5.36,9.28,2-0,2.0,0.0,2.0,D,
Manchester Blue,London Blues,1.32,5.65,7.82,2-1,2.0,1.0,3.0,D,
C. Palace,Spurs,2.23,3.93,2.8,3-0,3.0,0.0,3.0,D,
Burnley,Bournemouth,2.84,3.69,2.29,0-2,0.0,2.0,2.0,E,
Fulham,Liverpool,3.07,4.09,2.04,1-1,1.0,1.0,2.0,N,
A. Villa,Brighton,1.65,4.63,4.18,2-2,2.0,2.0,4.0,N,
N. Forest,Leeds,1.48,4.1,7.19,4-1,4.0,1.0,5.0,D,
West Ham,Manchester Blue,5.1,4.05,1.62,1-0,1.0,0.0,1.0,D,
Brentford,Wolverhampton,1.55,4.68,4.96,2-2,2.0,2.0,4.0,N,
London Reds,Sunderland,1.23,6.61,10.71,0-2,0.0,2.0,2.0,E,
Everton,Manchester Red,2.37,3.11,3.16,0-3,0.0,3.0,3.0,E,
London Blues,Newcastle,1.99,3.88,3.35,3-0,3.0,0.0,3.0,D,
Spurs,London Reds,4.36,4.17,1.69,1-2,1.0,2.0,3.0,E,
Liverpool,Brighton,1.35,5.55,7.06,3-1,3.0,1.0,4.0,D,
Sunderland,N. Forest,4.36,3.89,1.74,1-1,1.0,1.0,2.0,N,
Wolverhampton,C. Palace,2.44,3.34,2.85,0-0,0.0,0.0,0.0,N,
Newcastle,West Ham,1.3,5.59,8.89,1-0,1.0,0.0,1.0,D,
Burnley,Brentford,3.61,3.39,2.05,1-1,1.0,1.0,2.0,N,
Leeds,Fulham,5.76,4.17,1.55,2-0,2.0,0.0,2.0,D,
Manchester Blue,Everton,1.24,5.95,12.14,4-0,4.0,0.0,4.0,D,
Bournemouth,London Blues,2.5,3.42,2.72,0-0,0.0,0.0,0.0,N,
Manchester Red,A. Villa,1.83,3.7,4.14,1-3,1.0,3.0,4.0,E,
Everton,Liverpool,3.66,3.5700000000000003,1.98,2-2,2.0,2.0,4.0,N,
West Ham,Brentford,2.55,3.56,2.58,1-1,1.0,1.0,2.0,N,
C. Palace,Spurs,2.34,3.91,2.65,0-1,0.0,1.0,1.0,E,
Leeds,London Reds,19.36,7.54,1.14,0-2,0.0,2.0,2.0,E,
Brighton,Newcastle,2.17,3.9,2.92,2-2,2.0,2.0,4.0,N,
Wolverhampton,Burnley,1.79,4.08,3.92,3-1,3.0,1.0,4.0,D,
Sunderland,A. Villa,6.28,4.25,1.5,0-4,0.0,4.0,4.0,E,
Manchester Blue,Manchester Red,1.28,5.89,9.16,4-0,4.0,0.0,4.0,D,
Bournemouth,London Blues,2.47,3.38,2.79,1-2,1.0,2.0,3.0,E,
N. Forest,Fulham,2.11,3.48,3.34,3-1,3.0,1.0,4.0,D,
Spurs,Leeds,1.34,5.33,8.05,1-0,1.0,0.0,1.0,D,
Manchester Red,Brighton,1.92,3.95,3.51,4-1,4.0,1.0,5.0,D,
Wolverhampton,Manchester Blue,5.31,3.89,1.63,0-4,0.0,4.0,4.0,E,
A. Villa,Bournemouth,1.44,5.16,5.76,3-1,3.0,1.0,4.0,D,
Brentford,C. Palace,1.94,3.89,3.49,1-0,1.0,0.0,1.0,D,
Burnley,N. Forest,2.48,3.43,2.74,1-0,1.0,0.0,1.0,D,
Liverpool,Sunderland,1.18,7.32,13.27,3-0,3.0,0.0,3.0,D,
London Reds,London Blues,1.41,5.11,6.39,0-2,0.0,2.0,2.0,E,
Fulham,Everton,1.88,3.49,4.15,1-1,1.0,1.0,2.0,N,
Newcastle,West Ham,1.27,5.93,9.36,4-0,4.0,0.0,4.0,D,
West Ham,Manchester Red,2.19,3.64,3.05,0-1,0.0,1.0,1.0,E,
London Reds,A. Villa,1.37,5.15,7.44,2-2,2.0,2.0,4.0,N,
Everton,Burnley,1.78,3.77,4.32,1-1,1.0,1.0,2.0,N,
Sunderland,Fulham,7.17,4.49,1.43,0-2,0.0,2.0,2.0,E,
C. Palace,Newcastle,2.64,3.74,2.42,1-2,1.0,2.0,3.0,E,
Leeds,Brentford,6.05,4.16,1.53,2-2,2.0,2.0,4.0,N,
London Blues,Spurs,1.8,4.17,3.8,0-2,0.0,2.0,2.0,E,
Manchester Blue,Brighton,1.35,5.87,6.82,2-1,2.0,1.0,3.0,D,
Bournemouth,Liverpool,3.41,3.69,2.02,1-2,1.0,2.0,3.0,E,
N. Forest,Wolverhampton,1.63,4.06,5.02,3-0,3.0,0.0,3.0,D,
Fulham,Bournemouth,1.82,4.21,3.67,2-2,2.0,2.0,4.0,N,
Brentford,London Blues,1.96,4.1,3.27,1-2,1.0,2.0,3.0,E,
Liverpool,London Reds,2.31,3.45,2.96,0-4,0.0,4.0,4.0,E,
N. Forest,Manchester Blue,4.21,3.53,1.85,0-1,0.0,1.0,1.0,E,
Brighton,West Ham,1.61,4.3,4.8100000000000005,1-2,1.0,2.0,3.0,E,
Burnley,Sunderland,2.38,3.49,2.83,1-1,1.0,1.0,2.0,N,
Manchester Red,C. Palace,1.77,3.64,4.52,2-0,2.0,0.0,2.0,D,
Newcastle,Leeds,1.16,7.12,17.04,2-0,2.0,0.0,2.0,D,
Wolverhampton,Everton,2.1,3.17,3.72,0-3,0.0,3.0,3.0,E,
Spurs,A. Villa,1.78,4.19,3.85,2-1,2.0,1.0,3.0,D,
A. Villa,Brentford,1.73,4.05,4.26,4-2,4.0,2.0,6.0,D,
Everton,N. Forest,1.92,3.44,4.03,1-1,1.0,1.0,2.0,N,
Sunderland,Wolverhampton,4.27,3.8,1.78,2-0,2.0,0.0,2.0,D,
Bournemouth,Burnley,1.67,4.07,4.65,2-2,2.0,2.0,4.0,N,
Spurs,Liverpool,2.5700000000000003,4.16,2.32,1-4,1.0,4.0,5.0,E,
London Blues,Newcastle,2.05,3.84,3.21,1-3,1.0,3.0,4.0,E,
London Reds,Fulham,1.43,4.82,6.45,4-1,4.0,1.0,5.0,D,
C. Palace,Brighton,2.25,3.86,2.81,1-2,1.0,2.0,3.0,E,
Manchester Blue,West Ham,1.2,6.97,11.61,3-2,3.0,2.0,5.0,D,
Leeds,Manchester Red,5.21,3.93,1.63,2-0,2.0,0.0,2.0,D,
Burnley,London Reds,9.62,4.7,1.35,0-4,0.0,4.0,4.0,E,
N. Forest,Sunderland,1.65,4.0,4.91,1-4,1.0,4.0,5.0,E,
Wolverhampton,Bournemouth,2.09,3.85,3.1,2-1,2.0,1.0,3.0,D,
Brentford,Liverpool,2.66,4.16,2.25,1-4,1.0,4.0,5.0,E,
Newcastle,A. Villa,1.42,4.75,6.87,0-2,0.0,2.0,2.0,E,
Fulham,Spurs,2.26,4.11,2.68,3-1,3.0,1.0,4.0,D,
Manchester Red,London Blues,1.91,3.74,3.71,2-1,2.0,1.0,3.0,D,
West Ham,C. Palace,2.28,3.48,3.0,1-3,1.0,3.0,4.0,E,
Brighton,Leeds,1.37,4.83,8.22,1-0,1.0,0.0,1.0,D,
Everton,Manchester Blue,5.13,3.49,1.73,1-2,1.0,2.0,3.0,E,
A. Villa,Manchester Red,1.6,4.29,4.99,0-1,0.0,1.0,1.0,E,
Bournemouth,N. Forest,1.89,3.63,3.92,1-0,1.0,0.0,1.0,D,
Liverpool,Newcastle,1.49,4.76,5.66,2-1,2.0,1.0,3.0,D,
Brentford,Fulham,2.04,3.89,3.2,2-2,2.0,2.0,4.0,N,
Leeds,West Ham,4.04,3.91,1.8,0-3,0.0,3.0,3.0,E,
Sunderland,Everton,4.68,3.28,1.85,0-3,0.0,3.0,3.0,E,
London Reds,Wolverhampton,1.21,6.73,11.56,3-1,3.0,1.0,4.0,D,
Spurs,Burnley,1.43,5.45,5.62,0-2,0.0,2.0,2.0,E,
Manchester Blue,C. Palace,1.3,5.54,9.03,1-0,1.0,0.0,1.0,D,
London Blues,Brighton,1.77,4.21,3.87,3-2,3.0,2.0,5.0,D,
N. Forest,London Reds,4.98,3.62,1.72,2-2,2.0,2.0,4.0,N,
Wolverhampton,Spurs,2.77,3.89,2.26,0-3,0.0,3.0,3.0,E,
Manchester Red,Liverpool,2.53,3.76,2.51,3-1,3.0,1.0,4.0,D,
Sunderland,Manchester Blue,18.65,7.28,1.15,2-2,2.0,2.0,4.0,N,
Burnley,Brentford,3.74,3.43,2.0,1-3,1.0,3.0,4.0,E,
Brighton,A. Villa,1.8,3.84,4.09,2-2,2.0,2.0,4.0,N,
Newcastle,Fulham,1.49,4.47,6.02,4-0,4.0,0.0,4.0,D,
West Ham,London Blues,2.46,3.77,2.58,2-2,2.0,2.0,4.0,N,
C. Palace,Leeds,1.45,4.31,7.3,1-2,1.0,2.0,3.0,E,
Everton,Bournemouth,2.21,3.49,3.11,2-3,2.0,3.0,5.0,E,
London Blues,C. Palace,1.6800000000000002,3.82,4.97,4-0,4.0,0.0,4.0,D,
Fulham,Manchester Red,2.05,3.72,3.31,2-1,2.0,1.0,3.0,D,
Spurs,N. Forest,1.5,4.92,5.24,1-2,1.0,2.0,3.0,E,
Liverpool,Brighton,1.33,5.76,7.54,1-0,1.0,0.0,1.0,D,
A. Villa,West Ham,1.45,4.86,6.15,4-1,4.0,1.0,5.0,D,
Brentford,Wolverhampton,1.56,4.63,4.95,1-3,1.0,3.0,4.0,E,
London Reds,Everton,1.3,5.24,9.94,2-3,2.0,3.0,5.0,E,
Bournemouth,Sunderland,1.88,3.65,3.94,4-2,4.0,2.0,6.0,D,
Newcastle,Burnley,1.22,6.83,10.98,3-1,3.0,1.0,4.0,D,
Manchester Blue,Leeds,1.1,9.26,22.04,1-0,1.0,0.0,1.0,D,
N. Forest,Brentford,2.2,3.38,3.23,2-1,2.0,1.0,3.0,D,
West Ham,Liverpool,3.54,4.14,1.86,1-1,1.0,1.0,2.0,N,
Leeds,London Blues,5.55,4.3,1.54,1-1,1.0,1.0,2.0,N,
Manchester Red,Burnley,1.42,4.92,6.59,2-1,2.0,1.0,3.0,D,
Bournemouth,Manchester Blue,4.98,3.58,1.72,0-1,0.0,1.0,1.0,E,
Brighton,Fulham,1.91,3.81,3.64,0-0,0.0,0.0,0.0,N,
Everton,Spurs,2.62,3.56,2.52,0-3,0.0,3.0,3.0,E,
Sunderland,London Reds,21.93,7.88,1.13,0-1,0.0,1.0,1.0,E,
C. Palace,A. Villa,2.02,3.59,3.49,1-0,1.0,0.0,1.0,D,
Wolverhampton,Newcastle,3.01,3.75,2.17,2-0,2.0,0.0,2.0,D,
A. Villa,Leeds,1.24,5.93,11.45,5-0,5.0,0.0,5.0,D,
Fulham,West Ham,1.77,4.1,3.96,0-1,0.0,1.0,1.0,E,
Manchester Blue,London Blues,1.32,5.67,7.84,4-0,4.0,0.0,4.0,D,
London Reds,Bournemouth,1.28,6.21,8.66,5-0,5.0,0.0,5.0,D,
Burnley,Brighton,3.67,3.88,1.89,1-1,1.0,1.0,2.0,N,
Spurs,Sunderland,1.5,4.93,5.2,3-1,3.0,1.0,4.0,D,
Brentford,Everton,1.71,3.89,4.61,3-0,3.0,0.0,3.0,D,
Liverpool,C. Palace,1.35,4.91,8.58,3-0,3.0,0.0,3.0,D,
Newcastle,N. Forest,1.27,5.94,9.52,3-0,3.0,0.0,3.0,D,
Manchester Red,Wolverhampton,1.51,4.32,5.94,2-1,2.0,1.0,3.0,D,
Sunderland,Brentford,7.91,4.71,1.39,0-1,0.0,1.0,1.0,E,
London Blues,A. Villa,1.7000000000000002,3.89,4.66,4-1,4.0,1.0,5.0,D,
Everton,Newcastle,3.01,3.4,2.3,1-3,1.0,3.0,4.0,E,
N. Forest,Manchester Red,1.98,3.51,3.7,0-2,0.0,2.0,2.0,E,
Brighton,Wolverhampton,1.52,4.48,5.58,2-0,2.0,0.0,2.0,D,
London Reds,Manchester Blue,2.22,3.62,2.99,2-0,2.0,0.0,2.0,D,
Bournemouth,Spurs,2.49,3.66,2.6,2-1,2.0,1.0,3.0,D,
West Ham,Burnley,1.65,4.43,4.4,0-0,0.0,0.0,0.0,N,
C. Palace,Fulham,2.23,3.51,3.06,0-0,0.0,0.0,0.0,N,
Leeds,Liverpool,9.93,6.2,1.25,0-4,0.0,4.0,4.0,E,
Fulham,Leeds,1.44,4.47,6.97,2-0,2.0,0.0,2.0,D,
Liverpool,London Blues,1.34,5.32,7.99,0-2,0.0,2.0,2.0,E,
Newcastle,Sunderland,1.25,6.25,10.15,2-0,2.0,0.0,2.0,D,
Manchester Red,Everton,1.7000000000000002,3.5,5.37,5-0,5.0,0.0,5.0,D,
Spurs,London Reds,4.38,4.18,1.69,1-1,1.0,1.0,2.0,N,
Brentford,Bournemouth,1.66,4.64,4.16,3-1,3.0,1.0,4.0,D,
Manchester Blue,A. Villa,1.28,5.92,9.27,2-0,2.0,0.0,2.0,D,
Burnley,C. Palace,3.19,3.24,2.28,0-2,0.0,2.0,2.0,E,
Brighton,N. Forest,1.49,4.64,5.8100000000000005,2-1,2.0,1.0,3.0,D,
Wolverhampton,West Ham,2.06,3.63,3.34,1-1,1.0,1.0,2.0,N,
Everton,Brighton,2.51,3.52,2.65,2-3,2.0,3.0,5.0,E,
Spurs,Manchester Blue,3.75,4.04,1.83,4-2,4.0,2.0,6.0,D,
West Ham,N. Forest,1.82,3.98,3.86,3-1,3.0,1.0,4.0,D,
London Reds,Brentford,1.47,4.7,6.04,2-1,2.0,1.0,3.0,D,
Sunderland,Manchester Red,6.11,4.11,1.53,0-2,0.0,2.0,2.0,E,
A. Villa,Liverpool,2.23,4.05,2.74,0-0,0.0,0.0,0.0,N,
Leeds,Burnley,3.48,3.96,1.92,3-2,3.0,2.0,5.0,D,
Bournemouth,Newcastle,2.98,3.58,2.24,3-3,3.0,3.0,6.0,N,
C. Palace,Wolverhampton,1.71,3.99,4.48,2-0,2.0,0.0,2.0,D,
London Blues,Fulham,1.79,3.77,4.23,2-1,2.0,1.0,3.0,D,
Brighton,Sunderland,1.54,4.5600000000000005,5.26,0-0,0.0,0.0,0.0,N,
West Ham,Everton,2.03,3.29,3.78,1-1,1.0,1.0,2.0,N,
Burnley,London Blues,3.53,3.59,2.01,1-2,1.0,2.0,3.0,E,
Manchester Red,Bournemouth,1.64,4.25,4.68,2-1,2.0,1.0,3.0,D,
Wolverhampton,Leeds,1.66,3.72,5.29,1-1,1.0,1.0,2.0,N,
N. Forest,C. Palace,2.02,3.39,3.69,0-0,0.0,0.0,0.0,N,
Manchester Blue,Liverpool,1.6,4.75,4.45,2-1,2.0,1.0,3.0,D,
Brentford,Spurs,2.05,4.37,2.91,1-1,1.0,1.0,2.0,N,
Fulham,A. Villa,2.05,3.75,3.26,0-4,0.0,4.0,4.0,E,
Newcastle,London Reds,2.62,3.39,2.61,2-1,2.0,1.0,3.0,D,
Leeds,N. Forest,3.73,3.8,1.89,0-0,0.0,0.0,0.0,N,
Sunderland,West Ham,4.96,3.98,1.65,1-1,1.0,1.0,2.0,N,
Bournemouth,Brighton,2.43,3.68,2.65,1-0,1.0,0.0,1.0,D,
Spurs,Newcastle,2.2,4.18,2.73,0-2,0.0,2.0,2.0,E,
London Blues,Wolverhampton,1.43,4.74,6.74,3-1,3.0,1.0,4.0,D,
A. Villa,Burnley,1.3,5.98,7.94,5-0,5.0,0.0,5.0,D,
Liverpool,Fulham,1.37,5.01,7.58,5-0,5.0,0.0,5.0,D,
Brentford,Manchester Blue,4.04,4.11,1.76,0-0,0.0,0.0,0.0,N,
C. Palace,Everton,1.93,3.32,4.17,2-0,2.0,0.0,2.0,D,
London Reds,Manchester Red,1.37,5.09,7.38,2-0,2.0,0.0,2.0,D,
West Ham,Bournemouth,1.96,4.02,3.31,2-2,2.0,2.0,4.0,N,
Manchester Red,Spurs,1.93,4.02,3.4,1-5,1.0,5.0,6.0,E,
Manchester Blue,Fulham,1.33,5.55,7.91,4-2,4.0,2.0,6.0,D,
C. Palace,Sunderland,1.67,4.07,4.6,1-2,1.0,2.0,3.0,E,
Wolverhampton,A. Villa,2.36,3.45,2.89,0-0,0.0,0.0,0.0,N,
Brighton,London Reds,4.1,3.71,1.83,2-1,2.0,1.0,3.0,D,
Burnley,Liverpool,5.39,4.22,1.57,0-1,0.0,1.0,1.0,E,
Newcastle,Brentford,1.51,4.38,5.86,3-0,3.0,0.0,3.0,D,
N. Forest,London Blues,2.12,3.54,3.27,0-0,0.0,0.0,0.0,N,
Everton,Leeds,1.67,3.45,5.8,1-1,1.0,1.0,2.0,N,
Bournemouth,C. Palace,2.31,3.2,3.18,1-1,1.0,1.0,2.0,N,
London Reds,West Ham,1.27,6.05,9.5,2-0,2.0,0.0,2.0,D,
A. Villa,N. Forest,1.37,5.22,7.17,2-3,2.0,3.0,5.0,E,
Spurs,Brighton,2.0,4.46,2.97,0-3,0.0,3.0,3.0,E,
Newcastle,Manchester Blue,2.31,3.52,2.91,3-1,3.0,1.0,4.0,D,
London Blues,Everton,1.59,3.75,6.11,2-2,2.0,2.0,4.0,N,
Leeds,Sunderland,3.7,3.81,1.9,0-3,0.0,3.0,3.0,E,
Liverpool,Wolverhampton,1.18,7.24,13.97,3-2,3.0,2.0,5.0,D,
Fulham,Burnley,1.62,4.54,4.5,4-1,4.0,1.0,5.0,D,
Brentford,Manchester Red,1.9,3.95,3.56,1-1,1.0,1.0,2.0,N,
West Ham,Spurs,2.58,3.98,2.38,1-3,1.0,3.0,4.0,E,
Sunderland,London Blues,6.99,4.63,1.43,0-4,0.0,4.0,4.0,E,
Wolverhampton,Fulham,2.59,3.47,2.59,2-3,2.0,3.0,5.0,E,
Manchester Red,Newcastle,2.18,3.7,3.03,0-3,0.0,3.0,3.0,E,
Leeds,Bournemouth,4.36,4.27,1.6800000000000002,0-3,0.0,3.0,3.0,E,
Manchester Blue,Burnley,1.17,8.07,12.73,3-1,3.0,1.0,4.0,D,
N. Forest,Liverpool,3.04,3.77,2.15,3-1,3.0,1.0,4.0,D,
Brighton,Brentford,2.05,3.69,3.31,2-1,2.0,1.0,3.0,D,
Everton,A. Villa,2.4,3.19,3.02,3-2,3.0,2.0,5.0,D,
C. Palace,London Reds,5.06,3.72,1.69,0-2,0.0,2.0,2.0,E,
Liverpool,Everton,1.27,5.39,11.8,4-0,4.0,0.0,4.0,D,
Brentford,West Ham,1.62,4.53,4.53,2-1,2.0,1.0,3.0,D,
Spurs,C. Palace,1.77,4.08,4.01,1-0,1.0,0.0,1.0,D,
London Reds,Leeds,1.14,7.79,17.45,2-2,2.0,2.0,4.0,N,
Newcastle,Brighton,1.49,4.86,5.47,3-0,3.0,0.0,3.0,D,
Burnley,Wolverhampton,2.36,3.42,2.91,3-3,3.0,3.0,6.0,N,
A. Villa,Sunderland,1.36,5.36,7.14,2-4,2.0,4.0,6.0,E,
Manchester Red,Manchester Blue,3.56,3.54,2.01,1-1,1.0,1.0,2.0,N,
London Blues,Bournemouth,1.51,4.69,5.44,1-1,1.0,1.0,2.0,N,
Fulham,N. Forest,1.6800000000000002,4.23,4.36,2-0,2.0,0.0,2.0,D,
Leeds,Spurs,6.4,5.15,1.41,1-3,1.0,3.0,4.0,E,
Brighton,Manchester Red,1.84,3.81,3.93,1-1,1.0,1.0,2.0,N,
Manchester Blue,Wolverhampton,1.18,7.43,13.26,2-0,2.0,0.0,2.0,D,
Bournemouth,A. Villa,2.36,3.26,3.03,1-1,1.0,1.0,2.0,N,
C. Palace,Brentford,2.35,3.46,2.9,1-3,1.0,3.0,4.0,E,
N. Forest,Burnley,1.54,4.45,5.43,0-1,0.0,1.0,1.0,E,
Sunderland,Liverpool,12.54,6.77,1.2,0-1,0.0,1.0,1.0,E,
London Blues,London Reds,3.73,3.41,2.01,1-3,1.0,3.0,4.0,E,
Everton,Fulham,2.73,3.12,2.68,0-2,0.0,2.0,2.0,E,
West Ham,Newcastle,3.02,3.92,2.11,3-2,3.0,2.0,5.0,D,
Manchester Red,West Ham,1.67,4.02,4.72,1-1,1.0,1.0,2.0,N,
A. Villa,London Reds,3.45,3.75,1.99,2-1,2.0,1.0,3.0,D,
Burnley,Everton,2.74,2.97,2.78,3-1,3.0,1.0,4.0,D,
Fulham,Sunderland,1.69,4.29,4.25,2-0,2.0,0.0,2.0,D,
Newcastle,C. Palace,1.41,4.63,7.32,1-2,1.0,2.0,3.0,E,
Brentford,Leeds,1.37,5.06,7.65,3-0,3.0,0.0,3.0,D,
Spurs,London Blues,1.91,4.23,3.33,0-0,0.0,0.0,0.0,N,
Brighton,Manchester Blue,3.58,3.73,1.95,2-1,2.0,1.0,3.0,D,
Liverpool,Bournemouth,1.23,6.61,10.38,3-1,3.0,1.0,4.0,D,
Wolverhampton,N. Forest,1.96,3.71,3.5700000000000003,1-1,1.0,1.0,2.0,N,
Bournemouth,Fulham,2.53,3.3,2.77,1-1,1.0,1.0,2.0,N,
London Blues,Brentford,1.83,3.76,4.03,1-0,1.0,0.0,1.0,D,
London Reds,Liverpool,1.75,4.37,3.86,2-1,2.0,1.0,3.0,D,
Manchester Blue,N. Forest,1.18,7.41,12.67,4-2,4.0,2.0,6.0,D,
West Ham,Brighton,2.6,3.92,2.38,4-2,4.0,2.0,6.0,D,
Sunderland,Burnley,4.07,4.07,1.76,2-2,2.0,2.0,4.0,N,
C. Palace,Manchester Red,2.02,3.53,3.54,2-1,2.0,1.0,3.0,D,
Leeds,Newcastle,7.58,5.29,1.35,1-5,1.0,5.0,6.0,E,
Everton,Wolverhampton,1.93,3.41,4.01,0-1,0.0,1.0,1.0,E,
A. Villa,Spurs,1.69,4.58,3.99,1-3,1.0,3.0,4.0,E,
Brentford,A. Villa,1.86,4.07,3.61,3-2,3.0,2.0,5.0,D,
N. Forest,Everton,1.88,3.28,4.48,1-0,1.0,0.0,1.0,D,
Wolverhampton,Sunderland,1.9,3.76,3.75,0-0,0.0,0.0,0.0,N,
Burnley,Bournemouth,2.74,3.66,2.37,0-2,0.0,2.0,2.0,E,
Liverpool,Spurs,1.35,5.63,7.08,1-2,1.0,2.0,3.0,E,
Newcastle,London Blues,1.48,4.58,5.95,1-0,1.0,0.0,1.0,D,
Fulham,London Reds,5.42,4.17,1.57,0-3,0.0,3.0,3.0,E,
Brighton,C. Palace,1.78,3.8,4.24,1-0,1.0,0.0,1.0,D,
West Ham,Manchester Blue,5.03,4.1,1.62,1-1,1.0,1.0,2.0,N,
Manchester Red,Leeds,1.36,4.69,9.04,1-1,1.0,1.0,2.0,N,
London Reds,Burnley,1.19,7.54,11.66,3-2,3.0,2.0,5.0,D,
Sunderland,N. Forest,4.28,3.82,1.77,4-2,4.0,2.0,6.0,D,
Bournemouth,Wolverhampton,1.86,3.58,4.12,1-1,1.0,1.0,2.0,N,
Liverpool,Brentford,1.41,4.73,7.28,1-0,1.0,0.0,1.0,D,
A. Villa,Newcastle,1.82,4.26,3.64,1-1,1.0,1.0,2.0,N,
Spurs,Fulham,1.94,4.07,3.34,3-1,3.0,1.0,4.0,D,
London Blues,Manchester Red,1.66,3.97,4.85,4-0,4.0,0.0,4.0,D,
C. Palace,West Ham,1.81,3.84,4.05,2-1,2.0,1.0,3.0,D,
Leeds,Brighton,5.87,4.82,1.47,0-4,0.0,4.0,4.0,E,
Manchester Blue,Everton,1.25,5.84,11.29,4-0,4.0,0.0,4.0,D,
Manchester Red,A. Villa,1.85,3.63,4.12,2-1,2.0,1.0,3.0,D,
N. Forest,Bournemouth,1.82,4.02,3.8,3-2,3.0,2.0,5.0,D,
Newcastle,Liverpool,1.76,4.25,3.91,2-1,2.0,1.0,3.0,D,
Fulham,Brentford,2.37,3.59,2.78,0-0,0.0,0.0,0.0,N,
West Ham,Leeds,1.61,3.9,5.43,2-2,2.0,2.0,4.0,N,
Everton,Sunderland,1.87,3.54,4.13,2-2,2.0,2.0,4.0,N,
Wolverhampton,London Reds,6.53,4.04,1.52,0-1,0.0,1.0,1.0,E,
Burnley,Spurs,3.72,3.95,1.86,0-3,0.0,3.0,3.0,E,
C. Palace,Manchester Blue,4.23,3.7,1.81,2-2,2.0,2.0,4.0,N,
Brighton,London Blues,1.99,3.88,3.34,0-0,0.0,0.0,0.0,N,
London Reds,N. Forest,1.23,6.52,10.87,2-1,2.0,1.0,3.0,D,
Spurs,Wolverhampton,1.48,4.96,5.46,3-0,3.0,0.0,3.0,D,
Liverpool,Manchester Red,1.31,5.34,9.34,3-0,3.0,0.0,3.0,D,
Manchester Blue,Sunderland,1.18,7.54,12.09,5-0,5.0,0.0,5.0,D,
Brentford,Burnley,1.47,5.13,5.47,3-1,3.0,1.0,4.0,D,
A. Villa,Brighton,1.6800000000000002,4.5,4.1,2-0,2.0,0.0,2.0,D,
Fulham,Newcastle,2.49,3.86,2.51,4-1,4.0,1.0,5.0,D,
London Blues,West Ham,1.49,4.46,6.0,4-0,4.0,0.0,4.0,D,
Leeds,C. Palace,5.19,3.79,1.66,0-3,0.0,3.0,3.0,E,
Bournemouth,Everton,2.12,3.07,3.83,1-2,1.0,2.0,3.0,E,
C. Palace,London Blues,2.21,3.66,2.99,2-0,2.0,0.0,2.0,D,
Manchester Red,Fulham,1.9,3.59,3.91,1-1,1.0,1.0,2.0,N,
N. Forest,Spurs,2.25,3.82,2.83,2-1,2.0,1.0,3.0,D,
Brighton,Liverpool,2.56,3.95,2.4,1-2,1.0,2.0,3.0,E,
West Ham,A. Villa,2.33,3.5700000000000003,2.85,3-0,3.0,0.0,3.0,D,
Wolverhampton,Brentford,2.66,3.35,2.59,2-1,2.0,1.0,3.0,D,
Everton,London Reds,6.06,3.6,1.62,0-4,0.0,4.0,4.0,E,
Sunderland,Bournemouth,5.22,4.39,1.56,1-2,1.0,2.0,3.0,E,
Burnley,Newcastle,4.58,3.98,1.69,2-1,2.0,1.0,3.0,D,
Leeds,Manchester Blue,15.71,6.79,1.18,0-0,0.0,0.0,0.0,N,
Brentford,N. Forest,1.53,4.71,5.13,3-1,3.0,1.0,4.0,D,
Liverpool,West Ham,1.22,6.5,11.73,4-1,4.0,1.0,5.0,D,
London Blues,Leeds,1.29,5.19,10.73,0-2,0.0,2.0,2.0,E,
Burnley,Manchester Red,3.19,3.3,2.25,0-0,0.0,0.0,0.0,N,
Manchester Blue,Bournemouth,1.23,6.87,9.71,1-0,1.0,0.0,1.0,D,
Fulham,Brighton,2.21,4.1,2.75,3-2,3.0,2.0,5.0,D,
Spurs,Everton,1.63,4.11,4.92,1-0,1.0,0.0,1.0,D,
London Reds,Sunderland,1.24,6.44,10.22,4-1,4.0,1.0,5.0,D,
A. Villa,C. Palace,1.61,4.21,4.98,3-1,3.0,1.0,4.0,D,
Newcastle,Wolverhampton,1.24,6.13,10.77,4-0,4.0,0.0,4.0,D,
Leeds,A. Villa,4.93,3.98,1.65,0-2,0.0,2.0,2.0,E,
West Ham,Fulham,2.51,3.55,2.63,1-1,1.0,1.0,2.0,N,
London Blues,Manchester Blue,3.17,3.41,2.22,1-2,1.0,2.0,3.0,E,
Bournemouth,London Reds,5.85,3.74,1.61,1-1,1.0,1.0,2.0,N,
Brighton,Burnley,1.43,5.14,6.03,5-0,5.0,0.0,5.0,D,
Sunderland,Spurs,7.65,5.44,1.34,0-4,0.0,4.0,4.0,E,
Everton,Brentford,2.71,3.1,2.71,0-1,0.0,1.0,1.0,E,
C. Palace,Liverpool,3.08,3.85,2.1,1-4,1.0,4.0,5.0,E,
N. Forest,Newcastle,2.45,3.67,2.63,2-3,2.0,3.0,5.0,E,
Wolverhampton,Manchester Red,2.42,3.36,2.87,1-0,1.0,0.0,1.0,D,
Brentford,Sunderland,1.58,4.59,4.75,2-1,2.0,1.0,3.0,D,
A. Villa,London Blues,1.63,4.42,4.52,1-1,1.0,1.0,2.0,N,
Newcastle,Everton,1.32,5.07,9.79,2-0,2.0,0.0,2.0,D,
Manchester Red,N. Forest,1.51,4.4,5.85,4-2,4.0,2.0,6.0,D,
Wolverhampton,Brighton,2.66,3.82,2.37,2-2,2.0,2.0,4.0,N,
Manchester Blue,London Reds,2.27,3.65,2.89,3-1,3.0,1.0,4.0,D,
Spurs,Bournemouth,1.66,4.64,4.1,3-3,3.0,3.0,6.0,N,
Burnley,West Ham,2.67,3.45,2.52,0-1,0.0,1.0,1.0,E,
Fulham,C. Palace,2.07,3.61,3.33,4-1,4.0,1.0,5.0,D,
Liverpool,Leeds,1.13,8.14,20.59,5-0,5.0,0.0,5.0,D,
Leeds,Fulham,5.62,4.17,1.56,2-0,2.0,0.0,2.0,D,
London Blues,Liverpool,2.22,3.79,2.89,1-1,1.0,1.0,2.0,N,
Sunderland,Newcastle,8.61,5.43,1.32,0-5,0.0,5.0,5.0,E,
Everton,Manchester Red,2.43,3.07,3.09,3-0,3.0,0.0,3.0,D,
London Reds,Spurs,1.43,5.33,5.75,3-0,3.0,0.0,3.0,D,
Bournemouth,Brentford,2.59,3.2,2.77,2-2,2.0,2.0,4.0,N,
A. Villa,Manchester Blue,2.88,3.62,2.29,2-1,2.0,1.0,3.0,D,
C. Palace,Burnley,1.57,4.46,5.04,0-0,0.0,0.0,0.0,N,
N. Forest,Brighton,2.28,3.79,2.8,1-1,1.0,1.0,2.0,N,
West Ham,Wolverhampton,1.87,3.85,3.77,3-1,3.0,1.0,4.0,D,
Brighton,Everton,1.66,3.78,5.21,2-1,2.0,1.0,3.0,D,
Manchester Blue,Spurs,1.32,6.06,7.3,3-2,3.0,2.0,5.0,D,
N. Forest,West Ham,1.76,3.81,4.36,0-0,0.0,0.0,0.0,N,
Brentford,London Reds,4.75,4.25,1.63,1-3,1.0,3.0,4.0,E,
Manchester Red,Sunderland,1.49,4.52,5.96,1-2,1.0,2.0,3.0,E,
Liverpool,A. Villa,1.31,5.43,9.02,3-0,3.0,0.0,3.0,D,
Burnley,Leeds,2.0,3.22,4.0,1-1,1.0,1.0,2.0,N,
Newcastle,Bournemouth,1.33,5.6,7.67,6-0,6.0,0.0,6.0,D,
Wolverhampton,C. Palace,2.51,3.25,2.8200000000000003,3-2,3.0,2.0,5.0,D,
Fulham,London Blues,2.18,3.84,2.93,0-2,0.0,2.0,2.0,E,
Leeds,C. Palace,4.9,3.75,1.7000000000000002,,,,,,
Brentford,N. Forest,1.58,4.59,4.79,2-0,2.0,0.0,2.0,D,
West Ham,Manchester Red,2.21,3.5700000000000003,3.05,3-1,3.0,1.0,4.0,D,
Bournemouth,Manchester Blue,5.2,3.68,1.6800000000000002,2-0,2.0,0.0,2.0,D,
Newcastle,Burnley,1.19,7.25,12.12,4-1,4.0,1.0,5.0,D,
London Blues,Sunderland,1.38,5.0,7.38,4-1,4.0,1.0,5.0,D,
Everton,Fulham,2.55,3.12,2.89,2-1,2.0,1.0,3.0,D,
London Reds,Brighton,1.42,5.27,5.96,1-1,1.0,1.0,2.0,N,
A. Villa,Wolverhampton,1.36,5.39,7.28,3-0,3.0,0.0,3.0,D,
Liverpool,Spurs,1.35,5.65,7.02,2-0,2.0,0.0,2.0,D,
Burnley,London Blues,3.59,3.53,2.01,2-2,2.0,2.0,4.0,N,
Fulham,Bournemouth,1.84,4.26,3.55,3-0,3.0,0.0,3.0,D,
A. Villa,Everton,1.43,4.49,7.15,,,,,,
Brighton,Brentford,2.02,3.71,3.39,3-2,3.0,2.0,5.0,D,
Wolverhampton,Newcastle,3.1,3.75,2.12,1-3,1.0,3.0,4.0,E,
C. Palace,Manchester Red,2.12,3.48,3.34,1-5,1.0,5.0,6.0,E,
N. Forest,Leeds,1.46,4.2,7.24,3-1,3.0,1.0,4.0,D,
Spurs,West Ham,1.61,4.6,4.51,2-0,2.0,0.0,2.0,D,
Manchester Blue,London Reds,2.29,3.68,2.85,0-2,0.0,2.0,2.0,E,
Sunderland,Liverpool,11.61,6.45,1.22,2-0,2.0,0.0,2.0,D,
West Ham,Sunderland,1.87,3.97,3.65,1-1,1.0,1.0,2.0,N,
Manchester Red,Spurs,2.0,3.95,3.25,4-0,4.0,0.0,4.0,D,
Brentford,Manchester Blue,3.84,4.03,1.81,2-0,2.0,0.0,2.0,D,
Newcastle,Everton,1.35,4.75,9.23,1-1,1.0,1.0,2.0,N,
Liverpool,Burnley,1.15,8.09,14.57,3-0,3.0,0.0,3.0,D,
Bournemouth,A. Villa,2.32,3.24,3.13,3-1,3.0,1.0,4.0,D,
London Reds,Fulham,1.42,4.9,6.69,0-0,0.0,0.0,0.0,N,
Leeds,Brighton,6.32,5.03,1.42,1-2,1.0,2.0,3.0,E,
London Blues,Wolverhampton,1.46,4.54,6.44,1-1,1.0,1.0,2.0,N,
N. Forest,C. Palace,2.12,3.33,3.48,1-2,1.0,2.0,3.0,E,
C. Palace,Spurs,2.25,3.95,2.76,1-1,1.0,1.0,2.0,N,
Everton,London Blues,2.63,3.27,2.67,0-3,0.0,3.0,3.0,E,
Burnley,West Ham,2.61,3.47,2.58,0-0,0.0,0.0,0.0,N,
Sunderland,Manchester Red,5.92,4.06,1.55,0-4,0.0,4.0,4.0,E,
Fulham,Brentford,2.35,3.62,2.79,2-2,2.0,2.0,4.0,N,
Manchester Blue,Leeds,1.11,9.11,21.73,5-0,5.0,0.0,5.0,D,
A. Villa,London Reds,3.39,3.66,2.03,3-2,3.0,2.0,5.0,D,
Wolverhampton,Liverpool,3.75,3.94,1.85,1-5,1.0,5.0,6.0,E,
Brighton,N. Forest,1.57,4.41,5.13,1-0,1.0,0.0,1.0,D,
Newcastle,Bournemouth,1.31,5.8100000000000005,8.19,1-1,1.0,1.0,2.0,N,
Brighton,C. Palace,1.89,3.61,3.93,2-1,2.0,1.0,3.0,D,
London Reds,Newcastle,1.59,4.5600000000000005,4.68,2-3,2.0,3.0,5.0,E,
Spurs,Sunderland,1.53,4.82,5.08,1-2,1.0,2.0,3.0,E,
Leeds,Fulham,5.69,4.26,1.54,1-1,1.0,1.0,2.0,N,
N. Forest,Manchester Blue,4.19,3.56,1.85,1-2,1.0,2.0,3.0,E,
Liverpool,Everton,1.26,5.45,11.85,5-1,5.0,1.0,6.0,D,
Brentford,A. Villa,1.85,4.03,3.69,0-1,0.0,1.0,1.0,E,
West Ham,Wolverhampton,1.83,3.93,3.86,3-0,3.0,0.0,3.0,D,
London Blues,Bournemouth,1.48,4.75,5.75,3-2,3.0,2.0,5.0,D,
Manchester Red,Burnley,1.43,4.9,6.3,1-2,1.0,2.0,3.0,E,
Bournemouth,Liverpool,3.44,3.73,1.99,1-4,1.0,4.0,5.0,E,
C. Palace,Sunderland,1.6800000000000002,4.06,4.57,3-1,3.0,1.0,4.0,D,
Fulham,N. Forest,1.67,4.25,4.4,3-1,3.0,1.0,4.0,D,
Everton,West Ham,1.98,3.41,3.84,0-1,0.0,1.0,1.0,E,
Newcastle,Brentford,1.5,4.44,5.91,4-0,4.0,0.0,4.0,D,
Manchester Blue,Brighton,1.34,5.91,6.96,3-2,3.0,2.0,5.0,D,
Burnley,Spurs,3.72,3.95,1.86,1-4,1.0,4.0,5.0,E,
A. Villa,Leeds,1.24,5.96,11.52,1-0,1.0,0.0,1.0,D,
London Blues,London Reds,3.73,3.52,1.97,1-3,1.0,3.0,4.0,E,
Wolverhampton,Manchester Red,2.36,3.42,2.91,0-3,0.0,3.0,3.0,E,
Spurs,Wolverhampton,1.48,4.91,5.52,2-0,2.0,0.0,2.0,D,
Manchester Red,Everton,1.65,3.66,5.58,0-2,0.0,2.0,2.0,E,
N. Forest,A. Villa,2.04,3.43,3.61,0-1,0.0,1.0,1.0,E,
West Ham,Bournemouth,1.97,4.02,3.3,1-2,1.0,2.0,3.0,E,
Leeds,Newcastle,7.93,5.32,1.34,1-0,1.0,0.0,1.0,D,
Brentford,London Blues,1.95,4.11,3.28,2-1,2.0,1.0,3.0,D,
Sunderland,Burnley,3.91,4.04,1.8,3-0,3.0,0.0,3.0,D,
Manchester Blue,C. Palace,1.28,5.73,9.43,4-2,4.0,2.0,6.0,D,
Liverpool,London Reds,2.33,3.43,2.95,1-3,1.0,3.0,4.0,E,
Brighton,Fulham,1.96,3.82,3.49,4-0,4.0,0.0,4.0,D,
Spurs,Bournemouth,1.69,4.63,3.99,2-1,2.0,1.0,3.0,D,
Leeds,Liverpool,9.61,6.04,1.27,0-1,0.0,1.0,1.0,E,
N. Forest,London Blues,2.15,3.52,3.21,0-0,0.0,0.0,0.0,N,
Burnley,Wolverhampton,2.43,3.36,2.85,1-1,1.0,1.0,2.0,N,
Sunderland,Everton,4.77,3.29,1.83,3-1,3.0,1.0,4.0,D,
West Ham,Brentford,2.6,3.59,2.52,2-1,2.0,1.0,3.0,D,
Manchester Blue,A. Villa,1.27,5.97,9.56,2-2,2.0,2.0,4.0,N,
Fulham,C. Palace,2.04,3.67,3.37,0-0,0.0,0.0,0.0,N,
Brighton,Newcastle,2.17,3.92,2.91,2-2,2.0,2.0,4.0,N,
Manchester Red,London Reds,4.16,3.52,1.87,1-0,1.0,0.0,1.0,D,
Sunderland,London Reds,23.4,7.98,1.12,0-1,0.0,1.0,1.0,E,
Wolverhampton,Everton,2.11,3.17,3.69,2-1,2.0,1.0,3.0,D,
Burnley,Bournemouth,2.79,3.61,2.36,2-2,2.0,2.0,4.0,N,
Fulham,Newcastle,2.59,3.95,2.38,1-2,1.0,2.0,3.0,E,
N. Forest,West Ham,1.73,3.9,4.45,2-1,2.0,1.0,3.0,D,
A. Villa,C. Palace,1.6,4.2,5.08,3-0,3.0,0.0,3.0,D,
Spurs,Brentford,2.1,3.9,3.05,0-1,0.0,1.0,1.0,E,
Manchester Blue,London Blues,1.33,5.61,7.83,3-0,3.0,0.0,3.0,D,
Brighton,Liverpool,2.5700000000000003,3.93,2.4,2-2,2.0,2.0,4.0,N,
Manchester Red,Leeds,1.36,4.69,8.99,5-1,5.0,1.0,6.0,D,
London Blues,Fulham,1.71,3.9,4.5600000000000005,4-2,4.0,2.0,6.0,D,
London Reds,Burnley,1.2,7.31,11.44,2-1,2.0,1.0,3.0,D,
C. Palace,Everton,1.84,3.39,4.49,2-1,2.0,1.0,3.0,D,
Manchester Red,N. Forest,1.52,4.35,5.77,0-4,0.0,4.0,4.0,E,
Leeds,Spurs,6.38,5.07,1.42,1-3,1.0,3.0,4.0,E,
West Ham,Brighton,2.5700000000000003,4.02,2.37,4-1,4.0,1.0,5.0,D,
Bournemouth,Wolverhampton,1.84,3.6,4.17,1-0,1.0,0.0,1.0,D,
Brentford,Sunderland,1.53,4.84,5.0,1-0,1.0,0.0,1.0,D,
Newcastle,A. Villa,1.38,4.97,7.6,5-0,5.0,0.0,5.0,D,
Liverpool,Manchester Blue,2.04,3.5700000000000003,3.46,0-3,0.0,3.0,3.0,E,
Fulham,Liverpool,3.05,3.97,2.08,3-1,3.0,1.0,4.0,D,
Manchester Blue,West Ham,1.19,7.21,11.93,2-2,2.0,2.0,4.0,N,
Everton,Bournemouth,2.13,3.55,3.24,2-3,2.0,3.0,5.0,E,
Wolverhampton,London Reds,6.8,4.15,1.49,0-5,0.0,5.0,5.0,E,
Burnley,Brentford,3.72,3.48,1.99,1-3,1.0,3.0,4.0,E,
Sunderland,Leeds,3.29,3.2,2.26,2-1,2.0,1.0,3.0,D,
Brighton,Manchester Red,1.79,3.87,4.12,3-1,3.0,1.0,4.0,D,
Spurs,N. Forest,1.52,4.85,5.13,4-2,4.0,2.0,6.0,D,
Newcastle,C. Palace,1.39,4.74,7.58,2-1,2.0,1.0,3.0,D,
A. Villa,London Blues,1.69,4.28,4.27,5-1,5.0,1.0,6.0,D,
Spurs,Brighton,1.94,4.45,3.14,1-2,1.0,2.0,3.0,E,
West Ham,Fulham,2.41,3.62,2.71,1-1,1.0,1.0,2.0,N,
Liverpool,A. Villa,1.32,5.29,8.85,5-0,5.0,0.0,5.0,D,
London Reds,Everton,1.27,5.51,10.78,2-3,2.0,3.0,5.0,E,
N. Forest,Sunderland,1.66,3.98,4.85,2-0,2.0,0.0,2.0,D,
London Blues,Newcastle,2.0,3.85,3.32,2-1,2.0,1.0,3.0,D,
C. Palace,Bournemouth,1.84,4.01,3.73,3-0,3.0,0.0,3.0,D,
Leeds,Burnley,3.33,3.88,1.99,2-2,2.0,2.0,4.0,N,
Brentford,Wolverhampton,1.56,4.62,4.96,1-3,1.0,3.0,4.0,E,
Manchester Red,Manchester Blue,3.43,3.47,2.08,0-0,0.0,0.0,0.0,N,
Manchester Blue,Spurs,1.33,6.05,7.03,0-2,0.0,2.0,2.0,E,
A. Villa,West Ham,1.41,5.08,6.6,1-1,1.0,1.0,2.0,N,
Burnley,N. Forest,2.47,3.48,2.72,1-0,1.0,0.0,1.0,D,
Fulham,Manchester Red,2.0,3.72,3.42,2-2,2.0,2.0,4.0,N,
Sunderland,Brighton,7.89,5.51,1.33,2-1,2.0,1.0,3.0,D,
Bournemouth,London Reds,5.97,3.72,1.6,3-1,3.0,1.0,4.0,D,
Everton,Brentford,2.63,3.09,2.81,2-0,2.0,0.0,2.0,D,
Wolverhampton,Leeds,1.62,3.8,5.57,2-0,2.0,0.0,2.0,D,
Newcastle,Liverpool,1.78,4.14,3.87,0-1,0.0,1.0,1.0,E,
London Blues,C. Palace,1.71,3.76,4.8,2-1,2.0,1.0,3.0,D,
C. Palace,London Reds,5.16,3.83,1.65,0-3,0.0,3.0,3.0,E,
Manchester Red,A. Villa,1.77,3.78,4.36,1-0,1.0,0.0,1.0,D,
Spurs,Fulham,1.93,4.06,3.4,2-1,2.0,1.0,3.0,D,
Leeds,Everton,4.1,3.27,1.96,1-0,1.0,0.0,1.0,D,
Sunderland,Manchester Blue,19.66,7.61,1.14,1-3,1.0,3.0,4.0,E,
N. Forest,Wolverhampton,1.6800000000000002,3.9,4.83,0-2,0.0,2.0,2.0,E,
West Ham,Newcastle,2.98,3.92,2.13,2-1,2.0,1.0,3.0,D,
Brentford,Bournemouth,1.76,4.46,3.73,3-1,3.0,1.0,4.0,D,
Liverpool,London Blues,1.34,5.31,7.97,1-2,1.0,2.0,3.0,E,
Brighton,Burnley,1.47,4.92,5.72,2-3,2.0,3.0,5.0,E,
Newcastle,Manchester Red,1.42,4.7,7.06,2-1,2.0,1.0,3.0,D,
Wolverhampton,Brighton,2.8,3.87,2.25,1-2,1.0,2.0,3.0,E,
A. Villa,Spurs,1.67,4.61,4.06,3-0,3.0,0.0,3.0,D,
Fulham,Sunderland,1.67,4.25,4.45,5-1,5.0,1.0,6.0,D,
Liverpool,C. Palace,1.31,5.26,9.38,2-0,2.0,0.0,2.0,D,
Bournemouth,Leeds,1.61,3.69,5.89,1-1,1.0,1.0,2.0,N,
Everton,N. Forest,1.92,3.51,3.92,3-1,3.0,1.0,4.0,D,
London Blues,West Ham,1.51,4.4,5.89,3-1,3.0,1.0,4.0,D,
Burnley,Manchester Blue,8.33,4.54,1.39,1-1,1.0,1.0,2.0,N,
London Reds,Brentford,1.46,4.69,6.16,2-0,2.0,0.0,2.0,D,
Spurs,Newcastle,2.22,4.15,2.72,3-3,3.0,3.0,6.0,N,
West Ham,Liverpool,3.46,4.0,1.92,1-1,1.0,1.0,2.0,N,
C. Palace,Brentford,2.32,3.48,2.93,0-0,0.0,0.0,0.0,N,
Manchester Blue,Wolverhampton,1.18,7.54,12.95,2-0,2.0,0.0,2.0,D,
Sunderland,A. Villa,6.23,4.21,1.51,0-2,0.0,2.0,2.0,E,
N. Forest,Bournemouth,1.79,3.97,4.01,3-0,3.0,0.0,3.0,D,
Burnley,Fulham,3.6,3.37,2.06,1-1,1.0,1.0,2.0,N,
Brighton,Everton,1.67,3.72,5.18,2-0,2.0,0.0,2.0,D,
Leeds,London Reds,18.59,7.26,1.15,0-3,0.0,3.0,3.0,E,
Manchester Red,London Blues,1.88,3.78,3.78,3-1,3.0,1.0,4.0,D,
C. Palace,Leeds,1.48,4.2,6.86,3-2,3.0,2.0,5.0,D,
N. Forest,Brentford,2.17,3.42,3.25,1-3,1.0,3.0,4.0,E,
Manchester Red,West Ham,1.59,4.18,5.17,1-2,1.0,2.0,3.0,E,
Manchester Blue,Bournemouth,1.23,6.84,9.96,2-0,2.0,0.0,2.0,D,
Burnley,Newcastle,4.37,3.94,1.73,1-1,1.0,1.0,2.0,N,
Sunderland,London Blues,6.55,4.5,1.46,1-1,1.0,1.0,2.0,N,
Fulham,Everton,1.85,3.55,4.19,1-0,1.0,0.0,1.0,D,
Brighton,London Reds,4.13,3.77,1.81,2-3,2.0,3.0,5.0,E,
Wolverhampton,A. Villa,2.36,3.41,2.91,2-1,2.0,1.0,3.0,D,
Spurs,Liverpool,2.65,4.2,2.25,3-1,3.0,1.0,4.0,D,
London Blues,Burnley,1.33,5.53,7.74,2-2,2.0,2.0,4.0,N,
Bournemouth,Fulham,2.48,3.3,2.83,0-0,0.0,0.0,0.0,N,
Everton,A. Villa,2.4,3.1,3.11,1-0,1.0,0.0,1.0,D,
Brentford,Brighton,2.03,4.34,2.96,1-0,1.0,0.0,1.0,D,
Newcastle,Wolverhampton,1.25,6.2,10.28,5-1,5.0,1.0,6.0,D,
Manchester Red,C. Palace,1.87,3.55,4.08,2-2,2.0,2.0,4.0,N,
Leeds,N. Forest,3.58,3.73,1.95,0-0,0.0,0.0,0.0,N,
West Ham,Spurs,2.52,3.98,2.43,3-1,3.0,1.0,4.0,D,
London Reds,Manchester Blue,2.19,3.7,3.0,0-1,0.0,1.0,1.0,E,
Liverpool,Sunderland,1.18,7.23,13.68,4-0,4.0,0.0,4.0,D,
Sunderland,West Ham,4.75,3.93,1.6800000000000002,0-3,0.0,3.0,3.0,E,
Spurs,Manchester Red,1.8,4.14,3.79,0-0,0.0,0.0,0.0,N,
Manchester Blue,Brentford,1.37,5.22,7.17,3-1,3.0,1.0,4.0,D,
Everton,Newcastle,3.0,3.44,2.29,1-2,1.0,2.0,3.0,E,
Burnley,Liverpool,5.24,4.3,1.57,0-1,0.0,1.0,1.0,E,
A. Villa,Bournemouth,1.5,4.91,5.32,3-1,3.0,1.0,4.0,D,
Fulham,London Reds,5.09,4.03,1.62,0-2,0.0,2.0,2.0,E,
Brighton,Leeds,1.35,4.95,8.53,0-0,0.0,0.0,0.0,N,
Wolverhampton,London Blues,2.62,3.55,2.52,1-2,1.0,2.0,3.0,E,
C. Palace,N. Forest,1.69,4.06,4.48,2-1,2.0,1.0,3.0,D,
Spurs,C. Palace,1.77,4.07,3.99,1-2,1.0,2.0,3.0,E,
London Blues,Everton,1.55,3.87,6.3,2-2,2.0,2.0,4.0,N,
West Ham,Burnley,1.67,4.38,4.28,3-1,3.0,1.0,4.0,D,
Manchester Red,Sunderland,1.52,4.36,5.75,1-0,1.0,0.0,1.0,D,
Brentford,Fulham,2.05,3.96,3.12,4-2,4.0,2.0,6.0,D,
Leeds,Manchester Blue,15.0,6.85,1.18,1-0,1.0,0.0,1.0,D,
London Reds,A. Villa,1.37,5.13,7.51,1-1,1.0,1.0,2.0,N,
Liverpool,Wolverhampton,1.2,6.67,12.6,3-2,3.0,2.0,5.0,D,
N. Forest,Brighton,2.22,3.82,2.88,0-1,0.0,1.0,1.0,E,
Bournemouth,Newcastle,2.85,3.55,2.34,1-0,1.0,0.0,1.0,D,
C. Palace,Brighton,2.3,3.85,2.74,0-0,0.0,0.0,0.0,N,
Newcastle,London Reds,2.65,3.47,2.54,1-2,1.0,2.0,3.0,E,
Sunderland,Spurs,7.88,5.44,1.33,1-3,1.0,3.0,4.0,E,
Fulham,Leeds,1.48,4.36,6.49,5-1,5.0,1.0,6.0,D,
Manchester Blue,N. Forest,1.19,7.36,12.24,2-2,2.0,2.0,4.0,N,
Everton,Liverpool,3.83,3.64,1.91,1-0,1.0,0.0,1.0,D,
A. Villa,Brentford,1.71,4.09,4.33,3-1,3.0,1.0,4.0,D,
Wolverhampton,West Ham,1.99,3.68,3.5,4-0,4.0,0.0,4.0,D,
Bournemouth,London Blues,2.43,3.46,2.79,1-1,1.0,1.0,2.0,N,
Burnley,Manchester Red,3.31,3.36,2.17,1-1,1.0,1.0,2.0,N,
Liverpool,Bournemouth,1.24,6.52,10.1,3-0,3.0,0.0,3.0,D,
Sunderland,C. Palace,6.31,4.09,1.52,0-1,0.0,1.0,1.0,E,
N. Forest,Fulham,2.18,3.47,3.19,1-1,1.0,1.0,2.0,N,
West Ham,Everton,2.06,3.29,3.68,2-1,2.0,1.0,3.0,D,
Brentford,Newcastle,2.26,4.17,2.65,3-1,3.0,1.0,4.0,D,
Brighton,Manchester Blue,3.54,3.66,1.99,4-2,4.0,2.0,6.0,D,
Spurs,Burnley,1.44,5.4,5.49,4-0,4.0,0.0,4.0,D,
Leeds,A. Villa,5.04,3.93,1.65,0-2,0.0,2.0,2.0,E,
London Reds,London Blues,1.42,5.1,6.34,1-3,1.0,3.0,4.0,E,
Manchester Red,Wolverhampton,1.52,4.32,5.87,1-1,1.0,1.0,2.0,N,
Wolverhampton,Spurs,2.72,3.88,2.3,1-2,1.0,2.0,3.0,E,
Everton,Manchester Red,2.39,3.13,3.11,2-1,2.0,1.0,3.0,D,
A. Villa,N. Forest,1.35,5.39,7.49,1-1,1.0,1.0,2.0,N,
Bournemouth,West Ham,1.92,3.58,3.86,1-2,1.0,2.0,3.0,E,
Newcastle,Leeds,1.15,7.45,18.05,2-3,2.0,3.0,5.0,E,
London Blues,Brentford,1.84,3.69,4.06,1-1,1.0,1.0,2.0,N,
Burnley,Sunderland,2.48,3.46,2.71,2-3,2.0,3.0,5.0,E,
C. Palace,Manchester Blue,4.38,3.72,1.78,1-1,1.0,1.0,2.0,N,
London Reds,Liverpool,1.75,4.34,3.86,2-1,2.0,1.0,3.0,D,
Fulham,Brighton,2.27,4.02,2.69,5-1,5.0,1.0,6.0,D,
Brentford,Liverpool,2.76,4.22,2.17,2-2,2.0,2.0,4.0,N,
Manchester Blue,Fulham,1.33,5.57,7.89,3-0,3.0,0.0,3.0,D,
Leeds,London Blues,5.82,4.46,1.51,1-4,1.0,4.0,5.0,E,
West Ham,London Reds,6.09,4.22,1.52,0-3,0.0,3.0,3.0,E,
Manchester Red,Bournemouth,1.63,4.25,4.76,0-0,0.0,0.0,0.0,N,
Brighton,A. Villa,1.8,3.9,4.02,2-2,2.0,2.0,4.0,N,
Sunderland,Wolverhampton,4.43,3.79,1.75,1-4,1.0,4.0,5.0,E,
Spurs,Everton,1.61,4.09,5.1,2-1,2.0,1.0,3.0,D,
Burnley,C. Palace,3.24,3.22,2.27,1-3,1.0,3.0,4.0,E,
N. Forest,Newcastle,2.51,3.68,2.5700000000000003,1-1,1.0,1.0,2.0,N,
Bournemouth,Spurs,2.53,3.77,2.51,2-1,2.0,1.0,3.0,D,
Liverpool,Leeds,1.12,8.07,21.62,4-1,4.0,1.0,5.0,D,
London Blues,N. Forest,1.42,4.85,6.77,3-0,3.0,0.0,3.0,D,
Wolverhampton,Burnley,1.77,4.07,4.03,1-0,1.0,0.0,1.0,D,
Everton,Sunderland,1.93,3.53,3.87,1-1,1.0,1.0,2.0,N,
Brentford,West Ham,1.66,4.42,4.32,3-1,3.0,1.0,4.0,D,
A. Villa,Manchester Blue,2.83,3.7,2.29,1-3,1.0,3.0,4.0,E,
C. Palace,Fulham,2.17,3.48,3.21,1-4,1.0,4.0,5.0,E,
Newcastle,Brighton,1.45,5.06,5.78,4-0,4.0,0.0,4.0,D,
London Reds,Manchester Red,1.36,5.14,7.62,3-1,3.0,1.0,4.0,D,
Wolverhampton,C. Palace,2.45,3.31,2.85,1-1,1.0,1.0,2.0,N,
Manchester Red,Brentford,1.98,3.62,3.59,3-1,3.0,1.0,4.0,D,
Brighton,London Blues,1.9,3.98,3.55,2-0,2.0,0.0,2.0,D,
Burnley,Everton,2.74,2.99,2.77,0-2,0.0,2.0,2.0,E,
Sunderland,Bournemouth,5.2,4.34,1.57,1-3,1.0,3.0,4.0,E,
Spurs,London Reds,4.34,4.22,1.69,1-1,1.0,1.0,2.0,N,
Manchester Blue,Newcastle,1.43,5.18,5.91,1-2,1.0,2.0,3.0,E,
Fulham,A. Villa,2.13,3.68,3.15,1-0,1.0,0.0,1.0,D,
Leeds,West Ham,3.93,3.81,1.84,1-1,1.0,1.0,2.0,N,
N. Forest,Liverpool,3.08,3.72,2.14,3-0,3.0,0.0,3.0,D,
London Reds,Sunderland,1.21,6.83,11.34,5-0,5.0,0.0,5.0,D,
Everton,Wolverhampton,1.9,3.44,4.1,1-2,1.0,2.0,3.0,E,
Bournemouth,Burnley,1.7000000000000002,3.98,4.55,4-1,4.0,1.0,5.0,D,
Newcastle,Fulham,1.47,4.54,6.2,2-0,2.0,0.0,2.0,D,
West Ham,N. Forest,1.82,3.94,3.89,1-4,1.0,4.0,5.0,E,
C. Palace,A. Villa,2.05,3.56,3.43,1-2,1.0,2.0,3.0,E,
Brentford,Spurs,2.1,4.35,2.8200000000000003,3-3,3.0,3.0,6.0,N,
London Blues,Manchester Blue,3.11,3.47,2.22,1-2,1.0,2.0,3.0,E,
Liverpool,Brighton,1.36,5.51,7.07,6-0,6.0,0.0,6.0,D,
Leeds,Manchester Red,5.02,3.97,1.64,2-3,2.0,3.0,5.0,E,
Fulham,London Blues,2.14,3.86,3.0,2-2,2.0,2.0,4.0,N,
Burnley,London Reds,9.62,4.78,1.34,0-2,0.0,2.0,2.0,E,
Everton,C. Palace,2.38,3.0,3.26,1-2,1.0,2.0,3.0,E,
N. Forest,Manchester Red,2.03,3.48,3.5700000000000003,1-1,1.0,1.0,2.0,N,
Spurs,Leeds,1.31,5.52,8.62,2-3,2.0,3.0,5.0,E,
Brighton,West Ham,1.6,4.37,4.82,2-1,2.0,1.0,3.0,D,
Wolverhampton,Bournemouth,2.09,3.83,3.12,1-1,1.0,1.0,2.0,N,
Sunderland,Brentford,7.75,4.59,1.4,2-3,2.0,3.0,5.0,E,
A. Villa,Newcastle,1.9,4.11,3.44,2-1,2.0,1.0,3.0,D,
Manchester Blue,Liverpool,1.55,4.83,4.76,3-3,3.0,3.0,6.0,N,
Liverpool,Fulham,1.39,4.85,7.34,2-0,2.0,0.0,2.0,D,
West Ham,Manchester Blue,5.15,4.06,1.61,3-1,3.0,1.0,4.0,D,
Bournemouth,Everton,2.0,3.12,4.18,1-2,1.0,2.0,3.0,E,
London Reds,Wolverhampton,1.24,6.36,10.48,1-0,1.0,0.0,1.0,D,
Brentford,Burnley,1.45,5.29,5.53,3-1,3.0,1.0,4.0,D,
Leeds,Sunderland,3.62,3.86,1.9,1-0,1.0,0.0,1.0,D,
Manchester Red,Brighton,1.97,4.01,3.31,2-2,2.0,2.0,4.0,N,
N. Forest,Spurs,2.21,3.87,2.86,2-3,2.0,3.0,5.0,E,
C. Palace,Newcastle,2.66,3.69,2.42,2-0,2.0,0.0,2.0,D,
London Blues,A. Villa,1.65,3.99,4.95,3-1,3.0,1.0,4.0,D,
Brighton,Spurs,2.03,4.16,3.07,2-0,2.0,0.0,2.0,D,
Fulham,West Ham,1.81,4.0,3.89,0-1,0.0,1.0,1.0,E,
A. Villa,Liverpool,2.15,4.06,2.87,1-5,1.0,5.0,6.0,E,
Everton,London Reds,6.26,3.67,1.59,0-4,0.0,4.0,4.0,E,
Sunderland,N. Forest,4.44,3.89,1.73,1-3,1.0,3.0,4.0,E,
Newcastle,London Blues,1.44,4.78,6.37,2-1,2.0,1.0,3.0,D,
Bournemouth,C. Palace,2.43,3.14,3.04,1-1,1.0,1.0,2.0,N,
Burnley,Leeds,2.04,3.18,3.93,0-1,0.0,1.0,1.0,E,
Wolverhampton,Brentford,2.72,3.4,2.51,2-1,2.0,1.0,3.0,D,
Manchester Blue,Manchester Red,1.29,5.84,8.93,3-1,3.0,1.0,4.0,D,
Spurs,Manchester Blue,3.5700000000000003,4.04,1.88,2-0,2.0,0.0,2.0,D,
West Ham,A. Villa,2.25,3.61,2.95,0-1,0.0,1.0,1.0,E,
N. Forest,Burnley,1.54,4.43,5.39,1-1,1.0,1.0,2.0,N,
Manchester Red,Fulham,1.94,3.61,3.73,0-1,0.0,1.0,1.0,E,
Brighton,Sunderland,1.52,4.58,5.41,5-0,5.0,0.0,5.0,D,
London Reds,Bournemouth,1.31,5.95,7.85,3-0,3.0,0.0,3.0,D,
Brentford,Everton,1.66,3.98,4.89,4-0,4.0,0.0,4.0,D,
Leeds,Wolverhampton,3.69,3.71,1.93,0-1,0.0,1.0,1.0,E,
Liverpool,Newcastle,1.44,4.9,6.15,1-2,1.0,2.0,3.0,E,
C. Palace,London Blues,2.21,3.65,2.99,1-1,1.0,1.0,2.0,N,
London Reds,C. Palace,1.36,5.03,7.94,1-1,1.0,1.0,2.0,N,
A. Villa,Manchester Red,1.57,4.38,5.19,2-2,2.0,2.0,4.0,N,
Fulham,Spurs,2.2,4.15,2.74,2-1,2.0,1.0,3.0,D,
Everton,Leeds,1.61,3.5700000000000003,6.23,1-1,1.0,1.0,2.0,N,
Manchester Blue,Sunderland,1.17,7.66,12.76,6-0,6.0,0.0,6.0,D,
Wolverhampton,N. Forest,1.91,3.77,3.7,1-1,1.0,1.0,2.0,N,
Newcastle,West Ham,1.29,5.78,9.14,0-0,0.0,0.0,0.0,N,
Bournemouth,Brentford,2.51,3.24,2.83,1-2,1.0,2.0,3.0,E,
London Blues,Liverpool,2.26,3.86,2.78,2-2,2.0,2.0,4.0,N,
Burnley,Brighton,3.64,3.88,1.9,0-2,0.0,2.0,2.0,E,
Manchester Red,Newcastle,2.25,3.73,2.89,3-1,3.0,1.0,4.0,D,
Brighton,Wolverhampton,1.51,4.5,5.71,2-1,2.0,1.0,3.0,D,
Spurs,A. Villa,1.81,4.11,3.76,2-2,2.0,2.0,4.0,N,
Sunderland,Fulham,7.48,4.6,1.41,0-2,0.0,2.0,2.0,E,
C. Palace,Liverpool,3.04,3.83,2.13,0-4,0.0,4.0,4.0,E,
Leeds,Bournemouth,4.3,4.18,1.7000000000000002,0-4,0.0,4.0,4.0,E,
N. Forest,Everton,1.86,3.32,4.5,2-4,2.0,4.0,6.0,E,
West Ham,London Blues,2.47,3.67,2.61,3-0,3.0,0.0,3.0,D,
Manchester Blue,Burnley,1.16,8.15,13.24,4-0,4.0,0.0,4.0,D,
Brentford,London Reds,4.97,4.28,1.6,1-1,1.0,1.0,2.0,N,
Newcastle,Spurs,1.49,4.97,5.33,2-0,2.0,0.0,2.0,D,
Liverpool,West Ham,1.22,6.52,11.72,1-0,1.0,0.0,1.0,D,
Brentford,C. Palace,1.91,3.84,3.63,0-3,0.0,3.0,3.0,E,
Wolverhampton,Manchester Blue,5.44,3.98,1.6,1-3,1.0,3.0,4.0,E,
A. Villa,Sunderland,1.35,5.5,7.39,3-3,3.0,3.0,6.0,N,
Bournemouth,N. Forest,1.83,3.67,4.13,2-1,2.0,1.0,3.0,D,
Fulham,Burnley,1.57,4.64,4.78,1-1,1.0,1.0,2.0,N,
Everton,Brighton,2.61,3.52,2.55,0-2,0.0,2.0,2.0,E,
London Reds,Leeds,1.15,7.54,17.09,3-1,3.0,1.0,4.0,D,
London Blues,Manchester Red,1.7000000000000002,3.91,4.65,0-0,0.0,0.0,0.0,N,
C. Palace,West Ham,1.81,3.83,4.06,2-2,2.0,2.0,4.0,N,
Manchester Blue,Everton,1.24,5.89,11.66,1-1,1.0,1.0,2.0,N,
Burnley,A. Villa,3.24,3.38,2.2,1-0,1.0,0.0,1.0,D,
Fulham,Wolverhampton,1.65,4.22,4.63,0-0,0.0,0.0,0.0,N,
Manchester Red,Liverpool,2.45,3.74,2.6,3-3,3.0,3.0,6.0,N,
Brighton,Bournemouth,1.62,4.51,4.52,5-1,5.0,1.0,6.0,D,
Spurs,London Blues,1.85,4.25,3.51,1-1,1.0,1.0,2.0,N,
Leeds,Brentford,6.04,4.25,1.52,0-0,0.0,0.0,0.0,N,
N. Forest,London Reds,4.98,3.64,1.71,1-3,1.0,3.0,4.0,E,
Sunderland,Newcastle,8.81,5.46,1.31,1-2,1.0,2.0,3.0,E,
Liverpool,Everton,1.25,5.5,12.36,4-0,4.0,0.0,4.0,D,
Manchester Red,Newcastle,2.15,3.76,3.04,1-3,1.0,3.0,4.0,E,
West Ham,Spurs,2.5700000000000003,4.05,2.36,0-3,0.0,3.0,3.0,E,
Brentford,Sunderland,1.55,4.7,4.91,5-0,5.0,0.0,5.0,D,
Brighton,C. Palace,1.86,3.71,3.96,1-1,1.0,1.0,2.0,N,
Wolverhampton,N. Forest,2.03,3.65,3.39,1-1,1.0,1.0,2.0,N,
A. Villa,Bournemouth,1.49,4.96,5.32,3-2,3.0,2.0,5.0,D,
Leeds,Fulham,5.57,4.11,1.57,0-2,0.0,2.0,2.0,E,
Burnley,London Blues,3.44,3.61,2.03,,,,,,
London Reds,Manchester Blue,2.17,3.68,3.06,2-0,2.0,0.0,2.0,D,
C. Palace,N. Forest,1.72,3.94,4.45,1-1,1.0,1.0,2.0,N,
Manchester Blue,Liverpool,1.55,4.79,4.8100000000000005,1-2,1.0,2.0,3.0,E,
Bournemouth,West Ham,1.9,3.62,3.87,3-1,3.0,1.0,4.0,D,
London Blues,Manchester Red,1.65,3.97,4.94,1-0,1.0,0.0,1.0,D,
Newcastle,A. Villa,1.4,4.8100000000000005,7.21,3-1,3.0,1.0,4.0,D,
Fulham,Brighton,2.32,4.09,2.6,1-0,1.0,0.0,1.0,D,
Spurs,Wolverhampton,1.51,4.85,5.28,1-0,1.0,0.0,1.0,D,
Burnley,London Reds,9.36,4.65,1.35,1-1,1.0,1.0,2.0,N,
Sunderland,Leeds,3.23,3.15,2.31,1-0,1.0,0.0,1.0,D,
Everton,Brentford,2.72,3.08,2.72,0-2,0.0,2.0,2.0,E,
Brighton,Sunderland,1.51,4.6,5.55,3-0,3.0,0.0,3.0,D,
Leeds,Everton,3.98,3.22,2.01,0-3,0.0,3.0,3.0,E,
Manchester Red,London Reds,4.26,3.6,1.83,1-3,1.0,3.0,4.0,E,
Brentford,Manchester Blue,3.94,4.05,1.79,1-1,1.0,1.0,2.0,N,
Liverpool,Burnley,1.16,7.76,14.09,2-0,2.0,0.0,2.0,D,
Wolverhampton,Bournemouth,2.22,3.82,2.88,3-1,3.0,1.0,4.0,D,
Fulham,C. Palace,2.09,3.56,3.34,4-2,4.0,2.0,6.0,D,
N. Forest,Spurs,2.19,3.83,2.93,1-1,1.0,1.0,2.0,N,
A. Villa,London Blues,1.64,4.36,4.54,2-1,2.0,1.0,3.0,D,
West Ham,Newcastle,2.8,3.89,2.24,3-1,3.0,1.0,4.0,D,
London Reds,A. Villa,1.35,5.27,7.74,3-1,3.0,1.0,4.0,D,
Manchester Blue,Leeds,1.11,9.1,21.78,0-0,0.0,0.0,0.0,N,
Manchester Red,Liverpool,2.52,3.77,2.52,3-1,3.0,1.0,4.0,D,
London Blues,West Ham,1.53,4.36,5.65,3-2,3.0,2.0,5.0,D,
Everton,Brighton,2.69,3.56,2.46,1-3,1.0,3.0,4.0,E,
Sunderland,Fulham,7.3,4.55,1.42,0-1,0.0,1.0,1.0,E,
Newcastle,Wolverhampton,1.24,6.3,10.73,1-1,1.0,1.0,2.0,N,
Bournemouth,N. Forest,1.87,3.65,3.97,3-0,3.0,0.0,3.0,D,
C. Palace,Spurs,2.27,3.92,2.75,1-3,1.0,3.0,4.0,E,
Burnley,Brentford,3.75,3.4,2.0,1-2,1.0,2.0,3.0,E,
Sunderland,C. Palace,6.39,4.04,1.52,0-1,0.0,1.0,1.0,E,
West Ham,London Reds,6.37,4.31,1.49,2-3,2.0,3.0,5.0,E,
Brentford,Manchester Red,1.85,4.05,3.67,2-2,2.0,2.0,4.0,N,
Wolverhampton,London Blues,2.48,3.53,2.68,3-1,3.0,1.0,4.0,D,
Spurs,Bournemouth,1.65,4.71,4.15,3-1,3.0,1.0,4.0,D,
Fulham,Everton,1.88,3.47,4.16,2-0,2.0,0.0,2.0,D,
A. Villa,Liverpool,2.06,4.07,3.03,1-0,1.0,0.0,1.0,D,
Leeds,Burnley,3.31,3.96,1.98,2-3,2.0,3.0,5.0,E,
Brighton,Manchester Blue,3.64,3.71,1.94,1-2,1.0,2.0,3.0,E,
N. Forest,Newcastle,2.56,3.63,2.54,0-4,0.0,4.0,4.0,E,
C. Palace,Bournemouth,1.91,3.96,3.53,1-2,1.0,2.0,3.0,E,
London Reds,Wolverhampton,1.22,6.55,11.33,2-1,2.0,1.0,3.0,D,
A. Villa,Brentford,1.77,4.01,4.08,1-1,1.0,1.0,2.0,N,
Everton,Sunderland,1.87,3.58,4.06,2-1,2.0,1.0,3.0,D,
Burnley,Brighton,3.65,3.87,1.89,2-3,2.0,3.0,5.0,E,
Newcastle,Spurs,1.48,4.96,5.52,1-3,1.0,3.0,4.0,E,
Manchester Red,Leeds,1.37,4.62,8.85,3-1,3.0,1.0,4.0,D,
Liverpool,West Ham,1.22,6.47,11.65,3-2,3.0,2.0,5.0,D,
London Blues,N. Forest,1.44,4.67,6.62,0-0,0.0,0.0,0.0,N,
Manchester Blue,Fulham,1.33,5.44,7.99,2-0,2.0,0.0,2.0,D,
Wolverhampton,Liverpool,3.84,3.93,1.83,3-3,3.0,3.0,6.0,N,
N. Forest,London Reds,5.06,3.6,1.71,2-2,2.0,2.0,4.0,N,
Bournemouth,Newcastle,2.88,3.6,2.3,0-1,0.0,1.0,1.0,E,
Sunderland,Manchester Blue,19.72,7.48,1.14,0-3,0.0,3.0,3.0,E,
Fulham,Burnley,1.55,4.75,4.93,3-0,3.0,0.0,3.0,D,
Leeds,A. Villa,5.18,3.95,1.63,1-2,1.0,2.0,3.0,E,
West Ham,Brentford,2.58,3.62,2.52,0-2,0.0,2.0,2.0,E,
Everton,C. Palace,2.5,2.98,3.08,0-2,0.0,2.0,2.0,E,
Brighton,Manchester Red,1.84,3.82,3.92,1-0,1.0,0.0,1.0,D,
Spurs,London Blues,1.96,4.13,3.26,2-0,2.0,0.0,2.0,D,
London Reds,Spurs,1.45,5.3,5.55,3-1,3.0,1.0,4.0,D,
Manchester Blue,Everton,1.22,6.22,12.92,1-2,1.0,2.0,3.0,E,
West Ham,Leeds,1.58,4.05,5.6,2-0,2.0,0.0,2.0,D,
C. Palace,Newcastle,2.54,3.79,2.48,0-1,0.0,1.0,1.0,E,
London Blues,Bournemouth,1.52,4.64,5.31,2-1,2.0,1.0,3.0,D,
Burnley,Sunderland,2.39,3.48,2.83,0-1,0.0,1.0,1.0,E,
Liverpool,N. Forest,1.18,7.11,13.7,1-1,1.0,1.0,2.0,N,
Manchester Red,Fulham,1.9,3.68,3.82,2-1,2.0,1.0,3.0,D,
Brentford,Wolverhampton,1.54,4.74,4.98,4-0,4.0,0.0,4.0,D,
A. Villa,Brighton,1.67,4.64,4.09,0-1,0.0,1.0,1.0,E,
Manchester Blue,C. Palace,1.32,5.47,8.46,2-0,2.0,0.0,2.0,D,
Fulham,A. Villa,2.09,3.65,3.25,0-3,0.0,3.0,3.0,E,
N. Forest,Brentford,2.32,3.36,3.02,0-1,0.0,1.0,1.0,E,
Newcastle,London Blues,1.49,4.61,5.78,3-2,3.0,2.0,5.0,D,
Spurs,Liverpool,2.6,4.21,2.28,3-3,3.0,3.0,6.0,N,
Bournemouth,London Reds,5.83,3.78,1.6,0-1,0.0,1.0,1.0,E,
Wolverhampton,Leeds,1.62,3.81,5.58,3-0,3.0,0.0,3.0,D,
Sunderland,Manchester Red,6.47,4.23,1.49,0-0,0.0,0.0,0.0,N,
Brighton,West Ham,1.58,4.4,5.02,3-2,3.0,2.0,5.0,D,
Everton,Burnley,1.78,3.82,4.2,1-0,1.0,0.0,1.0,D,
London Reds,Newcastle,1.53,4.74,5.09,1-1,1.0,1.0,2.0,N,
Wolverhampton,Brighton,2.8200000000000003,3.83,2.25,0-0,0.0,0.0,0.0,N,
Burnley,Manchester Blue,8.24,4.64,1.38,1-2,1.0,2.0,3.0,E,
Manchester Red,Everton,1.64,3.62,5.71,1-0,1.0,0.0,1.0,D,
West Ham,Fulham,2.45,3.59,2.68,1-1,1.0,1.0,2.0,N,
Brentford,Spurs,2.06,4.37,2.9,1-4,1.0,4.0,5.0,E,
A. Villa,Sunderland,1.37,5.31,7.14,1-1,1.0,1.0,2.0,N,
Liverpool,Bournemouth,1.24,6.48,10.19,2-0,2.0,0.0,2.0,D,
Leeds,N. Forest,3.5700000000000003,3.78,1.94,1-0,1.0,0.0,1.0,D,
C. Palace,London Blues,2.17,3.62,3.1,2-2,2.0,2.0,4.0,N,
Burnley,C. Palace,3.26,3.26,2.24,0-1,0.0,1.0,1.0,E,
Spurs,Leeds,1.34,5.21,8.05,1-1,1.0,1.0,2.0,N,
London Blues,London Reds,3.47,3.42,2.09,1-1,1.0,1.0,2.0,N,
Fulham,Wolverhampton,1.63,4.29,4.67,3-1,3.0,1.0,4.0,D,
Everton,A. Villa,2.34,3.2,3.13,1-1,1.0,1.0,2.0,N,
Newcastle,Liverpool,1.82,4.18,3.7,3-1,3.0,1.0,4.0,D,
N. Forest,Brighton,2.23,3.86,2.83,3-0,3.0,0.0,3.0,D,
Manchester Blue,Manchester Red,1.28,5.89,9.25,2-1,2.0,1.0,3.0,D,
Sunderland,West Ham,4.94,3.99,1.65,1-3,1.0,3.0,4.0,E,
Bournemouth,Brentford,2.52,3.24,2.81,0-0,0.0,0.0,0.0,N,
West Ham,Everton,2.03,3.35,3.71,0-1,0.0,1.0,1.0,E,
Liverpool,London Blues,1.39,5.03,7.12,1-2,1.0,2.0,3.0,E,
Brentford,Newcastle,2.26,4.09,2.68,2-1,2.0,1.0,3.0,D,
A. Villa,Manchester Blue,2.92,3.67,2.25,1-2,1.0,2.0,3.0,E,
N. Forest,Fulham,2.17,3.4,3.27,1-2,1.0,2.0,3.0,E,
C. Palace,London Reds,5.18,3.76,1.66,1-2,1.0,2.0,3.0,E,
Manchester Red,Burnley,1.45,4.82,6.15,1-2,1.0,2.0,3.0,E,
Brighton,Spurs,2.0,4.17,3.13,1-2,1.0,2.0,3.0,E,
Wolverhampton,Sunderland,1.88,3.79,3.8,1-1,1.0,1.0,2.0,N,
Leeds,Bournemouth,4.53,4.21,1.66,1-3,1.0,3.0,4.0,E,
Manchester Red,C. Palace,1.85,3.5700000000000003,4.17,2-1,2.0,1.0,3.0,D,
Bournemouth,Brighton,2.46,3.65,2.64,2-1,2.0,1.0,3.0,D,
Manchester Blue,West Ham,1.2,7.11,11.52,2-2,2.0,2.0,4.0,N,
Everton,Wolverhampton,1.88,3.46,4.2,1-1,1.0,1.0,2.0,N,
Sunderland,N. Forest,4.43,3.85,1.74,0-4,0.0,4.0,4.0,E,
Newcastle,Leeds,1.17,7.08,16.14,0-0,0.0,0.0,0.0,N,
London Blues,Brentford,1.88,3.62,3.96,2-0,2.0,0.0,2.0,D,
Burnley,A. Villa,3.28,3.36,2.19,0-4,0.0,4.0,4.0,E,
Spurs,Fulham,2.01,4.03,3.18,4-0,4.0,0.0,4.0,D,
London Reds,Liverpool,1.73,4.41,3.9,2-1,2.0,1.0,3.0,D,
Wolverhampton,Manchester Blue,5.54,4.07,1.58,0-3,0.0,3.0,3.0,E,
A. Villa,Manchester Red,1.54,4.43,5.37,3-2,3.0,2.0,5.0,D,
Fulham,Bournemouth,1.79,4.27,3.73,4-1,4.0,1.0,5.0,D,
Spurs,Sunderland,1.52,4.88,5.09,2-1,2.0,1.0,3.0,D,
Leeds,London Blues,5.9,4.36,1.51,1-2,1.0,2.0,3.0,E,
West Ham,Burnley,1.74,4.26,4.0,3-1,3.0,1.0,4.0,D,
Brentford,London Reds,4.66,4.11,1.66,1-3,1.0,3.0,4.0,E,
N. Forest,Everton,1.79,3.36,4.88,2-0,2.0,0.0,2.0,D,
Brighton,Newcastle,2.27,3.89,2.76,4-1,4.0,1.0,5.0,D,
C. Palace,Liverpool,3.05,3.82,2.12,0-4,0.0,4.0,4.0,E,
Bournemouth,Everton,2.07,3.08,3.98,3-0,3.0,0.0,3.0,D,
Fulham,London Blues,2.29,3.75,2.8,2-1,2.0,1.0,3.0,D,
Wolverhampton,Manchester Red,2.38,3.35,2.94,2-0,2.0,0.0,2.0,D,
Leeds,Liverpool,9.39,5.96,1.27,1-5,1.0,5.0,6.0,E,
Sunderland,Newcastle,8.8,5.4,1.31,0-1,0.0,1.0,1.0,E,
West Ham,A. Villa,2.22,3.6,3.01,2-1,2.0,1.0,3.0,D,
N. Forest,Burnley,1.57,4.4,5.12,2-2,2.0,2.0,4.0,N,
C. Palace,Brentford,2.3,3.46,2.98,1-1,1.0,1.0,2.0,N,
Brighton,London Reds,4.42,3.79,1.75,1-1,1.0,1.0,2.0,N,
Spurs,Manchester Blue,3.64,4.07,1.85,0-3,0.0,3.0,3.0,E,
Manchester Blue,Bournemouth,1.22,6.97,10.11,6-0,6.0,0.0,6.0,D,
London Reds,Fulham,1.39,5.04,7.03,1-0,1.0,0.0,1.0,D,
Newcastle,Everton,1.36,4.77,8.86,2-0,2.0,0.0,2.0,D,
A. Villa,Wolverhampton,1.36,5.29,7.25,2-0,2.0,0.0,2.0,D,
Manchester Red,N. Forest,1.54,4.28,5.69,0-0,0.0,0.0,0.0,N,
West Ham,C. Palace,2.31,3.43,2.98,2-1,2.0,1.0,3.0,D,
London Blues,Sunderland,1.4,4.91,7.15,1-1,1.0,1.0,2.0,N,
Burnley,Spurs,3.59,3.97,1.89,1-4,1.0,4.0,5.0,E,
Brentford,Leeds,1.38,5.01,7.43,1-1,1.0,1.0,2.0,N,
Liverpool,Brighton,1.38,5.39,6.79,4-1,4.0,1.0,5.0,D,
Fulham,Liverpool,3.17,4.03,2.01,0-2,0.0,2.0,2.0,E,
Wolverhampton,West Ham,2.06,3.68,3.29,1-2,1.0,2.0,3.0,E,
Spurs,Manchester Red,1.79,4.2,3.82,4-1,4.0,1.0,5.0,D,
Sunderland,London Reds,23.25,8.06,1.12,0-0,0.0,0.0,0.0,N,
Bournemouth,Burnley,1.72,3.98,4.43,3-2,3.0,2.0,5.0,D,
C. Palace,Leeds,1.49,4.16,6.68,0-1,0.0,1.0,1.0,E,
Newcastle,Manchester Blue,2.29,3.56,2.92,2-0,2.0,0.0,2.0,D,
Everton,London Blues,2.51,3.25,2.8200000000000003,1-2,1.0,2.0,3.0,E,
N. Forest,A. Villa,2.05,3.49,3.5,0-3,0.0,3.0,3.0,E,
Brighton,Brentford,2.06,3.69,3.29,1-0,1.0,0.0,1.0,D,
A. Villa,Spurs,1.6800000000000002,4.67,4.01,2-2,2.0,2.0,4.0,N,
London Blues,Manchester Blue,3.2,3.48,2.17,2-3,2.0,3.0,5.0,E,
Liverpool,Sunderland,1.2,6.88,12.39,2-1,2.0,1.0,3.0,D,
London Reds,Everton,1.3,5.29,9.97,4-1,4.0,1.0,5.0,D,
Brentford,Fulham,2.05,3.93,3.14,3-2,3.0,2.0,5.0,D,
Burnley,Newcastle,4.18,3.86,1.78,0-0,0.0,0.0,0.0,N,
Leeds,Brighton,6.15,4.98,1.44,0-2,0.0,2.0,2.0,E,
Wolverhampton,C. Palace,2.46,3.32,2.84,1-1,1.0,1.0,2.0,N,
West Ham,N. Forest,1.83,3.91,3.87,2-0,2.0,0.0,2.0,D,
Manchester Red,Bournemouth,1.62,4.28,4.8100000000000005,1-1,1.0,1.0,2.0,N,
Everton,Liverpool,3.5700000000000003,3.61,1.99,0-2,0.0,2.0,2.0,E,
Newcastle,Manchester Red,1.4,4.79,7.39,0-3,0.0,3.0,3.0,E,
Spurs,West Ham,1.61,4.5600000000000005,4.57,3-1,3.0,1.0,4.0,D,
Sunderland,Brentford,7.31,4.47,1.43,0-2,0.0,2.0,2.0,E,
C. Palace,Brighton,2.2,3.88,2.87,2-0,2.0,0.0,2.0,D,
N. Forest,Wolverhampton,1.63,4.02,5.06,3-1,3.0,1.0,4.0,D,
Bournemouth,A. Villa,2.34,3.3,3.03,1-3,1.0,3.0,4.0,E,
Fulham,Leeds,1.5,4.33,6.24,3-0,3.0,0.0,3.0,D,
London Blues,Burnley,1.36,5.33,7.2,3-0,3.0,0.0,3.0,D,
Manchester Blue,London Reds,2.24,3.65,2.95,1-1,1.0,1.0,2.0,N,
N. Forest,C. Palace,1.99,3.38,3.81,4-1,4.0,1.0,5.0,D,
Liverpool,Manchester Blue,2.04,3.59,3.42,1-0,1.0,0.0,1.0,D,
West Ham,Bournemouth,2.02,4.03,3.16,0-1,0.0,1.0,1.0,E,
Manchester Red,London Blues,1.85,3.78,3.95,1-1,1.0,1.0,2.0,N,
A. Villa,Newcastle,1.84,4.18,3.62,6-0,6.0,0.0,6.0,D,
Brighton,Fulham,1.93,3.8,3.6,0-1,0.0,1.0,1.0,E,
Wolverhampton,Spurs,2.64,3.86,2.37,2-3,2.0,3.0,5.0,E,
London Reds,Burnley,1.2,7.41,11.21,6-0,6.0,0.0,6.0,D,
Leeds,Sunderland,3.5700000000000003,3.77,1.94,0-2,0.0,2.0,2.0,E,
Brentford,Everton,1.7000000000000002,3.86,4.71,1-2,1.0,2.0,3.0,E,
Sunderland,Brighton,7.4,5.33,1.36,1-3,1.0,3.0,4.0,E,
Everton,Leeds,1.64,3.51,6.12,1-0,1.0,0.0,1.0,D,
London Reds,Manchester Red,1.38,5.05,7.39,2-1,2.0,1.0,3.0,D,
Manchester Blue,Brentford,1.36,5.27,7.48,3-1,3.0,1.0,4.0,D,
Burnley,Liverpool,5.54,4.37,1.54,0-1,0.0,1.0,1.0,E,
Bournemouth,Wolverhampton,1.81,3.64,4.3,2-2,2.0,2.0,4.0,N,
C. Palace,Fulham,2.22,3.5,3.1,1-1,1.0,1.0,2.0,N,
Spurs,N. Forest,1.54,4.8,4.94,4-0,4.0,0.0,4.0,D,
London Blues,A. Villa,1.65,4.02,4.87,0-0,0.0,0.0,0.0,N,
Newcastle,West Ham,1.29,5.63,9.07,3-1,3.0,1.0,4.0,D,
A. Villa,London Reds,3.49,3.68,1.99,2-2,2.0,2.0,4.0,N,
Leeds,Manchester Blue,14.61,6.58,1.19,1-0,1.0,0.0,1.0,D,
Liverpool,Manchester Red,1.31,5.41,9.04,3-0,3.0,0.0,3.0,D,
West Ham,London Blues,2.49,3.69,2.58,3-2,3.0,2.0,5.0,D,
Brighton,Everton,1.64,3.77,5.42,1-1,1.0,1.0,2.0,N,
Fulham,Sunderland,1.6800000000000002,4.27,4.32,0-0,0.0,0.0,0.0,N,
Wolverhampton,Newcastle,3.19,3.81,2.06,1-4,1.0,4.0,5.0,E,
N. Forest,Bournemouth,1.81,3.97,3.9,1-1,1.0,1.0,2.0,N,
Spurs,C. Palace,1.86,3.96,3.7,1-2,1.0,2.0,3.0,E,
Brentford,Burnley,1.47,5.21,5.27,2-2,2.0,2.0,4.0,N,
C. Palace,Sunderland,1.71,4.06,4.4,1-1,1.0,1.0,2.0,N,
London Reds,West Ham,1.26,6.14,9.59,2-1,2.0,1.0,3.0,D,
Manchester Red,Brentford,1.97,3.5700000000000003,3.66,1-3,1.0,3.0,4.0,E,
London Blues,Wolverhampton,1.46,4.5600000000000005,6.5,1-1,1.0,1.0,2.0,N,
Bournemouth,Spurs,2.44,3.7,2.64,2-0,2.0,0.0,2.0,D,
Everton,Fulham,2.56,3.15,2.83,2-4,2.0,4.0,6.0,E,
Liverpool,A. Villa,1.3,5.46,9.27,4-0,4.0,0.0,4.0,D,
Burnley,Leeds,2.0,3.29,3.89,2-1,2.0,1.0,3.0,D,
Manchester Blue,Brighton,1.35,5.78,6.83,4-1,4.0,1.0,5.0,D,
Newcastle,N. Forest,1.26,5.99,10.09,2-2,2.0,2.0,4.0,N,
Bournemouth,C. Palace,2.35,3.14,3.17,1-0,1.0,0.0,1.0,D,
Wolverhampton,London Reds,6.86,4.24,1.47,1-2,1.0,2.0,3.0,E,
Brentford,A. Villa,1.85,4.11,3.63,1-0,1.0,0.0,1.0,D,
Sunderland,Everton,4.95,3.35,1.79,1-1,1.0,1.0,2.0,N,
Brighton,Burnley,1.46,4.95,5.82,3-0,3.0,0.0,3.0,D,
Spurs,Newcastle,2.31,4.13,2.59,1-0,1.0,0.0,1.0,D,
Leeds,Manchester Red,4.9,3.86,1.67,1-0,1.0,0.0,1.0,D,
West Ham,Liverpool,3.55,4.08,1.87,0-2,0.0,2.0,2.0,E,
N. Forest,London Blues,2.16,3.5700000000000003,3.15,2-2,2.0,2.0,4.0,N,
Fulham,Manchester Blue,4.16,3.9,1.77,1-2,1.0,2.0,3.0,E,
Liverpool,Wolverhampton,1.18,7.22,13.91,1-0,1.0,0.0,1.0,D,
London Reds,N. Forest,1.22,6.67,10.91,3-0,3.0,0.0,3.0,D,
Newcastle,Bournemouth,1.3,5.9,8.23,4-0,4.0,0.0,4.0,D,
Manchester Blue,Sunderland,1.18,7.59,12.82,3-1,3.0,1.0,4.0,D,
Burnley,Fulham,3.51,3.4,2.08,0-1,0.0,1.0,1.0,E,
A. Villa,Leeds,1.25,5.93,11.13,2-0,2.0,0.0,2.0,D,
Brentford,West Ham,1.64,4.5,4.39,1-2,1.0,2.0,3.0,E,
C. Palace,Everton,1.86,3.38,4.44,1-1,1.0,1.0,2.0,N,
Manchester Red,Brighton,1.89,4.04,3.54,1-1,1.0,1.0,2.0,N,
London Blues,Spurs,1.8,4.14,3.81,0-0,0.0,0.0,0.0,N,
Spurs,London Reds,4.29,4.15,1.71,0-4,0.0,4.0,4.0,E,
Everton,Manchester Blue,4.93,3.44,1.76,1-1,1.0,1.0,2.0,N,
Leeds,West Ham,4.04,3.87,1.8,1-0,1.0,0.0,1.0,D,
Newcastle,C. Palace,1.44,4.57,6.79,1-3,1.0,3.0,4.0,E,
Bournemouth,London Blues,2.34,3.43,2.94,2-0,2.0,0.0,2.0,D,
Sunderland,Burnley,3.87,3.9,1.83,0-3,0.0,3.0,3.0,E,
N. Forest,Liverpool,2.97,3.67,2.22,1-1,1.0,1.0,2.0,N,
Fulham,Manchester Red,2.07,3.63,3.32,1-1,1.0,1.0,2.0,N,
Wolverhampton,Brentford,2.69,3.4,2.54,3-3,3.0,3.0,6.0,N,
Brighton,A. Villa,1.82,3.91,3.92,2-2,2.0,2.0,4.0,N,
C. Palace,Manchester Blue,4.13,3.65,1.84,1-0,1.0,0.0,1.0,D,
A. Villa,Fulham,1.63,4.24,4.76,3-2,3.0,2.0,5.0,D,
Brentford,N. Forest,1.52,4.77,5.18,2-2,2.0,2.0,4.0,N,
London Blues,Newcastle,1.97,3.87,3.39,1-3,1.0,3.0,4.0,E,
Liverpool,Spurs,1.35,5.71,7.06,1-2,1.0,2.0,3.0,E,
London Reds,Bournemouth,1.29,6.07,8.44,2-2,2.0,2.0,4.0,N,
Leeds,Wolverhampton,3.5700000000000003,3.61,1.99,1-0,1.0,0.0,1.0,D,
Manchester Red,Sunderland,1.5,4.49,5.88,3-0,3.0,0.0,3.0,D,
West Ham,Brighton,2.54,3.97,2.42,0-2,0.0,2.0,2.0,E,
Burnley,Everton,2.79,2.95,2.76,1-0,1.0,0.0,1.0,D,
Newcastle,London Reds,2.65,3.51,2.51,0-2,0.0,2.0,2.0,E,
Brighton,Wolverhampton,1.5,4.6,5.62,3-1,3.0,1.0,4.0,D,
Manchester Blue,Burnley,1.16,8.27,13.11,5-0,5.0,0.0,5.0,D,
Everton,Manchester Red,2.4,3.08,3.15,3-1,3.0,1.0,4.0,D,
Fulham,West Ham,1.84,3.97,3.78,3-1,3.0,1.0,4.0,D,
Spurs,Brentford,2.01,4.03,3.17,4-1,4.0,1.0,5.0,D,
Sunderland,A. Villa,6.22,4.13,1.52,0-4,0.0,4.0,4.0,E,
Bournemouth,Liverpool,3.48,3.66,2.0,1-1,1.0,1.0,2.0,N,
N. Forest,Leeds,1.46,4.16,7.39,2-1,2.0,1.0,3.0,D,
London Blues,C. Palace,1.7000000000000002,3.81,4.77,1-0,1.0,0.0,1.0,D,
C. Palace,Burnley,1.62,4.34,4.72,0-0,0.0,0.0,0.0,N,
Leeds,Spurs,6.03,5.02,1.44,0-4,0.0,4.0,4.0,E,
London Reds,London Blues,1.41,4.97,6.63,0-2,0.0,2.0,2.0,E,
Wolverhampton,Fulham,2.51,3.43,2.7,0-0,0.0,0.0,0.0,N,
A. Villa,Everton,1.47,4.33,6.69,1-0,1.0,0.0,1.0,D,
Liverpool,Newcastle,1.42,5.03,6.47,2-1,2.0,1.0,3.0,D,
Brighton,N. Forest,1.5,4.63,5.66,4-1,4.0,1.0,5.0,D,
Manchester Red,Manchester Blue,3.58,3.46,2.03,1-1,1.0,1.0,2.0,N,
West Ham,Sunderland,1.78,4.02,4.0,1-2,1.0,2.0,3.0,E,
Brentford,Bournemouth,1.66,4.63,4.14,3-1,3.0,1.0,4.0,D,
C. Palace,Manchester Red,2.11,3.49,3.33,1-2,1.0,2.0,3.0,E,
Brighton,Bournemouth,1.66,4.42,4.29,2-4,2.0,4.0,6.0,E,
West Ham,Manchester Blue,5.19,4.04,1.61,3-1,3.0,1.0,4.0,D,
Wolverhampton,Everton,2.2,3.09,3.55,0-1,0.0,1.0,1.0,E,
N. Forest,Sunderland,1.66,4.02,4.8,3-3,3.0,3.0,6.0,N,
Leeds,Newcastle,7.21,5.06,1.38,0-4,0.0,4.0,4.0,E,
Brentford,London Blues,1.96,4.07,3.3,1-1,1.0,1.0,2.0,N,
A. Villa,Burnley,1.32,5.97,7.56,2-1,2.0,1.0,3.0,D,
Fulham,Spurs,2.35,4.11,2.56,0-3,0.0,3.0,3.0,E,
Liverpool,London Reds,2.24,3.48,3.06,2-0,2.0,0.0,2.0,D,
Manchester Blue,Wolverhampton,1.18,7.42,12.9,4-0,4.0,0.0,4.0,D,
Manchester Red,A. Villa,1.78,3.72,4.35,4-0,4.0,0.0,4.0,D,
Bournemouth,Fulham,2.49,3.24,2.86,0-1,0.0,1.0,1.0,E,
Sunderland,Spurs,7.47,5.35,1.35,1-1,1.0,1.0,2.0,N,
London Blues,Leeds,1.3,5.2,10.39,2-0,2.0,0.0,2.0,D,
Burnley,West Ham,2.61,3.39,2.61,1-0,1.0,0.0,1.0,D,
London Reds,Brentford,1.43,4.8100000000000005,6.64,1-4,1.0,4.0,5.0,E,
Everton,N. Forest,1.96,3.48,3.83,0-0,0.0,0.0,0.0,N,
Newcastle,Brighton,1.48,5.0,5.42,1-2,1.0,2.0,3.0,E,
Liverpool,C. Palace,1.32,5.23,9.09,3-0,3.0,0.0,3.0,D,
Leeds,London Reds,18.27,7.26,1.15,0-1,0.0,1.0,1.0,E,
N. Forest,Manchester Blue,4.26,3.59,1.83,0-2,0.0,2.0,2.0,E,
Wolverhampton,Burnley,1.82,4.06,3.79,1-1,1.0,1.0,2.0,N,
Fulham,Newcastle,2.62,3.92,2.36,1-2,1.0,2.0,3.0,E,
C. Palace,A. Villa,2.02,3.56,3.53,3-0,3.0,0.0,3.0,D,
Spurs,Everton,1.61,4.12,5.12,4-0,4.0,0.0,4.0,D,
West Ham,Manchester Red,2.29,3.58,2.9,1-1,1.0,1.0,2.0,N,
Sunderland,Bournemouth,5.33,4.45,1.54,2-0,2.0,0.0,2.0,D,
Brighton,London Blues,1.96,3.83,3.48,5-0,5.0,0.0,5.0,D,
Brentford,Liverpool,2.78,4.23,2.15,1-3,1.0,3.0,4.0,E,
Everton,Bournemouth,2.06,3.56,3.41,1-2,1.0,2.0,3.0,E,
London Blues,Fulham,1.74,3.86,4.4,3-0,3.0,0.0,3.0,D,
Manchester Red,Wolverhampton,1.53,4.29,5.72,3-0,3.0,0.0,3.0,D,
Liverpool,Leeds,1.13,7.96,20.98,4-0,4.0,0.0,4.0,D,
Newcastle,Sunderland,1.25,6.31,10.06,2-0,2.0,0.0,2.0,D,
A. Villa,West Ham,1.4,5.08,6.62,1-0,1.0,0.0,1.0,D,
Burnley,N. Forest,2.53,3.39,2.7,1-0,1.0,0.0,1.0,D,
Brentford,C. Palace,1.88,3.93,3.64,3-0,3.0,0.0,3.0,D,
London Reds,Brighton,1.46,5.16,5.5,2-2,2.0,2.0,4.0,N,
Manchester Blue,Spurs,1.33,6.05,7.08,5-0,5.0,0.0,5.0,D,
Bournemouth,Manchester Blue,4.7,3.54,1.77,2-1,2.0,1.0,3.0,D,
Fulham,London Reds,5.37,4.08,1.59,2-2,2.0,2.0,4.0,N,
Everton,Newcastle,2.99,3.4,2.32,2-2,2.0,2.0,4.0,N,
Wolverhampton,A. Villa,2.43,3.39,2.83,0-1,0.0,1.0,1.0,E,
N. Forest,Manchester Red,2.01,3.49,3.63,3-0,3.0,0.0,3.0,D,
C. Palace,West Ham,1.79,3.87,4.12,1-1,1.0,1.0,2.0,N,
Sunderland,London Blues,7.26,4.7,1.41,1-1,1.0,1.0,2.0,N,
Spurs,Burnley,1.42,5.5,5.8100000000000005,1-1,1.0,1.0,2.0,N,
Leeds,Brentford,6.2,4.23,1.51,1-4,1.0,4.0,5.0,E,
Brighton,Liverpool,2.67,3.99,2.3,1-1,1.0,1.0,2.0,N,
Liverpool,Fulham,1.35,5.14,8.17,2-1,2.0,1.0,3.0,D,
West Ham,Wolverhampton,1.79,3.94,4.05,2-1,2.0,1.0,3.0,D,
Manchester Red,Spurs,2.0,4.0,3.22,1-1,1.0,1.0,2.0,N,
London Reds,Sunderland,1.21,6.91,11.21,3-0,3.0,0.0,3.0,D,
Burnley,Bournemouth,2.8,3.61,2.35,2-1,2.0,1.0,3.0,D,
Leeds,C. Palace,5.15,3.85,1.65,0-0,0.0,0.0,0.0,N,
Manchester Blue,Newcastle,1.45,5.13,5.77,3-1,3.0,1.0,4.0,D,
London Blues,Everton,1.58,3.76,6.22,1-1,1.0,1.0,2.0,N,
A. Villa,N. Forest,1.37,5.3,7.11,3-1,3.0,1.0,4.0,D,
Brentford,Brighton,2.06,4.37,2.9,3-2,3.0,2.0,5.0,D,
Spurs,A. Villa,1.84,4.13,3.65,1-0,1.0,0.0,1.0,D,
Manchester Blue,London Blues,1.31,5.77,8.17,0-2,0.0,2.0,2.0,E,
Sunderland,Liverpool,12.47,6.62,1.21,0-2,0.0,2.0,2.0,E,
Everton,London Reds,6.53,3.64,1.58,0-0,0.0,0.0,0.0,N,
Fulham,Brentford,2.31,3.63,2.84,0-1,0.0,1.0,1.0,E,
Newcastle,Burnley,1.21,6.98,10.89,5-1,5.0,1.0,6.0,D,
Brighton,Leeds,1.37,4.8,8.22,1-0,1.0,0.0,1.0,D,
C. Palace,Wolverhampton,1.7000000000000002,3.97,4.54,1-0,1.0,0.0,1.0,D,
N. Forest,West Ham,1.73,3.91,4.4,1-0,1.0,0.0,1.0,D,
Bournemouth,Manchester Red,2.26,3.31,3.17,2-1,2.0,1.0,3.0,D,
N. Forest,Liverpool,2.96,3.65,2.23,1-2,1.0,2.0,3.0,E,
Manchester Red,Manchester Blue,3.64,3.51,2.0,,,,,,
London Blues,Brighton,1.79,4.18,3.84,1-1,1.0,1.0,2.0,N,
A. Villa,Wolverhampton,1.38,5.17,6.91,4-0,4.0,0.0,4.0,D,
Bournemouth,London Reds,6.02,3.81,1.58,1-2,1.0,2.0,3.0,E,
Sunderland,C. Palace,6.22,3.93,1.55,1-2,1.0,2.0,3.0,E,
Brentford,Spurs,2.07,4.4,2.86,1-3,1.0,3.0,4.0,E,
Burnley,Everton,2.76,2.91,2.8200000000000003,1-1,1.0,1.0,2.0,N,
Fulham,West Ham,1.77,4.1,3.98,2-0,2.0,0.0,2.0,D,
Newcastle,Leeds,1.16,7.26,16.99,2-2,2.0,2.0,4.0,N,
Spurs,Burnley,1.45,5.38,5.49,3-3,3.0,3.0,6.0,N,
Wolverhampton,Newcastle,3.1,3.72,2.13,2-0,2.0,0.0,2.0,D,
London Reds,Brentford,1.5,4.59,5.76,2-1,2.0,1.0,3.0,D,
Everton,Fulham,2.56,3.11,2.87,1-0,1.0,0.0,1.0,D,
Liverpool,Manchester Red,1.29,5.6,9.56,1-0,1.0,0.0,1.0,D,
West Ham,London Blues,2.4,3.67,2.7,0-3,0.0,3.0,3.0,E,
Brighton,C. Palace,1.92,3.63,3.82,,,,,,
N. Forest,Bournemouth,1.83,3.95,3.84,2-1,2.0,1.0,3.0,D,
Leeds,Sunderland,3.7,3.82,1.89,1-4,1.0,4.0,5.0,E,
Manchester Blue,A. Villa,1.27,5.96,9.35,3-0,3.0,0.0,3.0,D,
Burnley,London Reds,10.35,4.9,1.32,1-2,1.0,2.0,3.0,E,
Fulham,Spurs,2.23,4.14,2.7,2-1,2.0,1.0,3.0,D,
London Blues,Everton,1.53,3.9,6.59,2-1,2.0,1.0,3.0,D,
C. Palace,Leeds,1.51,4.06,6.5600000000000005,2-1,2.0,1.0,3.0,D,
Brentford,N. Forest,1.57,4.59,4.87,1-1,1.0,1.0,2.0,N,
Sunderland,Wolverhampton,4.39,3.78,1.76,0-1,0.0,1.0,1.0,E,
A. Villa,Liverpool,2.15,4.09,2.85,4-0,4.0,0.0,4.0,D,
Manchester Red,Bournemouth,1.66,4.16,4.61,1-1,1.0,1.0,2.0,N,
Newcastle,Manchester Blue,2.36,3.53,2.83,3-0,3.0,0.0,3.0,D,
West Ham,Brighton,2.54,4.01,2.4,0-2,0.0,2.0,2.0,E,
A. Villa,Everton,1.49,4.27,6.54,2-0,2.0,0.0,2.0,D,
Brighton,Wolverhampton,1.53,4.45,5.45,1-2,1.0,2.0,3.0,E,
Fulham,West Ham,1.78,4.1,3.95,4-1,4.0,1.0,5.0,D,
N. Forest,Burnley,1.59,4.32,5.03,5-1,5.0,1.0,6.0,D,
Brentford,Manchester Blue,3.9,4.07,1.79,2-2,2.0,2.0,4.0,N,
London Reds,Liverpool,1.75,4.32,3.87,2-1,2.0,1.0,3.0,D,
C. Palace,Spurs,2.26,3.96,2.74,0-1,0.0,1.0,1.0,E,
Newcastle,Sunderland,1.26,6.09,9.63,1-3,1.0,3.0,4.0,E,
Bournemouth,Leeds,1.57,3.79,6.32,3-0,3.0,0.0,3.0,D,
Manchester Red,London Blues,1.91,3.7,3.75,3-0,3.0,0.0,3.0,D,
Sunderland,Manchester Red,6.04,4.16,1.53,1-1,1.0,1.0,2.0,N,
Wolverhampton,Everton,2.18,3.14,3.52,2-2,2.0,2.0,4.0,N,
Manchester Blue,Brighton,1.36,5.76,6.69,1-0,1.0,0.0,1.0,D,
West Ham,Newcastle,2.97,3.87,2.15,0-1,0.0,1.0,1.0,E,
London Blues,C. Palace,1.76,3.67,4.53,1-0,1.0,0.0,1.0,D,
Leeds,London Reds,18.16,7.27,1.15,0-2,0.0,2.0,2.0,E,
Fulham,Bournemouth,1.8,4.27,3.7,3-0,3.0,0.0,3.0,D,
Liverpool,N. Forest,1.19,6.9,13.05,1-1,1.0,1.0,2.0,N,
Spurs,A. Villa,1.85,4.08,3.62,2-2,2.0,2.0,4.0,N,
Burnley,Brentford,3.74,3.4,2.01,2-2,2.0,2.0,4.0,N,
Brighton,Leeds,1.34,5.04,8.74,1-2,1.0,2.0,3.0,E,
Manchester Red,Newcastle,2.2,3.76,2.94,2-2,2.0,2.0,4.0,N,
A. Villa,West Ham,1.38,5.19,6.94,3-1,3.0,1.0,4.0,D,
Bournemouth,N. Forest,1.84,3.71,4.06,1-3,1.0,3.0,4.0,E,
C. Palace,Fulham,2.27,3.51,2.98,2-1,2.0,1.0,3.0,D,
Spurs,Burnley,1.43,5.42,5.69,3-0,3.0,0.0,3.0,D,
Manchester Blue,London Blues,1.31,5.85,8.07,2-0,2.0,0.0,2.0,D,
Everton,Liverpool,3.76,3.6,1.94,1-1,1.0,1.0,2.0,N,
Brentford,London Reds,4.64,4.24,1.64,1-1,1.0,1.0,2.0,N,
Wolverhampton,Sunderland,1.93,3.72,3.68,1-1,1.0,1.0,2.0,N,
West Ham,Wolverhampton,1.78,3.93,4.08,2-1,2.0,1.0,3.0,D,
Sunderland,Manchester Blue,19.43,7.37,1.15,0-3,0.0,3.0,3.0,E,
Manchester Red,Bournemouth,1.65,4.26,4.59,4-2,4.0,2.0,6.0,D,
Leeds,Everton,4.14,3.31,1.94,0-0,0.0,0.0,0.0,N,
Newcastle,C. Palace,1.42,4.59,7.21,2-2,2.0,2.0,4.0,N,
N. Forest,Brentford,2.27,3.37,3.1,3-2,3.0,2.0,5.0,D,
Fulham,A. Villa,2.01,3.71,3.42,2-1,2.0,1.0,3.0,D,
London Reds,Brighton,1.4,5.45,6.11,1-1,1.0,1.0,2.0,N,
Liverpool,Spurs,1.35,5.53,7.2,1-1,1.0,1.0,2.0,N,
Burnley,London Blues,3.51,3.56,2.02,0-2,0.0,2.0,2.0,E,
Burnley,Sunderland,2.47,3.5,2.71,1-4,1.0,4.0,5.0,E,
Spurs,Leeds,1.31,5.54,8.47,3-0,3.0,0.0,3.0,D,
London Blues,Liverpool,2.23,3.83,2.86,1-1,1.0,1.0,2.0,N,
A. Villa,Newcastle,1.87,4.21,3.48,2-0,2.0,0.0,2.0,D,
Manchester Blue,West Ham,1.22,6.79,10.83,2-0,2.0,0.0,2.0,D,
Wolverhampton,Fulham,2.59,3.43,2.62,0-1,0.0,1.0,1.0,E,
Everton,London Reds,6.13,3.55,1.63,0-1,0.0,1.0,1.0,E,
C. Palace,Manchester Red,2.04,3.55,3.48,0-0,0.0,0.0,0.0,N,
Brighton,N. Forest,1.53,4.5,5.4,1-0,1.0,0.0,1.0,D,
Bournemouth,Brentford,2.6,3.26,2.71,1-1,1.0,1.0,2.0,N,
Leeds,London Blues,5.83,4.43,1.51,0-1,0.0,1.0,1.0,E,
Brentford,Brighton,2.09,4.34,2.85,1-1,1.0,1.0,2.0,N,
Fulham,Manchester Blue,4.43,3.96,1.72,1-4,1.0,4.0,5.0,E,
Liverpool,Sunderland,1.18,7.18,13.56,4-0,4.0,0.0,4.0,D,
Newcastle,Wolverhampton,1.26,5.9,10.41,2-2,2.0,2.0,4.0,N,
London Reds,Spurs,1.42,5.37,5.92,3-0,3.0,0.0,3.0,D,
Manchester Red,A. Villa,1.88,3.63,3.97,2-1,2.0,1.0,3.0,D,
West Ham,Burnley,1.7000000000000002,4.31,4.17,4-2,4.0,2.0,6.0,D,
C. Palace,Bournemouth,1.83,4.03,3.77,3-1,3.0,1.0,4.0,D,
N. Forest,Everton,1.86,3.27,4.63,2-0,2.0,0.0,2.0,D,
Wolverhampton,Manchester Red,2.36,3.41,2.92,2-0,2.0,0.0,2.0,D,
Spurs,N. Forest,1.51,4.85,5.19,1-1,1.0,1.0,2.0,N,
A. Villa,C. Palace,1.58,4.23,5.22,1-1,1.0,1.0,2.0,N,
Manchester Blue,Newcastle,1.45,5.13,5.65,2-3,2.0,3.0,5.0,E,
Sunderland,Leeds,3.2,3.17,2.31,0-1,0.0,1.0,1.0,E,
Burnley,Fulham,3.5700000000000003,3.45,2.04,0-4,0.0,4.0,4.0,E,
London Blues,London Reds,3.68,3.43,2.01,2-1,2.0,1.0,3.0,D,
Bournemouth,Brighton,2.48,3.7,2.59,0-3,0.0,3.0,3.0,E,
Everton,Brentford,2.77,3.08,2.67,3-2,3.0,2.0,5.0,D,
Liverpool,West Ham,1.21,6.57,12.03,3-1,3.0,1.0,4.0,D,
Brentford,Spurs,2.02,4.4,2.96,0-1,0.0,1.0,1.0,E,
Fulham,Liverpool,3.13,4.05,2.03,2-2,2.0,2.0,4.0,N,
Newcastle,Burnley,1.21,6.95,11.22,4-0,4.0,0.0,4.0,D,
N. Forest,London Blues,2.15,3.56,3.18,1-0,1.0,0.0,1.0,D,
Leeds,West Ham,4.08,3.81,1.81,2-3,2.0,3.0,5.0,E,
A. Villa,Bournemouth,1.47,5.04,5.57,3-2,3.0,2.0,5.0,D,
C. Palace,Wolverhampton,1.65,4.04,4.83,2-1,2.0,1.0,3.0,D,
Brighton,Everton,1.66,3.81,5.14,3-1,3.0,1.0,4.0,D,
Manchester Red,Manchester Blue,3.54,3.5,2.03,1-3,1.0,3.0,4.0,E,
London Reds,Sunderland,1.21,6.93,11.39,2-1,2.0,1.0,3.0,D,
Wolverhampton,A. Villa,2.4,3.41,2.86,2-2,2.0,2.0,4.0,N,
Liverpool,Newcastle,1.43,4.95,6.29,1-0,1.0,0.0,1.0,D,
London Blues,Brentford,1.83,3.74,4.07,1-1,1.0,1.0,2.0,N,
Sunderland,N. Forest,4.59,3.94,1.7000000000000002,1-3,1.0,3.0,4.0,E,
Bournemouth,Everton,2.11,3.02,3.91,3-2,3.0,2.0,5.0,D,
Manchester Blue,C. Palace,1.28,5.8,9.45,3-1,3.0,1.0,4.0,D,
Burnley,Manchester Red,3.18,3.31,2.26,0-3,0.0,3.0,3.0,E,
Spurs,Brighton,1.92,4.51,3.16,2-1,2.0,1.0,3.0,D,
Leeds,Fulham,5.65,4.08,1.57,0-1,0.0,1.0,1.0,E,
West Ham,London Reds,6.24,4.27,1.5,2-0,2.0,0.0,2.0,D,
Brentford,Sunderland,1.58,4.61,4.73,4-1,4.0,1.0,5.0,D,
A. Villa,Manchester Blue,2.86,3.65,2.29,3-1,3.0,1.0,4.0,D,
N. Forest,West Ham,1.75,3.87,4.36,4-2,4.0,2.0,6.0,D,
London Reds,Fulham,1.43,4.87,6.52,2-0,2.0,0.0,2.0,D,
Newcastle,Leeds,1.16,7.1,16.52,2-1,2.0,1.0,3.0,D,
Everton,Spurs,2.65,3.53,2.51,1-2,1.0,2.0,3.0,E,
Manchester Red,Liverpool,2.58,3.7,2.48,0-1,0.0,1.0,1.0,E,
Wolverhampton,Bournemouth,2.14,3.75,3.07,1-0,1.0,0.0,1.0,D,
C. Palace,Burnley,1.54,4.54,5.31,3-1,3.0,1.0,4.0,D,
Brighton,London Blues,1.98,3.87,3.39,1-2,1.0,2.0,3.0,E,
Bournemouth,Spurs,2.65,3.74,2.41,1-2,1.0,2.0,3.0,E,
Leeds,Manchester Red,5.16,3.93,1.63,2-1,2.0,1.0,3.0,D,
Fulham,N. Forest,1.71,4.15,4.29,3-1,3.0,1.0,4.0,D,
Liverpool,C. Palace,1.32,5.23,9.05,1-0,1.0,0.0,1.0,D,
London Blues,Everton,1.56,3.84,6.24,1-0,1.0,0.0,1.0,D,
Burnley,A. Villa,3.18,3.29,2.27,1-0,1.0,0.0,1.0,D,
Sunderland,Brighton,7.4,5.29,1.36,1-2,1.0,2.0,3.0,E,
West Ham,Brentford,2.54,3.53,2.61,2-2,2.0,2.0,4.0,N,
Manchester Blue,Wolverhampton,1.18,7.55,12.99,1-0,1.0,0.0,1.0,D,
London Reds,Newcastle,1.54,4.68,5.12,2-0,2.0,0.0,2.0,D,
West Ham,Sunderland,1.88,3.94,3.65,1-0,1.0,0.0,1.0,D,
Brighton,Everton,1.6800000000000002,3.7,5.17,4-1,4.0,1.0,5.0,D,
London Reds,Manchester Red,1.35,5.27,7.88,4-1,4.0,1.0,5.0,D,
Liverpool,Spurs,1.37,5.48,6.78,3-2,3.0,2.0,5.0,D,
A. Villa,Leeds,1.24,5.96,11.68,2-1,2.0,1.0,3.0,D,
C. Palace,Manchester Blue,4.36,3.74,1.77,1-0,1.0,0.0,1.0,D,
London Blues,Wolverhampton,1.41,4.79,7.11,,,,,,
N. Forest,Burnley,1.55,4.47,5.25,2-2,2.0,2.0,4.0,N,
Bournemouth,Brentford,2.5700000000000003,3.19,2.79,2-1,2.0,1.0,3.0,D,
Newcastle,Fulham,1.46,4.59,6.29,4-2,4.0,2.0,6.0,D,
Manchester Blue,N. Forest,1.18,7.39,12.46,6-0,6.0,0.0,6.0,D,
Burnley,A. Villa,3.16,3.28,2.28,4-1,4.0,1.0,5.0,D,
Bournemouth,Newcastle,2.91,3.54,2.31,,,,,,
Leeds,London Reds,18.89,7.42,1.15,1-5,1.0,5.0,6.0,E,
Brentford,Liverpool,2.78,4.26,2.15,1-3,1.0,3.0,4.0,E,
Fulham,C. Palace,2.04,3.58,3.45,3-1,3.0,1.0,4.0,D,
Sunderland,London Blues,7.02,4.58,1.43,0-5,0.0,5.0,5.0,E,
Wolverhampton,Brighton,2.76,3.85,2.28,2-2,2.0,2.0,4.0,N,
Spurs,West Ham,1.59,4.61,4.69,2-0,2.0,0.0,2.0,D,
Manchester Red,Everton,1.71,3.49,5.34,4-0,4.0,0.0,4.0,D,
A. Villa,Manchester Blue,2.76,3.68,2.35,1-1,1.0,1.0,2.0,N,
West Ham,Brentford,2.73,3.55,2.42,1-1,1.0,1.0,2.0,N,
Brighton,Sunderland,1.51,4.68,5.48,3-2,3.0,2.0,5.0,D,
C. Palace,Bournemouth,1.81,4.03,3.85,3-0,3.0,0.0,3.0,D,
London Reds,Burnley,1.18,7.67,11.86,4-1,4.0,1.0,5.0,D,
Liverpool,Newcastle,1.48,4.75,5.8,1-4,1.0,4.0,5.0,E,
Leeds,Manchester Red,4.88,3.87,1.6800000000000002,0-3,0.0,3.0,3.0,E,
London Blues,Spurs,1.83,4.15,3.66,1-2,1.0,2.0,3.0,E,
Everton,Wolverhampton,1.92,3.42,4.07,1-1,1.0,1.0,2.0,N,
N. Forest,Fulham,2.2,3.43,3.19,3-0,3.0,0.0,3.0,D,
Fulham,A. Villa,2.07,3.7,3.27,1-1,1.0,1.0,2.0,N,
Manchester Blue,London Reds,2.26,3.7,2.88,2-2,2.0,2.0,4.0,N,
Bournemouth,N. Forest,1.84,3.7,4.08,2-2,2.0,2.0,4.0,N,
Sunderland,Everton,4.79,3.35,1.81,2-2,2.0,2.0,4.0,N,
Brentford,London Blues,2.01,4.03,3.18,3-1,3.0,1.0,4.0,D,
Burnley,Leeds,2.01,3.27,3.9,1-2,1.0,2.0,3.0,E,
Liverpool,C. Palace,1.32,5.19,9.08,2-1,2.0,1.0,3.0,D,
Newcastle,West Ham,1.29,5.79,9.12,4-0,4.0,0.0,4.0,D,
Spurs,Brighton,1.97,4.45,3.04,2-0,2.0,0.0,2.0,D,
Manchester Red,Wolverhampton,1.5,4.38,6.01,0-1,0.0,1.0,1.0,E,
Burnley,Manchester Red,3.13,3.34,2.27,2-2,2.0,2.0,4.0,N,
Brighton,Brentford,1.99,3.72,3.47,3-1,3.0,1.0,4.0,D,
Everton,Spurs,2.63,3.61,2.48,0-1,0.0,1.0,1.0,E,
Wolverhampton,Sunderland,1.93,3.79,3.6,4-0,4.0,0.0,4.0,D,
N. Forest,Liverpool,3.08,3.73,2.14,1-1,1.0,1.0,2.0,N,
West Ham,C. Palace,2.37,3.48,2.85,2-1,2.0,1.0,3.0,D,
London Blues,Newcastle,2.0,3.83,3.34,1-1,1.0,1.0,2.0,N,
London Reds,Fulham,1.44,4.74,6.44,1-1,1.0,1.0,2.0,N,
Leeds,Manchester Blue,14.53,6.51,1.19,0-1,0.0,1.0,1.0,E,
A. Villa,Bournemouth,1.43,5.21,5.88,2-0,2.0,0.0,2.0,D,
C. Palace,London Blues,2.22,3.58,3.03,4-0,4.0,0.0,4.0,D,
Bournemouth,London Reds,6.08,3.78,1.58,0-1,0.0,1.0,1.0,E,
Manchester Blue,Burnley,1.15,8.52,13.82,3-0,3.0,0.0,3.0,D,
Liverpool,A. Villa,1.32,5.3,8.83,6-0,6.0,0.0,6.0,D,
Brentford,Everton,1.67,3.97,4.74,3-1,3.0,1.0,4.0,D,
Newcastle,Brighton,1.48,4.98,5.51,3-0,3.0,0.0,3.0,D,
Spurs,Wolverhampton,1.51,4.88,5.19,2-1,2.0,1.0,3.0,D,
Manchester Red,Sunderland,1.48,4.52,6.12,0-1,0.0,1.0,1.0,E,
Fulham,Leeds,1.43,4.51,7.12,3-0,3.0,0.0,3.0,D,
West Ham,N. Forest,1.8,4.02,3.9,3-0,3.0,0.0,3.0,D,
London Reds,Liverpool,1.69,4.44,4.13,3-1,3.0,1.0,4.0,D,
Sunderland,Spurs,7.82,5.48,1.33,0-3,0.0,3.0,3.0,E,
Everton,Newcastle,3.14,3.45,2.21,1-1,1.0,1.0,2.0,N,
London Blues,N. Forest,1.41,4.8100000000000005,7.04,1-1,1.0,1.0,2.0,N,
A. Villa,West Ham,1.41,5.05,6.44,2-2,2.0,2.0,4.0,N,
Leeds,Bournemouth,4.54,4.28,1.65,2-1,2.0,1.0,3.0,D,
Brighton,C. Palace,1.89,3.65,3.88,2-0,2.0,0.0,2.0,D,
Manchester Blue,Manchester Red,1.27,6.07,9.49,3-1,3.0,1.0,4.0,D,
Burnley,Fulham,3.38,3.41,2.12,3-1,3.0,1.0,4.0,D,
Wolverhampton,Brentford,2.74,3.38,2.51,1-4,1.0,4.0,5.0,E,
Liverpool,Leeds,1.13,8.0,20.75,3-0,3.0,0.0,3.0,D,
N. Forest,Brighton,2.17,3.84,2.96,2-1,2.0,1.0,3.0,D,
Newcastle,Wolverhampton,1.25,6.12,10.26,3-0,3.0,0.0,3.0,D,
C. Palace,Everton,1.89,3.35,4.28,2-1,2.0,1.0,3.0,D,
Bournemouth,Burnley,1.71,4.05,4.38,0-1,0.0,1.0,1.0,E,
London Blues,A. Villa,1.65,3.95,4.94,2-0,2.0,0.0,2.0,D,
Brentford,Sunderland,1.56,4.77,4.8,1-2,1.0,2.0,3.0,E,
West Ham,London Reds,6.04,4.26,1.52,2-2,2.0,2.0,4.0,N,
Fulham,Manchester Blue,4.43,3.9,1.73,3-0,3.0,0.0,3.0,D,
Manchester Red,Spurs,1.85,4.09,3.64,3-2,3.0,2.0,5.0,D,
Spurs,Brentford,1.98,3.99,3.29,1-1,1.0,1.0,2.0,N,
Brighton,A. Villa,1.83,3.85,3.93,0-1,0.0,1.0,1.0,E,
Manchester Blue,Bournemouth,1.22,6.99,10.03,2-3,2.0,3.0,5.0,E,
Wolverhampton,C. Palace,2.43,3.28,2.91,2-0,2.0,0.0,2.0,D,
Sunderland,Newcastle,10.01,5.86,1.27,1-1,1.0,1.0,2.0,N,
Fulham,Manchester Red,2.0,3.74,3.42,4-1,4.0,1.0,5.0,D,
Leeds,West Ham,4.06,3.85,1.8,1-2,1.0,2.0,3.0,E,
London Reds,London Blues,1.41,5.04,6.5,3-3,3.0,3.0,6.0,N,
Everton,N. Forest,1.94,3.42,3.95,3-1,3.0,1.0,4.0,D,
Burnley,Liverpool,5.52,4.39,1.54,1-0,1.0,0.0,1.0,D,
Bournemouth,Fulham,2.51,3.32,2.77,1-1,1.0,1.0,2.0,N,
Newcastle,Spurs,1.47,5.07,5.42,2-3,2.0,3.0,5.0,E,
A. Villa,Everton,1.49,4.2,6.57,0-0,0.0,0.0,0.0,N,
West Ham,Burnley,1.71,4.26,4.15,4-1,4.0,1.0,5.0,D,
Manchester Red,Brentford,1.98,3.51,3.69,1-1,1.0,1.0,2.0,N,
Liverpool,Manchester Blue,2.11,3.55,3.29,4-2,4.0,2.0,6.0,D,
London Blues,Leeds,1.32,4.97,10.05,4-1,4.0,1.0,5.0,D,
N. Forest,Wolverhampton,1.65,4.01,4.85,0-2,0.0,2.0,2.0,E,
C. Palace,Sunderland,1.67,4.1,4.6,3-0,3.0,0.0,3.0,D,
Brighton,London Reds,4.34,3.76,1.77,2-0,2.0,0.0,2.0,D,
Everton,London Reds,6.38,3.64,1.59,2-1,2.0,1.0,3.0,D,
Leeds,Brighton,5.96,4.88,1.46,0-2,0.0,2.0,2.0,E,
Brentford,Newcastle,2.33,4.04,2.6,2-1,2.0,1.0,3.0,D,
Bournemouth,Manchester Red,2.2,3.35,3.25,0-1,0.0,1.0,1.0,E,
Sunderland,N. Forest,4.64,3.96,1.69,3-2,3.0,2.0,5.0,D,
Fulham,Liverpool,3.03,4.1,2.06,1-1,1.0,1.0,2.0,N,
Wolverhampton,A. Villa,2.47,3.4,2.77,0-1,0.0,1.0,1.0,E,
Manchester Blue,West Ham,1.21,6.9,10.99,5-0,5.0,0.0,5.0,D,
Spurs,C. Palace,1.85,3.93,3.76,0-0,0.0,0.0,0.0,N,
Burnley,London Blues,3.35,3.52,2.1,2-1,2.0,1.0,3.0,D,
Liverpool,Bournemouth,1.23,6.65,10.04,3-0,3.0,0.0,3.0,D,
A. Villa,Sunderland,1.36,5.38,7.2,1-0,1.0,0.0,1.0,D,
West Ham,Fulham,2.46,3.56,2.68,0-1,0.0,1.0,1.0,E,
Manchester Red,Newcastle,2.14,3.71,3.08,0-0,0.0,0.0,0.0,N,
N. Forest,Spurs,2.23,3.82,2.86,2-3,2.0,3.0,5.0,E,
Brighton,Burnley,1.42,5.1,6.25,3-0,3.0,0.0,3.0,D,
C. Palace,Brentford,2.3,3.46,2.98,1-3,1.0,3.0,4.0,E,
London Blues,Manchester Blue,3.18,3.45,2.19,0-0,0.0,0.0,0.0,N,
London Reds,Wolverhampton,1.22,6.67,11.47,3-1,3.0,1.0,4.0,D,
Everton,Leeds,1.69,3.42,5.71,1-0,1.0,0.0,1.0,D,
Bournemouth,West Ham,1.92,3.6,3.82,3-1,3.0,1.0,4.0,D,
Fulham,London Blues,2.26,3.8,2.8200000000000003,1-1,1.0,1.0,2.0,N,
Spurs,A. Villa,1.77,4.22,3.86,3-0,3.0,0.0,3.0,D,
Wolverhampton,Leeds,1.66,3.67,5.36,1-2,1.0,2.0,3.0,E,
Newcastle,C. Palace,1.45,4.47,6.8100000000000005,2-1,2.0,1.0,3.0,D,
Sunderland,London Reds,24.27,8.09,1.12,1-4,1.0,4.0,5.0,E,
Brentford,N. Forest,1.58,4.63,4.74,3-2,3.0,2.0,5.0,D,
Liverpool,Manchester Red,1.31,5.39,8.99,4-1,4.0,1.0,5.0,D,
Manchester Blue,Brighton,1.33,6.06,7.1,4-0,4.0,0.0,4.0,D,
Burnley,Everton,2.74,2.98,2.78,0-0,0.0,0.0,0.0,N,
London Blues,Bournemouth,1.5,4.68,5.5600000000000005,3-1,3.0,1.0,4.0,D,
London Reds,Spurs,1.44,5.32,5.69,1-0,1.0,0.0,1.0,D,
Everton,Manchester Blue,5.03,3.43,1.75,3-1,3.0,1.0,4.0,D,
Brighton,Fulham,2.02,3.71,3.4,1-1,1.0,1.0,2.0,N,
West Ham,Liverpool,3.43,4.11,1.9,0-2,0.0,2.0,2.0,E,
A. Villa,Brentford,1.75,4.03,4.18,3-1,3.0,1.0,4.0,D,
N. Forest,Newcastle,2.56,3.61,2.55,1-0,1.0,0.0,1.0,D,
Manchester Red,C. Palace,1.84,3.56,4.22,1-0,1.0,0.0,1.0,D,
Wolverhampton,Burnley,1.77,4.04,4.06,1-0,1.0,0.0,1.0,D,
Leeds,Sunderland,3.77,3.85,1.87,0-1,0.0,1.0,1.0,E,
West Ham,Manchester Red,2.2,3.61,3.04,0-2,0.0,2.0,2.0,E,
Liverpool,London Blues,1.34,5.3,7.85,3-0,3.0,0.0,3.0,D,
Manchester Blue,Wolverhampton,1.17,7.59,13.11,3-1,3.0,1.0,4.0,D,
Sunderland,Burnley,4.23,4.04,1.74,1-2,1.0,2.0,3.0,E,
C. Palace,N. Forest,1.73,3.94,4.38,1-0,1.0,0.0,1.0,D,
Newcastle,A. Villa,1.41,4.78,7.11,3-2,3.0,2.0,5.0,D,
Brentford,London Reds,4.65,4.11,1.66,0-2,0.0,2.0,2.0,E,
Fulham,Everton,1.82,3.61,4.29,4-1,4.0,1.0,5.0,D,
Spurs,Leeds,1.35,5.3,7.74,3-1,3.0,1.0,4.0,D,
Bournemouth,Brighton,2.52,3.68,2.55,1-0,1.0,0.0,1.0,D,
Sunderland,Manchester Blue,19.51,7.6,1.14,1-3,1.0,3.0,4.0,E,
Leeds,Brentford,6.0,4.19,1.53,1-0,1.0,0.0,1.0,D,
Brighton,Liverpool,2.55,3.98,2.4,3-0,3.0,0.0,3.0,D,
London Reds,Newcastle,1.53,4.77,5.08,4-0,4.0,0.0,4.0,D,
Burnley,Spurs,3.68,3.93,1.87,2-3,2.0,3.0,5.0,E,
Wolverhampton,Fulham,2.61,3.42,2.6,2-1,2.0,1.0,3.0,D,
A. Villa,C. Palace,1.65,4.08,4.8100000000000005,2-1,2.0,1.0,3.0,D,
Everton,Bournemouth,2.19,3.47,3.18,1-1,1.0,1.0,2.0,N,
London Blues,West Ham,1.5,4.48,5.89,5-0,5.0,0.0,5.0,D,
Manchester Red,N. Forest,1.54,4.32,5.64,0-0,0.0,0.0,0.0,N,
N. Forest,A. Villa,2.08,3.43,3.48,1-0,1.0,0.0,1.0,D,
Brentford,Burnley,1.48,5.08,5.3,2-0,2.0,0.0,2.0,D,
West Ham,Brighton,2.55,3.98,2.4,1-3,1.0,3.0,4.0,E,
C. Palace,London Reds,5.44,3.87,1.62,0-1,0.0,1.0,1.0,E,
Bournemouth,Wolverhampton,1.87,3.61,4.05,4-1,4.0,1.0,5.0,D,
Newcastle,Leeds,1.15,7.4,17.8,4-1,4.0,1.0,5.0,D,
London Blues,Manchester Red,1.69,3.86,4.74,2-2,2.0,2.0,4.0,N,
Spurs,Manchester Blue,3.81,4.09,1.81,1-2,1.0,2.0,3.0,E,
Fulham,Sunderland,1.6800000000000002,4.28,4.31,5-1,5.0,1.0,6.0,D,
Liverpool,Everton,1.25,5.6,12.54,1-1,1.0,1.0,2.0,N,
Everton,West Ham,2.11,3.32,3.5,3-1,3.0,1.0,4.0,D,
Manchester Red,A. Villa,1.81,3.68,4.23,2-1,2.0,1.0,3.0,D,
London Reds,N. Forest,1.24,6.46,10.33,1-0,1.0,0.0,1.0,D,
Manchester Blue,Brentford,1.37,5.19,7.23,1-3,1.0,3.0,4.0,E,
Spurs,Fulham,2.02,4.0,3.17,4-0,4.0,0.0,4.0,D,
Leeds,C. Palace,5.3,3.88,1.63,1-4,1.0,4.0,5.0,E,
Wolverhampton,Liverpool,3.74,4.04,1.83,0-1,0.0,1.0,1.0,E,
Burnley,Newcastle,4.57,3.95,1.7000000000000002,1-3,1.0,3.0,4.0,E,
Brighton,London Blues,1.91,3.95,3.52,3-2,3.0,2.0,5.0,D,
Sunderland,Bournemouth,5.62,4.47,1.52,1-3,1.0,3.0,4.0,E,
A. Villa,London Reds,3.6,3.73,1.95,1-3,1.0,3.0,4.0,E,
Newcastle,Manchester Blue,2.36,3.51,2.85,2-1,2.0,1.0,3.0,D,
Liverpool,Sunderland,1.18,7.27,13.47,6-0,6.0,0.0,6.0,D,
C. Palace,Burnley,1.58,4.45,4.94,4-0,4.0,0.0,4.0,D,
Brighton,Manchester Red,1.75,3.98,4.21,2-0,2.0,0.0,2.0,D,
Bournemouth,Spurs,2.49,3.71,2.5700000000000003,2-1,2.0,1.0,3.0,D,
Brentford,Fulham,2.08,3.88,3.11,3-0,3.0,0.0,3.0,D,
London Blues,Everton,1.55,3.88,6.37,2-1,2.0,1.0,3.0,D,
West Ham,Wolverhampton,1.84,3.91,3.86,0-1,0.0,1.0,1.0,E,
N. Forest,Leeds,1.49,4.05,7.05,2-1,2.0,1.0,3.0,D,
Sunderland,West Ham,4.8100000000000005,3.91,1.6800000000000002,0-0,0.0,0.0,0.0,N,
Everton,Brighton,2.66,3.52,2.5,1-1,1.0,1.0,2.0,N,
Manchester Red,London Reds,4.26,3.52,1.85,1-3,1.0,3.0,4.0,E,
Spurs,Liverpool,2.56,4.25,2.3,3-1,3.0,1.0,4.0,D,
Leeds,A. Villa,5.02,3.98,1.64,3-0,3.0,0.0,3.0,D,
Manchester Blue,C. Palace,1.3,5.63,8.92,2-2,2.0,2.0,4.0,N,
Wolverhampton,London Blues,2.63,3.55,2.51,1-2,1.0,2.0,3.0,E,
Burnley,N. Forest,2.5,3.41,2.73,2-1,2.0,1.0,3.0,D,
Brentford,Bournemouth,1.6800000000000002,4.6,4.02,4-2,4.0,2.0,6.0,D,
Fulham,Newcastle,2.69,3.95,2.3,1-0,1.0,0.0,1.0,D,
N. Forest,Manchester Blue,4.17,3.54,1.86,1-1,1.0,1.0,2.0,N,
A. Villa,Burnley,1.31,5.99,7.6,1-2,1.0,2.0,3.0,E,
Newcastle,Bournemouth,1.32,5.72,7.87,4-0,4.0,0.0,4.0,D,
London Reds,Leeds,1.15,7.68,17.43,6-0,6.0,0.0,6.0,D,
Liverpool,Brentford,1.37,4.97,7.73,1-2,1.0,2.0,3.0,E,
C. Palace,Fulham,2.23,3.55,3.04,1-1,1.0,1.0,2.0,N,
London Blues,Sunderland,1.41,4.92,6.86,0-0,0.0,0.0,0.0,N,
Brighton,Wolverhampton,1.5,4.54,5.72,3-1,3.0,1.0,4.0,D,
West Ham,Spurs,2.45,4.06,2.46,3-1,3.0,1.0,4.0,D,
Everton,Manchester Red,2.32,3.14,3.23,1-0,1.0,0.0,1.0,D,
Manchester Blue,A. Villa,1.27,5.93,9.4,2-2,2.0,2.0,4.0,N,
Brentford,West Ham,1.65,4.42,4.41,2-1,2.0,1.0,3.0,D,
Sunderland,Brighton,7.27,5.13,1.37,2-1,2.0,1.0,3.0,D,
Bournemouth,C. Palace,2.39,3.14,3.1,0-0,0.0,0.0,0.0,N,
Burnley,London Reds,10.34,4.94,1.31,0-2,0.0,2.0,2.0,E,
Newcastle,Liverpool,1.82,4.13,3.73,1-0,1.0,0.0,1.0,D,
Manchester Red,Leeds,1.38,4.51,8.68,2-0,2.0,0.0,2.0,D,
Spurs,London Blues,1.9,4.22,3.38,4-0,4.0,0.0,4.0,D,
Wolverhampton,Everton,2.16,3.18,3.55,1-2,1.0,2.0,3.0,E,
Fulham,N. Forest,1.71,4.12,4.31,3-1,3.0,1.0,4.0,D,
A. Villa,Fulham,1.62,4.25,4.8,0-2,0.0,2.0,2.0,E,
London Reds,Manchester Blue,2.27,3.66,2.88,2-1,2.0,1.0,3.0,D,
N. Forest,Bournemouth,1.85,3.94,3.76,1-1,1.0,1.0,2.0,N,
Everton,Sunderland,1.93,3.5,3.89,1-1,1.0,1.0,2.0,N,
London Blues,Brentford,1.89,3.63,3.91,3-1,3.0,1.0,4.0,D,
Leeds,Burnley,3.37,3.87,1.98,1-1,1.0,1.0,2.0,N,
C. Palace,Liverpool,3.14,3.85,2.08,1-4,1.0,4.0,5.0,E,
West Ham,Newcastle,2.97,3.88,2.15,3-1,3.0,1.0,4.0,D,
Brighton,Spurs,1.96,4.19,3.21,2-0,2.0,0.0,2.0,D,
Wolverhampton,Manchester Red,2.41,3.43,2.8200000000000003,3-1,3.0,1.0,4.0,D,
Bournemouth,Burnley,1.71,4.01,4.4,0-1,0.0,1.0,1.0,E,
Everton,Newcastle,3.0,3.43,2.29,1-1,1.0,1.0,2.0,N,
West Ham,London Blues,2.45,3.67,2.64,1-2,1.0,2.0,3.0,E,
Manchester Blue,Liverpool,1.59,4.71,4.5600000000000005,3-2,3.0,2.0,5.0,D,
Fulham,Spurs,2.35,4.12,2.56,0-2,0.0,2.0,2.0,E,
Sunderland,A. Villa,6.17,4.12,1.53,0-3,0.0,3.0,3.0,E,
C. Palace,Brighton,2.22,3.89,2.83,1-0,1.0,0.0,1.0,D,
Manchester Red,Leeds,1.36,4.73,8.91,1-0,1.0,0.0,1.0,D,
Brentford,Wolverhampton,1.54,4.67,5.09,3-1,3.0,1.0,4.0,D,
N. Forest,London Reds,5.09,3.66,1.69,1-1,1.0,1.0,2.0,N,
Burnley,Manchester Red,3.15,3.27,2.29,0-2,0.0,2.0,2.0,E,
London Blues,Manchester Blue,3.0,3.44,2.3,0-1,0.0,1.0,1.0,E,
Newcastle,West Ham,1.31,5.47,8.57,2-0,2.0,0.0,2.0,D,
Leeds,Brentford,6.23,4.23,1.51,2-3,2.0,3.0,5.0,E,
Wolverhampton,A. Villa,2.49,3.37,2.77,0-2,0.0,2.0,2.0,E,
Spurs,C. Palace,1.81,4.05,3.85,1-1,1.0,1.0,2.0,N,
Brighton,Bournemouth,1.62,4.49,4.51,2-1,2.0,1.0,3.0,D,
Liverpool,N. Forest,1.18,7.25,13.46,4-1,4.0,1.0,5.0,D,
London Reds,Sunderland,1.22,6.8100000000000005,11.05,3-0,3.0,0.0,3.0,D,
Everton,Fulham,2.51,3.15,2.91,,,,,,
Bournemouth,Spurs,2.44,3.76,2.6,0-2,0.0,2.0,2.0,E,
Wolverhampton,London Reds,6.61,4.15,1.5,1-1,1.0,1.0,2.0,N,
Sunderland,Liverpool,11.98,6.54,1.21,0-4,0.0,4.0,4.0,E,
N. Forest,London Blues,2.08,3.55,3.36,1-3,1.0,3.0,4.0,E,
Fulham,C. Palace,2.12,3.59,3.24,1-0,1.0,0.0,1.0,D,
Manchester Red,Brighton,1.93,3.99,3.44,4-2,4.0,2.0,6.0,D,
West Ham,Everton,2.04,3.28,3.76,1-2,1.0,2.0,3.0,E,
Brentford,Burnley,1.45,5.24,5.57,2-2,2.0,2.0,4.0,N,
Manchester Blue,Newcastle,1.42,5.2,6.07,0-2,0.0,2.0,2.0,E,
A. Villa,Leeds,1.25,5.88,10.99,2-1,2.0,1.0,3.0,D,
Burnley,A. Villa,3.13,3.38,2.25,1-2,1.0,2.0,3.0,E,
C. Palace,Bournemouth,1.89,3.99,3.5700000000000003,2-3,2.0,3.0,5.0,E,
London Blues,Sunderland,1.42,4.8,6.79,0-1,0.0,1.0,1.0,E,
Liverpool,Wolverhampton,1.18,7.04,13.63,3-1,3.0,1.0,4.0,D,
Brighton,Brentford,1.94,3.75,3.59,0-1,0.0,1.0,1.0,E,
Spurs,Manchester Red,1.77,4.17,3.93,4-2,4.0,2.0,6.0,D,
Everton,Manchester Blue,5.0,3.43,1.76,4-1,4.0,1.0,5.0,D,
Leeds,London Reds,17.48,7.02,1.16,0-1,0.0,1.0,1.0,E,
West Ham,Fulham,2.49,3.58,2.64,0-0,0.0,0.0,0.0,N,
Newcastle,N. Forest,1.27,5.95,9.77,5-0,5.0,0.0,5.0,D,
Wolverhampton,London Blues,2.62,3.55,2.52,0-2,0.0,2.0,2.0,E,
Sunderland,Newcastle,9.11,5.48,1.3,0-4,0.0,4.0,4.0,E,
N. Forest,Everton,1.88,3.25,4.53,2-0,2.0,0.0,2.0,D,
Brentford,Spurs,1.99,4.4,3.03,3-0,3.0,0.0,3.0,D,
Manchester Blue,West Ham,1.2,7.05,11.52,0-1,0.0,1.0,1.0,E,
A. Villa,Brighton,1.76,4.43,3.75,3-2,3.0,2.0,5.0,D,
London Reds,Burnley,1.18,7.65,11.89,4-2,4.0,2.0,6.0,D,
Fulham,Bournemouth,1.86,4.22,3.52,3-1,3.0,1.0,4.0,D,
Manchester Red,C. Palace,1.87,3.53,4.15,1-0,1.0,0.0,1.0,D,
Leeds,Liverpool,9.82,6.12,1.26,1-1,1.0,1.0,2.0,N,
Bournemouth,Manchester Red,2.29,3.27,3.15,2-2,2.0,2.0,4.0,N,
Newcastle,Wolverhampton,1.26,5.95,10.04,1-1,1.0,1.0,2.0,N,
Burnley,Liverpool,5.19,4.23,1.58,1-2,1.0,2.0,3.0,E,
West Ham,N. Forest,1.8,3.95,3.99,2-0,2.0,0.0,2.0,D,
Brighton,London Reds,4.57,3.8,1.73,3-1,3.0,1.0,4.0,D,
C. Palace,Brentford,2.34,3.42,2.93,0-4,0.0,4.0,4.0,E,
Spurs,A. Villa,1.78,4.19,3.85,3-3,3.0,3.0,6.0,N,
London Blues,Leeds,1.31,5.1,10.22,3-1,3.0,1.0,4.0,D,
Manchester Blue,Fulham,1.35,5.33,7.49,5-0,5.0,0.0,5.0,D,
Everton,Sunderland,1.87,3.55,4.08,3-2,3.0,2.0,5.0,D,
Wolverhampton,Everton,2.16,3.11,3.64,3-2,3.0,2.0,5.0,D,
Fulham,Manchester Red,1.97,3.73,3.5,1-0,1.0,0.0,1.0,D,
N. Forest,Manchester Blue,4.32,3.6,1.81,0-2,0.0,2.0,2.0,E,
Burnley,London Blues,3.44,3.52,2.06,1-1,1.0,1.0,2.0,N,
Sunderland,West Ham,5.12,4.1,1.61,2-2,2.0,2.0,4.0,N,
London Reds,Spurs,1.45,5.24,5.52,2-2,2.0,2.0,4.0,N,
A. Villa,C. Palace,1.64,4.08,4.87,2-1,2.0,1.0,3.0,D,
Leeds,Newcastle,7.14,5.07,1.38,1-5,1.0,5.0,6.0,E,
Liverpool,Brighton,1.34,5.63,7.35,2-1,2.0,1.0,3.0,D,
Brentford,Bournemouth,1.69,4.5600000000000005,4.0,0-0,0.0,0.0,0.0,N,
Brighton,London Blues,1.86,3.95,3.72,1-2,1.0,2.0,3.0,E,
C. Palace,London Reds,5.54,3.89,1.61,0-2,0.0,2.0,2.0,E,
Spurs,Liverpool,2.64,4.25,2.24,1-1,1.0,1.0,2.0,N,
Manchester Blue,Sunderland,1.18,7.52,12.92,3-0,3.0,0.0,3.0,D,
Newcastle,Burnley,1.21,6.96,11.0,4-2,4.0,2.0,6.0,D,
N. Forest,Fulham,2.14,3.46,3.3,2-1,2.0,1.0,3.0,D,
Manchester Red,Brentford,2.01,3.52,3.58,2-1,2.0,1.0,3.0,D,
Everton,Leeds,1.67,3.43,5.83,0-0,0.0,0.0,0.0,N,
Bournemouth,A. Villa,2.22,3.3,3.26,1-0,1.0,0.0,1.0,D,
West Ham,Wolverhampton,1.8,3.92,4.0,2-1,2.0,1.0,3.0,D,
Burnley,Everton,2.75,2.94,2.81,1-0,1.0,0.0,1.0,D,
Sunderland,N. Forest,4.42,3.87,1.74,0-2,0.0,2.0,2.0,E,
London Reds,Bournemouth,1.29,6.14,8.3,3-0,3.0,0.0,3.0,D,
Leeds,West Ham,3.93,3.83,1.84,2-1,2.0,1.0,3.0,D,
Brighton,Newcastle,2.18,3.86,2.92,1-0,1.0,0.0,1.0,D,
A. Villa,Manchester Red,1.55,4.43,5.31,1-1,1.0,1.0,2.0,N,
London Blues,Spurs,1.79,4.16,3.82,2-3,2.0,3.0,5.0,E,
Fulham,Brentford,2.37,3.61,2.77,2-3,2.0,3.0,5.0,E,
Liverpool,C. Palace,1.3,5.36,9.81,1-0,1.0,0.0,1.0,D,
Wolverhampton,Manchester Blue,5.15,3.9,1.64,1-1,1.0,1.0,2.0,N,
Newcastle,Bournemouth,1.3,5.86,8.42,3-1,3.0,1.0,4.0,D,
London Reds,Spurs,1.42,5.42,5.79,2-2,2.0,2.0,4.0,N,
Sunderland,C. Palace,6.11,3.97,1.55,2-3,2.0,3.0,5.0,E,
Leeds,Burnley,3.23,3.88,2.03,1-1,1.0,1.0,2.0,N,
West Ham,Fulham,2.46,3.65,2.63,2-1,2.0,1.0,3.0,D,
London Blues,Liverpool,2.25,3.77,2.85,2-1,2.0,1.0,3.0,D,
N. Forest,A. Villa,2.0,3.46,3.69,2-1,2.0,1.0,3.0,D,
Manchester Red,Manchester Blue,3.5,3.46,2.06,1-3,1.0,3.0,4.0,E,
Wolverhampton,Brentford,2.67,3.42,2.55,1-2,1.0,2.0,3.0,E,
Brighton,Everton,1.66,3.78,5.2,0-2,0.0,2.0,2.0,E,
Leeds,West Ham,4.09,3.83,1.8,0-4,0.0,4.0,4.0,E,
Bournemouth,London Blues,2.45,3.39,2.79,2-0,2.0,0.0,2.0,D,
Brentford,N. Forest,1.56,4.66,4.86,1-3,1.0,3.0,4.0,E,
Liverpool,Everton,1.27,5.33,12.03,1-0,1.0,0.0,1.0,D,
A. Villa,London Reds,3.39,3.6,2.05,0-4,0.0,4.0,4.0,E,
Fulham,Sunderland,1.66,4.32,4.46,0-1,0.0,1.0,1.0,E,
Burnley,Wolverhampton,2.4,3.45,2.83,2-1,2.0,1.0,3.0,D,
Spurs,Brighton,1.96,4.41,3.09,2-0,2.0,0.0,2.0,D,
Manchester Blue,Newcastle,1.46,5.07,5.59,3-3,3.0,3.0,6.0,N,
C. Palace,Manchester Red,2.07,3.53,3.42,1-1,1.0,1.0,2.0,N,
London Reds,Brentford,1.47,4.59,6.1,3-1,3.0,1.0,4.0,D,
Everton,Spurs,2.6,3.52,2.56,1-0,1.0,0.0,1.0,D,
Manchester Red,Fulham,1.98,3.55,3.65,2-0,2.0,0.0,2.0,D,
Brighton,A. Villa,1.79,3.89,4.08,3-2,3.0,2.0,5.0,D,
Sunderland,Leeds,3.32,3.15,2.26,3-2,3.0,2.0,5.0,D,
Bournemouth,Liverpool,3.42,3.69,2.01,0-1,0.0,1.0,1.0,E,
Newcastle,C. Palace,1.46,4.46,6.6,2-0,2.0,0.0,2.0,D,
Wolverhampton,West Ham,2.09,3.66,3.25,1-0,1.0,0.0,1.0,D,
London Blues,Manchester Blue,3.13,3.5,2.2,0-3,0.0,3.0,3.0,E,
N. Forest,Burnley,1.53,4.53,5.38,3-0,3.0,0.0,3.0,D,
Manchester Blue,Bournemouth,1.23,6.87,9.57,3-0,3.0,0.0,3.0,D,
Fulham,Newcastle,2.58,3.91,2.4,2-1,2.0,1.0,3.0,D,
A. Villa,Everton,1.45,4.46,6.92,3-1,3.0,1.0,4.0,D,
Wolverhampton,Sunderland,1.9,3.74,3.74,5-0,5.0,0.0,5.0,D,
Liverpool,Spurs,1.36,5.54,6.89,4-0,4.0,0.0,4.0,D,
Brentford,Brighton,2.06,4.3,2.92,1-0,1.0,0.0,1.0,D,
Leeds,Manchester Red,5.14,3.97,1.63,1-0,1.0,0.0,1.0,D,
Burnley,London Reds,9.68,4.69,1.35,0-4,0.0,4.0,4.0,E,
C. Palace,London Blues,2.19,3.69,3.02,0-1,0.0,1.0,1.0,E,
West Ham,N. Forest,1.78,4.02,4.01,0-5,0.0,5.0,5.0,E,
Brighton,Burnley,1.42,5.11,6.16,0-1,0.0,1.0,1.0,E,
Bournemouth,C. Palace,2.31,3.16,3.23,2-1,2.0,1.0,3.0,D,
London Blues,Fulham,1.8,3.78,4.16,2-1,2.0,1.0,3.0,D,
Manchester Blue,Liverpool,1.59,4.68,4.5600000000000005,4-1,4.0,1.0,5.0,D,
Spurs,A. Villa,1.78,4.14,3.9,2-1,2.0,1.0,3.0,D,
Newcastle,Leeds,1.16,7.31,16.73,1-0,1.0,0.0,1.0,D,
London Reds,West Ham,1.27,6.07,9.52,3-1,3.0,1.0,4.0,D,
Manchester Red,Wolverhampton,1.53,4.27,5.8,2-1,2.0,1.0,3.0,D,
Everton,Brentford,2.7,3.05,2.77,1-1,1.0,1.0,2.0,N,
N. Forest,Sunderland,1.66,4.02,4.76,2-1,2.0,1.0,3.0,D,
Leeds,London Blues,5.59,4.39,1.53,1-0,1.0,0.0,1.0,D,
Brentford,Spurs,2.13,4.37,2.76,1-0,1.0,0.0,1.0,D,
C. Palace,Manchester Blue,4.36,3.73,1.78,0-1,0.0,1.0,1.0,E,
Burnley,Everton,2.69,3.0,2.8200000000000003,1-2,1.0,2.0,3.0,E,
West Ham,Brighton,2.5,3.98,2.45,2-3,2.0,3.0,5.0,E,
Fulham,Bournemouth,1.82,4.25,3.61,2-1,2.0,1.0,3.0,D,
Liverpool,A. Villa,1.32,5.33,8.91,0-0,0.0,0.0,0.0,N,
Wolverhampton,Newcastle,3.06,3.73,2.15,0-0,0.0,0.0,0.0,N,
N. Forest,Manchester Red,1.98,3.47,3.76,0-4,0.0,4.0,4.0,E,
Sunderland,London Reds,22.82,7.8,1.13,0-1,0.0,1.0,1.0,E,
London Blues,Wolverhampton,1.43,4.68,6.71,1-1,1.0,1.0,2.0,N,
London Reds,Manchester Red,1.38,5.08,7.34,5-1,5.0,1.0,6.0,D,
Everton,West Ham,2.09,3.35,3.55,4-0,4.0,0.0,4.0,D,
Newcastle,N. Forest,1.26,6.09,9.94,0-2,0.0,2.0,2.0,E,
A. Villa,Brentford,1.71,4.13,4.32,2-0,2.0,0.0,2.0,D,
Manchester Blue,Fulham,1.31,5.67,8.23,2-0,2.0,0.0,2.0,D,
Bournemouth,Leeds,1.57,3.76,6.34,1-1,1.0,1.0,2.0,N,
Brighton,Sunderland,1.49,4.72,5.7,3-1,3.0,1.0,4.0,D,
Spurs,Burnley,1.45,5.3,5.46,2-1,2.0,1.0,3.0,D,
C. Palace,Liverpool,3.09,3.89,2.09,1-1,1.0,1.0,2.0,N,
N. Forest,London Blues,2.17,3.56,3.15,2-2,2.0,2.0,4.0,N,
West Ham,Spurs,2.49,3.97,2.46,1-1,1.0,1.0,2.0,N,
Burnley,A. Villa,3.2,3.33,2.24,1-1,1.0,1.0,2.0,N,
Leeds,Manchester Blue,14.91,6.76,1.18,0-4,0.0,4.0,4.0,E,
London Reds,Newcastle,1.55,4.65,5.0,3-2,3.0,2.0,5.0,D,
Liverpool,Brentford,1.36,5.05,8.05,2-1,2.0,1.0,3.0,D,
Sunderland,Everton,4.67,3.28,1.85,0-2,0.0,2.0,2.0,E,
Fulham,C. Palace,2.06,3.6,3.37,3-1,3.0,1.0,4.0,D,
Manchester Red,Brighton,1.93,4.01,3.42,1-0,1.0,0.0,1.0,D,
Wolverhampton,Bournemouth,2.2,3.73,2.96,1-0,1.0,0.0,1.0,D,
C. Palace,Leeds,1.46,4.24,7.14,3-0,3.0,0.0,3.0,D,
Spurs,Sunderland,1.52,4.91,5.03,2-2,2.0,2.0,4.0,N,
London Blues,London Reds,3.52,3.45,2.06,0-0,0.0,0.0,0.0,N,
A. Villa,West Ham,1.42,5.04,6.28,4-0,4.0,0.0,4.0,D,
Brighton,Newcastle,2.21,3.91,2.85,0-2,0.0,2.0,2.0,E,
Brentford,Burnley,1.45,5.29,5.52,3-2,3.0,2.0,5.0,D,
Bournemouth,N. Forest,1.9,3.58,3.94,0-1,0.0,1.0,1.0,E,
Everton,Manchester Red,2.35,3.13,3.17,0-1,0.0,1.0,1.0,E,
Manchester Blue,Wolverhampton,1.17,7.81,13.49,4-1,4.0,1.0,5.0,D,
Fulham,Liverpool,3.05,4.02,2.07,1-2,1.0,2.0,3.0,E,
London Reds,Bournemouth,1.27,6.27,8.71,2-1,2.0,1.0,3.0,D,
Newcastle,Everton,1.32,5.03,9.84,1-0,1.0,0.0,1.0,D,
Leeds,Fulham,5.71,4.18,1.55,0-2,0.0,2.0,2.0,E,
Liverpool,Burnley,1.16,7.84,13.9,2-0,2.0,0.0,2.0,D,
N. Forest,Manchester Blue,4.0,3.5700000000000003,1.89,1-0,1.0,0.0,1.0,D,
Wolverhampton,C. Palace,2.42,3.32,2.89,2-2,2.0,2.0,4.0,N,
Brighton,London Blues,1.96,3.86,3.43,0-0,0.0,0.0,0.0,N,
Manchester Red,Spurs,1.93,4.02,3.41,0-2,0.0,2.0,2.0,E,
West Ham,Brentford,2.53,3.54,2.61,3-2,3.0,2.0,5.0,D,
Sunderland,A. Villa,6.13,4.13,1.53,2-1,2.0,1.0,3.0,D,
A. Villa,Manchester Red,1.57,4.32,5.19,2-2,2.0,2.0,4.0,N,
Brentford,Sunderland,1.53,4.82,5.08,3-0,3.0,0.0,3.0,D,
Spurs,Newcastle,2.2,4.21,2.72,1-3,1.0,3.0,4.0,E,
Manchester Blue,London Reds,2.18,3.67,3.05,1-2,1.0,2.0,3.0,E,
Everton,London Blues,2.54,3.27,2.78,1-1,1.0,1.0,2.0,N,
Leeds,Liverpool,9.77,6.17,1.26,1-3,1.0,3.0,4.0,E,
C. Palace,N. Forest,1.7000000000000002,4.01,4.47,2-1,2.0,1.0,3.0,D,
Burnley,West Ham,2.5700000000000003,3.44,2.62,3-1,3.0,1.0,4.0,D,
Bournemouth,Brighton,2.52,3.63,2.58,1-2,1.0,2.0,3.0,E,
Fulham,Wolverhampton,1.72,4.13,4.22,3-0,3.0,0.0,3.0,D,
Wolverhampton,Leeds,1.67,3.67,5.32,2-0,2.0,0.0,2.0,D,
Liverpool,West Ham,1.23,6.35,11.32,3-2,3.0,2.0,5.0,D,
Newcastle,A. Villa,1.42,4.8,6.83,3-2,3.0,2.0,5.0,D,
Sunderland,Burnley,4.07,4.04,1.77,0-2,0.0,2.0,2.0,E,
Manchester Red,Brentford,2.01,3.54,3.56,1-2,1.0,2.0,3.0,E,
Everton,Bournemouth,2.1,3.54,3.32,3-0,3.0,0.0,3.0,D,
London Blues,Spurs,1.83,4.14,3.67,2-2,2.0,2.0,4.0,N,
Brighton,Manchester Blue,3.59,3.68,1.96,2-1,2.0,1.0,3.0,D,
London Reds,C. Palace,1.4,4.87,7.19,1-0,1.0,0.0,1.0,D,
N. Forest,Fulham,2.15,3.47,3.27,3-1,3.0,1.0,4.0,D,
West Ham,Sunderland,1.81,4.08,3.82,3-0,3.0,0.0,3.0,D,
Manchester Blue,Everton,1.22,6.26,12.63,2-2,2.0,2.0,4.0,N,
Spurs,Bournemouth,1.67,4.64,4.09,1-0,1.0,0.0,1.0,D,
Burnley,Manchester Red,3.1,3.28,2.31,0-1,0.0,1.0,1.0,E,
Fulham,London Reds,5.41,4.06,1.59,2-0,2.0,0.0,2.0,D,
Brentford,Newcastle,2.31,4.1,2.61,1-2,1.0,2.0,3.0,E,
Wolverhampton,Liverpool,3.67,3.96,1.87,0-2,0.0,2.0,2.0,E,
A. Villa,London Blues,1.69,4.27,4.29,2-1,2.0,1.0,3.0,D,
C. Palace,Brighton,2.29,3.93,2.71,2-0,2.0,0.0,2.0,D,
Leeds,N. Forest,3.63,3.75,1.93,1-1,1.0,1.0,2.0,N,
Newcastle,Burnley,1.21,7.03,11.33,1-0,1.0,0.0,1.0,D,
Bournemouth,A. Villa,2.31,3.33,3.06,0-0,0.0,0.0,0.0,N,
Everton,C. Palace,2.4,3.03,3.18,2-1,2.0,1.0,3.0,D,
Manchester Red,West Ham,1.65,4.06,4.82,3-2,3.0,2.0,5.0,D,
Liverpool,Sunderland,1.19,7.06,13.19,1-1,1.0,1.0,2.0,N,
Brighton,Fulham,1.91,3.77,3.69,2-0,2.0,0.0,2.0,D,
London Reds,Leeds,1.15,7.43,16.86,3-0,3.0,0.0,3.0,D,
Spurs,Manchester Blue,3.76,4.08,1.82,1-0,1.0,0.0,1.0,D,
N. Forest,Wolverhampton,1.64,3.97,5.01,1-2,1.0,2.0,3.0,E,
London Blues,Brentford,1.83,3.75,4.05,3-1,3.0,1.0,4.0,D,
A. Villa,Manchester Blue,2.83,3.66,2.31,2-1,2.0,1.0,3.0,D,
West Ham,Newcastle,2.83,3.9,2.22,3-2,3.0,2.0,5.0,D,
N. Forest,Liverpool,2.9,3.68,2.26,1-3,1.0,3.0,4.0,E,
Brentford,Bournemouth,1.78,4.45,3.64,2-2,2.0,2.0,4.0,N,
Fulham,Everton,1.84,3.52,4.28,1-0,1.0,0.0,1.0,D,
Burnley,London Blues,3.45,3.54,2.05,0-0,0.0,0.0,0.0,N,
Sunderland,Manchester Red,6.16,4.1,1.53,1-3,1.0,3.0,4.0,E,
C. Palace,Spurs,2.23,3.95,2.79,2-1,2.0,1.0,3.0,D,
Wolverhampton,London Reds,6.83,4.24,1.48,1-3,1.0,3.0,4.0,E,
Leeds,Brighton,6.2,4.97,1.43,0-1,0.0,1.0,1.0,E,
London Reds,N. Forest,1.22,6.79,11.14,4-0,4.0,0.0,4.0,D,
Liverpool,Manchester Red,1.31,5.4,9.04,5-0,5.0,0.0,5.0,D,
Everton,Leeds,1.63,3.51,6.14,1-0,1.0,0.0,1.0,D,
Manchester Blue,Brentford,1.35,5.35,7.55,2-1,2.0,1.0,3.0,D,
Spurs,Fulham,1.92,4.06,3.4,3-2,3.0,2.0,5.0,D,
A. Villa,C. Palace,1.62,4.11,4.97,1-0,1.0,0.0,1.0,D,
London Blues,West Ham,1.52,4.4,5.76,2-1,2.0,1.0,3.0,D,
Newcastle,Sunderland,1.24,6.33,10.63,0-2,0.0,2.0,2.0,E,
Bournemouth,Burnley,1.72,4.03,4.32,2-0,2.0,0.0,2.0,D,
Brighton,Wolverhampton,1.53,4.46,5.48,0-2,0.0,2.0,2.0,E,
Manchester Red,Newcastle,2.19,3.73,2.99,0-0,0.0,0.0,0.0,N,
Sunderland,London Blues,6.84,4.55,1.44,1-3,1.0,3.0,4.0,E,
Fulham,A. Villa,2.08,3.72,3.22,2-1,2.0,1.0,3.0,D,
Leeds,Spurs,6.01,5.02,1.44,0-4,0.0,4.0,4.0,E,
Burnley,Manchester Blue,7.7,4.34,1.43,0-1,0.0,1.0,1.0,E,
Brentford,C. Palace,1.88,3.89,3.7,2-2,2.0,2.0,4.0,N,
N. Forest,Brighton,2.15,3.85,2.98,1-4,1.0,4.0,5.0,E,
West Ham,Bournemouth,2.05,3.96,3.14,3-1,3.0,1.0,4.0,D,
Wolverhampton,Everton,2.17,3.18,3.52,0-1,0.0,1.0,1.0,E,
London Reds,Liverpool,1.78,4.3,3.78,1-3,1.0,3.0,4.0,E,
Spurs,Wolverhampton,1.49,4.87,5.42,2-1,2.0,1.0,3.0,D,
A. Villa,Leeds,1.23,6.12,11.89,3-1,3.0,1.0,4.0,D,
Manchester Blue,West Ham,1.21,6.95,11.54,1-1,1.0,1.0,2.0,N,
Bournemouth,Sunderland,1.86,3.63,4.03,3-0,3.0,0.0,3.0,D,
London Blues,Manchester Red,1.66,3.95,4.88,3-2,3.0,2.0,5.0,D,
Liverpool,Newcastle,1.46,4.8,6.06,1-4,1.0,4.0,5.0,E,
Everton,N. Forest,1.93,3.46,3.97,5-0,5.0,0.0,5.0,D,
Brighton,London Reds,4.44,3.74,1.76,0-3,0.0,3.0,3.0,E,
C. Palace,Burnley,1.61,4.38,4.72,4-1,4.0,1.0,5.0,D,
Brentford,Fulham,1.99,3.99,3.26,1-1,1.0,1.0,2.0,N,
Bournemouth,Newcastle,2.9,3.55,2.31,0-2,0.0,2.0,2.0,E,
Spurs,London Reds,4.57,4.22,1.65,1-1,1.0,1.0,2.0,N,
C. Palace,Sunderland,1.64,4.18,4.76,3-1,3.0,1.0,4.0,D,
Burnley,Leeds,2.02,3.23,3.93,1-4,1.0,4.0,5.0,E,
Fulham,West Ham,1.8,4.0,3.92,2-1,2.0,1.0,3.0,D,
Liverpool,London Blues,1.36,5.21,7.6,1-0,1.0,0.0,1.0,D,
A. Villa,N. Forest,1.37,5.25,7.05,0-0,0.0,0.0,0.0,N,
Manchester Blue,Manchester Red,1.3,5.76,8.7,0-1,0.0,1.0,1.0,E,
Brentford,Wolverhampton,1.53,4.71,5.18,5-0,5.0,0.0,5.0,D,
Everton,Brighton,2.66,3.49,2.52,0-2,0.0,2.0,2.0,E,
West Ham,Leeds,1.62,3.91,5.35,2-1,2.0,1.0,3.0,D,
London Blues,Bournemouth,1.49,4.76,5.62,3-1,3.0,1.0,4.0,D,
N. Forest,Brentford,2.29,3.37,3.07,1-2,1.0,2.0,3.0,E,
Everton,Liverpool,3.52,3.59,2.01,1-1,1.0,1.0,2.0,N,
London Reds,A. Villa,1.37,5.13,7.38,3-2,3.0,2.0,5.0,D,
Sunderland,Fulham,6.9,4.46,1.45,0-2,0.0,2.0,2.0,E,
Wolverhampton,Burnley,1.74,4.1,4.12,0-0,0.0,0.0,0.0,N,
Brighton,Spurs,1.93,4.21,3.28,0-0,0.0,0.0,0.0,N,
Newcastle,Manchester Blue,2.43,3.5,2.75,0-0,0.0,0.0,0.0,N,
Manchester Red,C. Palace,1.86,3.56,4.13,2-2,2.0,2.0,4.0,N,
Brentford,London Reds,4.82,4.28,1.62,2-2,2.0,2.0,4.0,N,
Spurs,Everton,1.64,4.06,4.91,3-0,3.0,0.0,3.0,D,
Fulham,Manchester Red,2.05,3.73,3.29,2-4,2.0,4.0,6.0,E,
A. Villa,Brighton,1.65,4.6,4.26,2-0,2.0,0.0,2.0,D,
Leeds,Sunderland,3.84,3.82,1.86,0-1,0.0,1.0,1.0,E,
Liverpool,Bournemouth,1.23,6.63,10.23,4-0,4.0,0.0,4.0,D,
C. Palace,Newcastle,2.58,3.73,2.48,0-0,0.0,0.0,0.0,N,
West Ham,Wolverhampton,1.8,3.97,3.94,3-0,3.0,0.0,3.0,D,
Manchester Blue,London Blues,1.33,5.63,7.82,0-1,0.0,1.0,1.0,E,
Burnley,N. Forest,2.47,3.42,2.75,1-2,1.0,2.0,3.0,E,
Bournemouth,Manchester Blue,4.96,3.56,1.73,0-1,0.0,1.0,1.0,E,
Newcastle,Fulham,1.47,4.57,6.21,2-1,2.0,1.0,3.0,D,
Everton,A. Villa,2.44,3.12,3.04,1-0,1.0,0.0,1.0,D,
Sunderland,Wolverhampton,4.58,3.83,1.72,0-2,0.0,2.0,2.0,E,
Spurs,Liverpool,2.6,4.24,2.27,1-3,1.0,3.0,4.0,E,
Brighton,Brentford,2.09,3.68,3.22,3-1,3.0,1.0,4.0,D,
Manchester Red,Leeds,1.36,4.71,8.93,3-1,3.0,1.0,4.0,D,
London Reds,Burnley,1.2,7.38,11.32,2-2,2.0,2.0,4.0,N,
London Blues,C. Palace,1.67,3.82,5.01,2-0,2.0,0.0,2.0,D,
N. Forest,West Ham,1.84,3.73,4.03,1-0,1.0,0.0,1.0,D,
Burnley,Brighton,3.7,3.98,1.86,1-1,1.0,1.0,2.0,N,
C. Palace,Bournemouth,1.81,4.03,3.83,1-0,1.0,0.0,1.0,D,
Fulham,London Blues,2.14,3.78,3.04,1-2,1.0,2.0,3.0,E,
Liverpool,Manchester Blue,2.05,3.59,3.41,2-2,2.0,2.0,4.0,N,
A. Villa,Spurs,1.67,4.66,4.05,1-4,1.0,4.0,5.0,E,
Leeds,Newcastle,6.9,4.92,1.41,2-2,2.0,2.0,4.0,N,
West Ham,London Reds,6.4,4.36,1.48,0-1,0.0,1.0,1.0,E,
Wolverhampton,Manchester Red,2.45,3.39,2.81,3-1,3.0,1.0,4.0,D,
Brentford,Everton,1.73,3.83,4.5,0-0,0.0,0.0,0.0,N,
Sunderland,N. Forest,4.59,3.89,1.71,2-3,2.0,3.0,5.0,E,
London Blues,Leeds,1.29,5.2,10.63,1-0,1.0,0.0,1.0,D,
Spurs,Brentford,2.03,4.0,3.15,2-2,2.0,2.0,4.0,N,
Manchester Blue,C. Palace,1.29,5.65,9.26,3-0,3.0,0.0,3.0,D,
Everton,Burnley,1.77,3.8,4.29,2-3,2.0,3.0,5.0,E,
Brighton,West Ham,1.59,4.33,5.04,4-2,4.0,2.0,6.0,D,
Bournemouth,Fulham,2.4,3.28,2.95,0-1,0.0,1.0,1.0,E,
A. Villa,Liverpool,2.16,4.04,2.85,0-3,0.0,3.0,3.0,E,
Newcastle,Wolverhampton,1.25,6.19,10.24,4-1,4.0,1.0,5.0,D,
Manchester Red,N. Forest,1.53,4.32,5.67,2-0,2.0,0.0,2.0,D,
London Reds,Sunderland,1.23,6.67,10.51,1-0,1.0,0.0,1.0,D,
Wolverhampton,London Blues,2.64,3.59,2.48,1-1,1.0,1.0,2.0,N,
Manchester Red,London Reds,4.21,3.58,1.84,1-1,1.0,1.0,2.0,N,
West Ham,Everton,2.0,3.38,3.79,2-1,2.0,1.0,3.0,D,
N. Forest,Newcastle,2.61,3.59,2.51,0-5,0.0,5.0,5.0,E,
Brentford,A. Villa,1.79,4.11,3.87,1-1,1.0,1.0,2.0,N,
Fulham,Manchester Blue,4.6,4.05,1.6800000000000002,0-0,0.0,0.0,0.0,N,
Leeds,Bournemouth,4.22,4.18,1.71,1-1,1.0,1.0,2.0,N,
Sunderland,Brighton,7.87,5.42,1.34,1-4,1.0,4.0,5.0,E,
Burnley,Spurs,3.77,4.0,1.84,1-2,1.0,2.0,3.0,E,
Liverpool,C. Palace,1.35,4.91,8.51,1-1,1.0,1.0,2.0,N,
London Blues,N. Forest,1.44,4.65,6.68,1-2,1.0,2.0,3.0,E,
Spurs,West Ham,1.6,4.61,4.57,1-1,1.0,1.0,2.0,N,
A. Villa,Burnley,1.31,6.04,7.77,3-2,3.0,2.0,5.0,D,
Manchester Blue,Leeds,1.12,8.64,19.9,1-0,1.0,0.0,1.0,D,
Newcastle,London Reds,2.73,3.45,2.48,0-3,0.0,3.0,3.0,E,
Brentford,Liverpool,2.76,4.16,2.19,3-2,3.0,2.0,5.0,D,
Everton,Sunderland,1.88,3.5,4.12,2-2,2.0,2.0,4.0,N,
C. Palace,Fulham,2.14,3.58,3.19,3-2,3.0,2.0,5.0,D,
Brighton,Manchester Red,1.82,3.83,4.03,0-3,0.0,3.0,3.0,E,
Bournemouth,Wolverhampton,1.84,3.63,4.16,1-0,1.0,0.0,1.0,D,
Leeds,C. Palace,5.03,3.74,1.6800000000000002,0-4,0.0,4.0,4.0,E,
Sunderland,Spurs,7.75,5.33,1.35,1-1,1.0,1.0,2.0,N,
London Reds,London Blues,1.42,4.97,6.42,0-0,0.0,0.0,0.0,N,
West Ham,A. Villa,2.25,3.58,2.97,1-0,1.0,0.0,1.0,D,
Newcastle,Brighton,1.49,4.91,5.43,2-2,2.0,2.0,4.0,N,
Burnley,Brentford,3.82,3.39,1.99,2-2,2.0,2.0,4.0,N,
N. Forest,Bournemouth,1.86,3.92,3.77,1-1,1.0,1.0,2.0,N,
Manchester Red,Everton,1.67,3.59,5.49,1-1,1.0,1.0,2.0,N,
Wolverhampton,Manchester Blue,5.34,4.03,1.6,1-4,1.0,4.0,5.0,E,
Liverpool,Fulham,1.35,5.1,7.97,0-1,0.0,1.0,1.0,E,
Bournemouth,London Reds,6.31,3.79,1.57,1-2,1.0,2.0,3.0,E,
Everton,Newcastle,3.03,3.47,2.26,1-0,1.0,0.0,1.0,D,
Fulham,Leeds,1.46,4.43,6.6,3-0,3.0,0.0,3.0,D,
Burnley,Liverpool,5.18,4.2,1.59,1-4,1.0,4.0,5.0,E,
Manchester Blue,N. Forest,1.19,7.28,12.31,3-2,3.0,2.0,5.0,D,
C. Palace,Wolverhampton,1.6800000000000002,4.02,4.63,1-1,1.0,1.0,2.0,N,
London Blues,Brighton,1.77,4.16,3.91,3-0,3.0,0.0,3.0,D,
Spurs,Manchester Red,1.75,4.18,4.02,2-1,2.0,1.0,3.0,D,
Brentford,West Ham,1.69,4.38,4.16,2-1,2.0,1.0,3.0,D,
A. Villa,Sunderland,1.33,5.58,7.65,1-1,1.0,1.0,2.0,N,
Manchester Red,A. Villa,1.87,3.65,3.98,2-1,2.0,1.0,3.0,D,
Sunderland,Brentford,7.67,4.5,1.41,0-5,0.0,5.0,5.0,E,
Newcastle,Spurs,1.45,5.07,5.8100000000000005,2-2,2.0,2.0,4.0,N,
London Reds,Manchester Blue,2.21,3.63,3.01,1-1,1.0,1.0,2.0,N,
London Blues,Everton,1.59,3.74,6.11,1-1,1.0,1.0,2.0,N,
Liverpool,Leeds,1.12,8.13,21.89,3-0,3.0,0.0,3.0,D,
N. Forest,C. Palace,2.12,3.29,3.52,1-0,1.0,0.0,1.0,D,
West Ham,Burnley,1.72,4.29,4.06,2-0,2.0,0.0,2.0,D,
Brighton,Bournemouth,1.64,4.4,4.45,1-0,1.0,0.0,1.0,D,
Wolverhampton,Fulham,2.54,3.45,2.66,0-0,0.0,0.0,0.0,N,
Leeds,Wolverhampton,3.65,3.71,1.93,1-3,1.0,3.0,4.0,E,
West Ham,Liverpool,3.62,4.1,1.85,1-4,1.0,4.0,5.0,E,
A. Villa,Newcastle,1.88,4.17,3.47,1-0,1.0,0.0,1.0,D,
Burnley,Sunderland,2.49,3.45,2.72,0-0,0.0,0.0,0.0,N,
Brentford,Manchester Red,1.83,4.05,3.77,3-2,3.0,2.0,5.0,D,
Bournemouth,Everton,2.07,3.08,3.95,0-1,0.0,1.0,1.0,E,
Spurs,London Blues,1.92,4.21,3.32,0-2,0.0,2.0,2.0,E,
Manchester Blue,Brighton,1.34,5.83,6.94,1-1,1.0,1.0,2.0,N,
C. Palace,London Reds,5.02,3.81,1.67,3-0,3.0,0.0,3.0,D,
Fulham,N. Forest,1.73,4.15,4.15,2-1,2.0,1.0,3.0,D,
Sunderland,West Ham,4.74,3.92,1.6800000000000002,1-2,1.0,2.0,3.0,E,
Everton,Manchester Blue,5.12,3.49,1.73,2-2,2.0,2.0,4.0,N,
Bournemouth,Spurs,2.46,3.73,2.59,1-1,1.0,1.0,2.0,N,
Manchester Red,Burnley,1.45,4.79,6.14,3-3,3.0,3.0,6.0,N,
London Reds,Fulham,1.39,5.03,7.01,3-1,3.0,1.0,4.0,D,
Newcastle,Brentford,1.51,4.4,5.92,0-1,0.0,1.0,1.0,E,
Liverpool,Wolverhampton,1.18,7.28,13.92,4-1,4.0,1.0,5.0,D,
London Blues,A. Villa,1.66,3.94,4.88,1-3,1.0,3.0,4.0,E,
Brighton,C. Palace,1.85,3.72,3.98,4-1,4.0,1.0,5.0,D,
N. Forest,Leeds,1.48,4.1,7.11,1-0,1.0,0.0,1.0,D,
Burnley,Newcastle,4.19,3.92,1.77,2-1,2.0,1.0,3.0,D,
A. Villa,Bournemouth,1.46,5.04,5.69,1-0,1.0,0.0,1.0,D,
C. Palace,Everton,1.91,3.33,4.23,1-0,1.0,0.0,1.0,D,
West Ham,Manchester Red,2.28,3.5700000000000003,2.94,1-1,1.0,1.0,2.0,N,
Sunderland,Liverpool,12.0,6.55,1.21,1-3,1.0,3.0,4.0,E,
Fulham,Brighton,2.24,4.02,2.74,2-1,2.0,1.0,3.0,D,
Leeds,London Reds,18.37,7.4,1.15,0-2,0.0,2.0,2.0,E,
Manchester Blue,Spurs,1.32,6.08,7.17,1-1,1.0,1.0,2.0,N,
Wolverhampton,N. Forest,1.93,3.76,3.61,5-0,5.0,0.0,5.0,D,
Brentford,London Blues,2.04,4.03,3.11,4-0,4.0,0.0,4.0,D,
Manchester Blue,A. Villa,1.28,5.91,9.1,0-2,0.0,2.0,2.0,E,
Newcastle,West Ham,1.27,5.99,9.7,2-0,2.0,0.0,2.0,D,
Liverpool,N. Forest,1.18,7.11,13.56,0-2,0.0,2.0,2.0,E,
Bournemouth,Brentford,2.58,3.3,2.71,0-1,0.0,1.0,1.0,E,
Everton,Fulham,2.5,3.13,2.94,0-1,0.0,1.0,1.0,E,
London Blues,Burnley,1.38,5.16,6.96,0-2,0.0,2.0,2.0,E,
Manchester Red,Sunderland,1.5,4.5,5.82,2-2,2.0,2.0,4.0,N,
Spurs,C. Palace,1.83,4.0,3.78,1-1,1.0,1.0,2.0,N,
London Reds,Wolverhampton,1.25,6.3,10.13,1-1,1.0,1.0,2.0,N,
Brighton,Leeds,1.35,4.94,8.72,0-0,0.0,0.0,0.0,N,
N. Forest,London Reds,4.91,3.7,1.71,1-1,1.0,1.0,2.0,N,
Manchester Red,Liverpool,2.63,3.76,2.42,1-1,1.0,1.0,2.0,N,
Leeds,Everton,3.96,3.31,1.98,1-3,1.0,3.0,4.0,E,
Brentford,Manchester Blue,3.9,4.02,1.8,2-3,2.0,3.0,5.0,E,
Fulham,Spurs,2.24,4.18,2.67,3-2,3.0,2.0,5.0,D,
C. Palace,A. Villa,2.01,3.55,3.56,2-0,2.0,0.0,2.0,D,
West Ham,London Blues,2.44,3.66,2.65,3-1,3.0,1.0,4.0,D,
Sunderland,Newcastle,8.79,5.52,1.31,2-2,2.0,2.0,4.0,N,
Burnley,Bournemouth,2.89,3.62,2.29,0-0,0.0,0.0,0.0,N,
Wolverhampton,Brighton,2.72,3.81,2.33,1-4,1.0,4.0,5.0,E,
Newcastle,Manchester Red,1.41,4.77,7.11,1-2,1.0,2.0,3.0,E,
London Blues,Sunderland,1.45,4.71,6.42,2-2,2.0,2.0,4.0,N,
A. Villa,Fulham,1.69,4.11,4.45,1-2,1.0,2.0,3.0,E,
Spurs,Leeds,1.32,5.37,8.41,2-2,2.0,2.0,4.0,N,
Manchester Blue,Burnley,1.16,8.36,13.18,2-2,2.0,2.0,4.0,N,
C. Palace,Brentford,2.25,3.48,3.06,2-2,2.0,2.0,4.0,N,
Brighton,N. Forest,1.51,4.6,5.58,0-2,0.0,2.0,2.0,E,
Bournemouth,West Ham,2.01,3.49,3.62,2-2,2.0,2.0,4.0,N,
Everton,Wolverhampton,1.92,3.43,4.04,0-0,0.0,0.0,0.0,N,
Liverpool,London Reds,2.31,3.38,3.01,3-1,3.0,1.0,4.0,D,
Wolverhampton,Spurs,2.7,3.91,2.3,4-1,4.0,1.0,5.0,D,
Leeds,A. Villa,5.05,3.97,1.64,0-3,0.0,3.0,3.0,E,
West Ham,Manchester Blue,5.18,4.04,1.61,3-1,3.0,1.0,4.0,D,
Sunderland,Bournemouth,5.13,4.38,1.57,0-3,0.0,3.0,3.0,E,
Manchester Red,London Blues,1.88,3.78,3.78,1-2,1.0,2.0,3.0,E,
Newcastle,Liverpool,1.76,4.21,3.91,1-0,1.0,0.0,1.0,D,
N. Forest,Everton,1.89,3.23,4.49,1-1,1.0,1.0,2.0,N,
London Reds,Brighton,1.44,5.3,5.73,0-1,0.0,1.0,1.0,E,
Burnley,C. Palace,3.23,3.2,2.29,1-3,1.0,3.0,4.0,E,
Fulham,Brentford,2.32,3.58,2.86,0-1,0.0,1.0,1.0,E,
A. Villa,Wolverhampton,1.39,5.16,6.85,3-2,3.0,2.0,5.0,D,
London Blues,Newcastle,1.93,3.86,3.55,2-2,2.0,2.0,4.0,N,
Bournemouth,Manchester Red,2.25,3.32,3.17,2-1,2.0,1.0,3.0,D,
Manchester Blue,Sunderland,1.17,7.7,13.05,2-1,2.0,1.0,3.0,D,
Liverpool,Brighton,1.37,5.45,6.71,4-1,4.0,1.0,5.0,D,
Everton,London Reds,6.32,3.64,1.6,1-1,1.0,1.0,2.0,N,
C. Palace,West Ham,1.84,3.84,3.91,0-3,0.0,3.0,3.0,E,
Fulham,Burnley,1.56,4.7,4.88,2-1,2.0,1.0,3.0,D,
Spurs,N. Forest,1.53,4.84,5.05,0-1,0.0,1.0,1.0,E,
Brentford,Leeds,1.37,5.04,7.58,4-2,4.0,2.0,6.0,D,
Manchester Red,A. Villa,1.79,3.69,4.32,2-1,2.0,1.0,3.0,D,
London Blues,Brentford,1.86,3.68,4.0,1-3,1.0,3.0,4.0,E,
Bournemouth,Leeds,1.58,3.75,6.22,,,,,,
Manchester Blue,Liverpool,1.58,4.8,4.58,3-2,3.0,2.0,5.0,D,
Spurs,N. Forest,1.5,4.92,5.32,2-1,2.0,1.0,3.0,D,
Fulham,West Ham,1.84,3.99,3.78,1-0,1.0,0.0,1.0,D,
London Reds,Newcastle,1.52,4.79,5.19,3-3,3.0,3.0,6.0,N,
Sunderland,Brighton,7.66,5.46,1.34,0-2,0.0,2.0,2.0,E,
Burnley,Wolverhampton,2.52,3.36,2.74,1-2,1.0,2.0,3.0,E,
Everton,C. Palace,2.38,3.08,3.17,1-1,1.0,1.0,2.0,N,
Fulham,Burnley,1.57,4.63,4.86,2-1,2.0,1.0,3.0,D,
Wolverhampton,London Blues,2.54,3.51,2.62,1-3,1.0,3.0,4.0,E,
Leeds,Manchester Red,4.98,3.89,1.66,1-2,1.0,2.0,3.0,E,
A. Villa,N. Forest,1.38,5.14,6.98,3-1,3.0,1.0,4.0,D,
Brentford,Everton,1.6800000000000002,3.92,4.79,1-3,1.0,3.0,4.0,E,
C. Palace,Bournemouth,1.87,4.0,3.62,2-1,2.0,1.0,3.0,D,
West Ham,Sunderland,1.8,4.02,3.9,1-1,1.0,1.0,2.0,N,
Liverpool,London Reds,2.34,3.49,2.89,0-4,0.0,4.0,4.0,E,
Newcastle,Spurs,1.49,4.94,5.33,0-1,0.0,1.0,1.0,E,
Brighton,Manchester Blue,3.56,3.68,1.97,0-1,0.0,1.0,1.0,E,
Sunderland,Burnley,3.91,4.0,1.8,1-1,1.0,1.0,2.0,N,
N. Forest,Newcastle,2.56,3.59,2.55,1-2,1.0,2.0,3.0,E,
London Reds,Brighton,1.42,5.34,5.89,2-1,2.0,1.0,3.0,D,
Leeds,A. Villa,5.23,4.05,1.61,2-1,2.0,1.0,3.0,D,
London Blues,Fulham,1.76,3.83,4.35,2-0,2.0,0.0,2.0,D,
Manchester Blue,West Ham,1.21,6.95,11.14,1-1,1.0,1.0,2.0,N,
Spurs,Liverpool,2.67,4.16,2.25,3-3,3.0,3.0,6.0,N,
Manchester Red,C. Palace,1.9,3.52,4.01,2-1,2.0,1.0,3.0,D,
Everton,Wolverhampton,1.9,3.4,4.17,2-2,2.0,2.0,4.0,N,
Bournemouth,Brentford,2.64,3.23,2.69,0-0,0.0,0.0,0.0,N,
C. Palace,Leeds,1.48,4.2,6.83,0-0,0.0,0.0,0.0,N,
Burnley,Manchester Blue,7.8,4.36,1.42,2-3,2.0,3.0,5.0,E,
Liverpool,N. Forest,1.19,7.05,13.03,2-1,2.0,1.0,3.0,D,
West Ham,London Reds,6.2,4.36,1.49,1-2,1.0,2.0,3.0,E,
Wolverhampton,Bournemouth,2.14,3.81,3.03,2-1,2.0,1.0,3.0,D,
Brighton,Spurs,2.03,4.12,3.07,1-1,1.0,1.0,2.0,N,
Fulham,Everton,1.81,3.58,4.37,2-2,2.0,2.0,4.0,N,
Sunderland,London Blues,6.51,4.5,1.46,1-2,1.0,2.0,3.0,E,
Brentford,Manchester Red,1.88,3.97,3.61,2-0,2.0,0.0,2.0,D,
A. Villa,Newcastle,1.87,4.16,3.53,1-1,1.0,1.0,2.0,N,
Leeds,Brentford,5.96,4.2,1.53,1-1,1.0,1.0,2.0,N,
Everton,Sunderland,1.94,3.49,3.87,2-2,2.0,2.0,4.0,N,
C. Palace,A. Villa,2.03,3.63,3.44,1-2,1.0,2.0,3.0,E,
Manchester Red,Wolverhampton,1.51,4.37,5.87,1-0,1.0,0.0,1.0,D,
Newcastle,Liverpool,1.84,4.13,3.66,2-2,2.0,2.0,4.0,N,
Spurs,West Ham,1.58,4.66,4.69,1-3,1.0,3.0,4.0,E,
Manchester Blue,London Blues,1.31,5.77,7.94,0-0,0.0,0.0,0.0,N,
N. Forest,Brighton,2.14,3.81,3.02,1-1,1.0,1.0,2.0,N,
London Reds,Burnley,1.19,7.43,11.47,1-1,1.0,1.0,2.0,N,
Bournemouth,Fulham,2.56,3.3,2.73,0-2,0.0,2.0,2.0,E,
Wolverhampton,Leeds,1.67,3.67,5.29,1-1,1.0,1.0,2.0,N,
London Blues,London Reds,3.71,3.46,2.0,2-0,2.0,0.0,2.0,D,
Brentford,C. Palace,2.0,3.81,3.36,1-1,1.0,1.0,2.0,N,
West Ham,N. Forest,1.82,3.94,3.87,3-1,3.0,1.0,4.0,D,
Brighton,Newcastle,2.27,3.86,2.77,0-2,0.0,2.0,2.0,E,
Burnley,Spurs,3.59,3.93,1.9,0-3,0.0,3.0,3.0,E,
Manchester Blue,Everton,1.23,6.06,11.97,4-1,4.0,1.0,5.0,D,
Sunderland,Bournemouth,5.44,4.43,1.54,0-5,0.0,5.0,5.0,E,
Fulham,Manchester Red,2.0,3.77,3.4,2-0,2.0,0.0,2.0,D,
A. Villa,Liverpool,2.16,4.13,2.8200000000000003,2-0,2.0,0.0,2.0,D,
Brentford,A. Villa,1.84,4.06,3.69,0-0,0.0,0.0,0.0,N,
Manchester Red,Sunderland,1.48,4.57,6.13,1-1,1.0,1.0,2.0,N,
N. Forest,Burnley,1.55,4.39,5.38,2-1,2.0,1.0,3.0,D,
Spurs,London Blues,2.0,4.1,3.16,2-1,2.0,1.0,3.0,D,
Leeds,Fulham,5.68,4.19,1.55,0-4,0.0,4.0,4.0,E,
Newcastle,West Ham,1.28,5.78,9.35,0-1,0.0,1.0,1.0,E,
Liverpool,Brighton,1.38,5.33,6.77,2-0,2.0,0.0,2.0,D,
C. Palace,Wolverhampton,1.72,3.9,4.53,5-1,5.0,1.0,6.0,D,
London Reds,Everton,1.3,5.28,9.92,1-3,1.0,3.0,4.0,E,
Bournemouth,Manchester Blue,4.9,3.59,1.73,0-1,0.0,1.0,1.0,E,
Burnley,Newcastle,4.2,3.89,1.77,1-2,1.0,2.0,3.0,E,
Sunderland,Leeds,3.32,3.24,2.22,1-1,1.0,1.0,2.0,N,
A. Villa,Brighton,1.6800000000000002,4.54,4.11,2-2,2.0,2.0,4.0,N,
Manchester Blue,Manchester Red,1.28,5.9,9.03,4-1,4.0,1.0,5.0,D,
London Reds,Bournemouth,1.29,6.07,8.47,2-0,2.0,0.0,2.0,D,
Fulham,C. Palace,2.13,3.55,3.24,1-2,1.0,2.0,3.0,E,
Wolverhampton,Brentford,2.73,3.46,2.47,3-1,3.0,1.0,4.0,D,
London Blues,N. Forest,1.43,4.71,6.83,2-1,2.0,1.0,3.0,D,
West Ham,Liverpool,3.49,4.05,1.9,0-0,0.0,0.0,0.0,N,
Everton,Spurs,2.71,3.59,2.42,2-0,2.0,0.0,2.0,D,
Wolverhampton,A. Villa,2.38,3.42,2.89,3-2,3.0,2.0,5.0,D,
Leeds,Manchester Blue,15.6,6.79,1.18,1-2,1.0,2.0,3.0,E,
Spurs,Bournemouth,1.7000000000000002,4.59,3.92,3-0,3.0,0.0,3.0,D,
Newcastle,London Blues,1.47,4.72,6.01,4-1,4.0,1.0,5.0,D,
N. Forest,Everton,1.91,3.22,4.42,0-0,0.0,0.0,0.0,N,
Liverpool,Burnley,1.15,8.05,14.31,3-0,3.0,0.0,3.0,D,
C. Palace,Sunderland,1.66,4.1,4.66,3-0,3.0,0.0,3.0,D,
Manchester Red,London Reds,4.24,3.48,1.86,1-4,1.0,4.0,5.0,E,
Brentford,Fulham,1.99,4.01,3.26,1-2,1.0,2.0,3.0,E,
Brighton,West Ham,1.64,4.29,4.64,2-1,2.0,1.0,3.0,D,
Bournemouth,N. Forest,1.88,3.62,3.96,2-2,2.0,2.0,4.0,N,
Spurs,Manchester Red,1.82,4.12,3.74,1-0,1.0,0.0,1.0,D,
London Reds,Leeds,1.13,8.01,18.76,0-3,0.0,3.0,3.0,E,
Burnley,Brighton,3.83,3.95,1.83,2-1,2.0,1.0,3.0,D,
A. Villa,West Ham,1.41,5.03,6.61,4-1,4.0,1.0,5.0,D,
Fulham,Wolverhampton,1.67,4.18,4.47,3-2,3.0,2.0,5.0,D,
Manchester Blue,C. Palace,1.29,5.71,9.26,2-2,2.0,2.0,4.0,N,
Everton,Newcastle,2.8200000000000003,3.39,2.43,2-0,2.0,0.0,2.0,D,
London Blues,Liverpool,2.26,3.83,2.81,3-0,3.0,0.0,3.0,D,
Sunderland,Brentford,7.95,4.59,1.4,0-0,0.0,0.0,0.0,N,
Brentford,Manchester Blue,3.71,4.03,1.84,1-4,1.0,4.0,5.0,E,
Newcastle,Bournemouth,1.32,5.74,7.86,1-3,1.0,3.0,4.0,E,
Fulham,A. Villa,2.1,3.69,3.21,2-0,2.0,0.0,2.0,D,
Leeds,Spurs,6.03,4.97,1.44,3-0,3.0,0.0,3.0,D,
N. Forest,Manchester Red,2.05,3.43,3.56,3-2,3.0,2.0,5.0,D,
Brighton,London Blues,1.9,3.93,3.5700000000000003,2-2,2.0,2.0,4.0,N,
C. Palace,London Reds,5.17,3.85,1.65,0-1,0.0,1.0,1.0,E,
Wolverhampton,Sunderland,1.93,3.76,3.63,2-2,2.0,2.0,4.0,N,
West Ham,Burnley,1.7000000000000002,4.35,4.12,1-2,1.0,2.0,3.0,E,
Liverpool,Everton,1.26,5.47,11.98,3-1,3.0,1.0,4.0,D,
Spurs,C. Palace,1.82,4.02,3.81,3-1,3.0,1.0,4.0,D,
A. Villa,Burnley,1.28,6.18,8.37,3-0,3.0,0.0,3.0,D,
London Reds,Brentford,1.46,4.61,6.24,0-2,0.0,2.0,2.0,E,
Everton,Brighton,2.61,3.51,2.55,2-1,2.0,1.0,3.0,D,
Bournemouth,Liverpool,3.6,3.78,1.93,2-1,2.0,1.0,3.0,D,
N. Forest,Leeds,1.47,4.16,7.13,1-1,1.0,1.0,2.0,N,
Manchester Red,Newcastle,2.21,3.75,2.94,0-2,0.0,2.0,2.0,E,
Sunderland,Fulham,7.14,4.44,1.44,1-4,1.0,4.0,5.0,E,
London Blues,West Ham,1.51,4.44,5.77,0-1,0.0,1.0,1.0,E,
Manchester Blue,Wolverhampton,1.17,7.58,13.6,1-0,1.0,0.0,1.0,D,
Fulham,Manchester Blue,4.48,3.98,1.71,2-3,2.0,3.0,5.0,E,
C. Palace,N. Forest,1.71,4.01,4.45,3-0,3.0,0.0,3.0,D,
Wolverhampton,London Reds,6.57,4.06,1.51,0-3,0.0,3.0,3.0,E,
Brighton,Bournemouth,1.61,4.52,4.6,2-1,2.0,1.0,3.0,D,
Newcastle,Leeds,1.16,7.06,16.82,2-0,2.0,0.0,2.0,D,
Brentford,Spurs,2.0,4.38,3.02,1-0,1.0,0.0,1.0,D,
Sunderland,A. Villa,6.2,4.09,1.53,1-0,1.0,0.0,1.0,D,
Burnley,London Blues,3.51,3.56,2.02,2-3,2.0,3.0,5.0,E,
West Ham,Everton,2.05,3.36,3.66,0-2,0.0,2.0,2.0,E,
Liverpool,Manchester Red,1.3,5.47,9.43,3-2,3.0,2.0,5.0,D,
N. Forest,Brentford,2.31,3.41,3.0,0-1,0.0,1.0,1.0,E,
Manchester Blue,Sunderland,1.19,7.42,12.2,4-1,4.0,1.0,5.0,D,
Spurs,Wolverhampton,1.49,4.91,5.36,1-1,1.0,1.0,2.0,N,
Newcastle,C. Palace,1.44,4.54,6.79,2-0,2.0,0.0,2.0,D,
Everton,Burnley,1.79,3.77,4.25,2-0,2.0,0.0,2.0,D,
London Reds,Fulham,1.41,4.97,6.64,0-1,0.0,1.0,1.0,E,
Bournemouth,West Ham,1.98,3.59,3.63,2-1,2.0,1.0,3.0,D,
A. Villa,London Blues,1.72,4.2,4.18,3-1,3.0,1.0,4.0,D,
Manchester Red,Brighton,1.97,3.93,3.36,1-0,1.0,0.0,1.0,D,
Leeds,Liverpool,9.76,6.08,1.26,3-2,3.0,2.0,5.0,D,
Sunderland,London Reds,22.76,7.85,1.13,0-4,0.0,4.0,4.0,E,
Wolverhampton,N. Forest,1.96,3.69,3.6,1-2,1.0,2.0,3.0,E,
West Ham,Manchester Red,2.26,3.58,2.96,3-0,3.0,0.0,3.0,D,
Fulham,Spurs,2.26,4.08,2.69,2-1,2.0,1.0,3.0,D,
Manchester Blue,A. Villa,1.26,6.11,9.59,3-1,3.0,1.0,4.0,D,
Brighton,Leeds,1.37,4.76,8.15,2-0,2.0,0.0,2.0,D,
Liverpool,C. Palace,1.29,5.37,9.85,0-2,0.0,2.0,2.0,E,
London Blues,Everton,1.57,3.77,6.28,3-0,3.0,0.0,3.0,D,
Brentford,Newcastle,2.39,4.16,2.49,3-2,3.0,2.0,5.0,D,
Burnley,Bournemouth,2.85,3.68,2.28,1-1,1.0,1.0,2.0,N,
Newcastle,Wolverhampton,1.25,6.03,10.5,4-2,4.0,2.0,6.0,D,
C. Palace,Brighton,2.27,3.9,2.76,0-1,0.0,1.0,1.0,E,
A. Villa,Everton,1.46,4.39,6.85,0-1,0.0,1.0,1.0,E,
Spurs,Sunderland,1.52,4.9,5.04,3-3,3.0,3.0,6.0,N,
Liverpool,Brentford,1.39,4.87,7.44,4-1,4.0,1.0,5.0,D,
London Reds,Manchester Blue,2.24,3.65,2.94,1-0,1.0,0.0,1.0,D,
Bournemouth,London Blues,2.39,3.4,2.88,4-1,4.0,1.0,5.0,D,
Manchester Red,Burnley,1.4,5.07,6.78,1-3,1.0,3.0,4.0,E,
Leeds,West Ham,4.33,3.94,1.74,1-1,1.0,1.0,2.0,N,
N. Forest,Fulham,2.23,3.42,3.14,0-2,0.0,2.0,2.0,E,
Everton,Bournemouth,2.22,3.51,3.09,1-4,1.0,4.0,5.0,E,
Burnley,Leeds,1.98,3.32,3.94,3-1,3.0,1.0,4.0,D,
Brighton,Brentford,1.97,3.75,3.5,4-1,4.0,1.0,5.0,D,
London Reds,A. Villa,1.37,5.16,7.47,3-1,3.0,1.0,4.0,D,
West Ham,C. Palace,2.33,3.44,2.94,1-1,1.0,1.0,2.0,N,
London Blues,Manchester Red,1.67,3.96,4.8100000000000005,3-2,3.0,2.0,5.0,D,
Fulham,Newcastle,2.55,3.89,2.44,2-1,2.0,1.0,3.0,D,
Manchester Blue,Spurs,1.34,5.93,6.77,6-0,6.0,0.0,6.0,D,
Wolverhampton,Liverpool,3.83,4.01,1.82,1-2,1.0,2.0,3.0,E,
Sunderland,N. Forest,4.51,3.8,1.74,1-1,1.0,1.0,2.0,N,
Liverpool,Fulham,1.36,5.05,7.85,1-2,1.0,2.0,3.0,E,
Brentford,West Ham,1.65,4.44,4.38,3-1,3.0,1.0,4.0,D,
C. Palace,Burnley,1.56,4.5600000000000005,5.05,4-0,4.0,0.0,4.0,D,
N. Forest,Manchester Blue,4.16,3.5700000000000003,1.85,0-5,0.0,5.0,5.0,E,
Newcastle,Sunderland,1.24,6.23,10.5,3-1,3.0,1.0,4.0,D,
Brighton,Wolverhampton,1.5,4.53,5.85,1-2,1.0,2.0,3.0,E,
Leeds,London Blues,5.87,4.44,1.5,2-2,2.0,2.0,4.0,N,
A. Villa,Bournemouth,1.49,4.92,5.43,2-0,2.0,0.0,2.0,D,
Spurs,London Reds,4.44,4.18,1.6800000000000002,2-0,2.0,0.0,2.0,D,
Manchester Red,Everton,1.6800000000000002,3.5700000000000003,5.44,4-1,4.0,1.0,5.0,D,
Manchester Blue,Newcastle,1.39,5.39,6.46,2-1,2.0,1.0,3.0,D,
Spurs,A. Villa,1.8,4.16,3.78,3-2,3.0,2.0,5.0,D,
London Reds,N. Forest,1.22,6.61,10.94,0-1,0.0,1.0,1.0,E,
London Blues,C. Palace,1.7000000000000002,3.74,4.89,2-0,2.0,0.0,2.0,D,
West Ham,Wolverhampton,1.84,3.9,3.85,3-1,3.0,1.0,4.0,D,
Everton,Leeds,1.64,3.52,6.0,1-0,1.0,0.0,1.0,D,
Fulham,Brighton,2.34,4.1,2.58,2-1,2.0,1.0,3.0,D,
Bournemouth,Manchester Red,2.34,3.28,3.05,0-0,0.0,0.0,0.0,N,
Burnley,Brentford,3.78,3.41,1.99,1-2,1.0,2.0,3.0,E,
Sunderland,Liverpool,11.85,6.62,1.21,0-2,0.0,2.0,2.0,E,
A. Villa,Manchester Red,1.58,4.33,5.09,0-0,0.0,0.0,0.0,N,
Brentford,London Blues,1.94,4.17,3.29,1-1,1.0,1.0,2.0,N,
Leeds,Bournemouth,4.46,4.24,1.67,1-1,1.0,1.0,2.0,N,
Liverpool,Manchester Blue,2.0,3.64,3.5,2-2,2.0,2.0,4.0,N,
N. Forest,Spurs,2.24,3.85,2.83,1-2,1.0,2.0,3.0,E,
West Ham,Fulham,2.44,3.55,2.71,1-5,1.0,5.0,6.0,E,
Newcastle,London Reds,2.71,3.41,2.52,0-3,0.0,3.0,3.0,E,
Brighton,Sunderland,1.49,4.69,5.72,1-2,1.0,2.0,3.0,E,
Wolverhampton,Burnley,1.78,4.07,3.97,1-3,1.0,3.0,4.0,E,
C. Palace,Everton,1.88,3.39,4.28,1-0,1.0,0.0,1.0,D,
Burnley,Fulham,3.61,3.42,2.04,4-0,4.0,0.0,4.0,D,
London Blues,Wolverhampton,1.4,4.83,7.13,3-0,3.0,0.0,3.0,D,
Manchester Red,Leeds,1.37,4.66,8.61,3-1,3.0,1.0,4.0,D,
N. Forest,A. Villa,2.0,3.48,3.66,0-2,0.0,2.0,2.0,E,
Everton,Brentford,2.74,3.09,2.69,2-0,2.0,0.0,2.0,D,
Bournemouth,C. Palace,2.34,3.15,3.17,1-0,1.0,0.0,1.0,D,
Sunderland,West Ham,4.75,3.89,1.69,0-0,0.0,0.0,0.0,N,
London Reds,Liverpool,1.73,4.42,3.92,3-1,3.0,1.0,4.0,D,
Spurs,Newcastle,2.22,4.2,2.69,2-3,2.0,3.0,5.0,E,
Manchester Blue,Brighton,1.34,5.9,6.96,4-1,4.0,1.0,5.0,D,
Burnley,Sunderland,2.38,3.48,2.83,2-1,2.0,1.0,3.0,D,
Newcastle,N. Forest,1.25,6.18,10.08,1-0,1.0,0.0,1.0,D,
Brighton,London Reds,4.33,3.79,1.77,1-1,1.0,1.0,2.0,N,
A. Villa,Leeds,1.24,6.03,11.29,0-1,0.0,1.0,1.0,E,
Fulham,London Blues,2.13,3.8,3.05,3-0,3.0,0.0,3.0,D,
West Ham,Manchester Blue,5.37,4.17,1.58,0-5,0.0,5.0,5.0,E,
Liverpool,Spurs,1.36,5.5,6.93,3-1,3.0,1.0,4.0,D,
C. Palace,Manchester Red,2.06,3.54,3.43,2-1,2.0,1.0,3.0,D,
Wolverhampton,Everton,2.13,3.14,3.69,0-1,0.0,1.0,1.0,E,
Brentford,Bournemouth,1.7000000000000002,4.55,3.97,4-2,4.0,2.0,6.0,D,
Leeds,C. Palace,4.89,3.75,1.7000000000000002,1-2,1.0,2.0,3.0,E,
Manchester Blue,Burnley,1.16,8.23,13.04,0-1,0.0,1.0,1.0,E,
N. Forest,Liverpool,2.91,3.73,2.23,1-1,1.0,1.0,2.0,N,
London Reds,West Ham,1.25,6.29,9.84,4-1,4.0,1.0,5.0,D,
Bournemouth,Wolverhampton,1.82,3.63,4.25,2-0,2.0,0.0,2.0,D,
Spurs,Brighton,1.99,4.45,3.0,3-1,3.0,1.0,4.0,D,
Everton,Fulham,2.65,3.15,2.73,1-1,1.0,1.0,2.0,N,
London Blues,Sunderland,1.41,4.84,6.92,4-0,4.0,0.0,4.0,D,
Manchester Red,Brentford,2.01,3.58,3.53,1-0,1.0,0.0,1.0,D,
Newcastle,A. Villa,1.4,4.82,7.18,4-1,4.0,1.0,5.0,D,
Brentford,Leeds,1.38,5.03,7.43,1-2,1.0,2.0,3.0,E,
Sunderland,Everton,4.78,3.31,1.82,0-2,0.0,2.0,2.0,E,
A. Villa,C. Palace,1.57,4.27,5.26,0-2,0.0,2.0,2.0,E,
Wolverhampton,Manchester Red,2.37,3.45,2.88,0-2,0.0,2.0,2.0,E,
Liverpool,Newcastle,1.45,4.9,6.01,3-0,3.0,0.0,3.0,D,
West Ham,Spurs,2.47,4.01,2.46,2-1,2.0,1.0,3.0,D,
London Blues,Manchester Blue,3.15,3.48,2.2,1-1,1.0,1.0,2.0,N,
Brighton,N. Forest,1.55,4.44,5.28,1-2,1.0,2.0,3.0,E,
Burnley,London Reds,10.35,4.88,1.32,0-0,0.0,0.0,0.0,N,
Fulham,Bournemouth,1.83,4.26,3.59,1-2,1.0,2.0,3.0,E,
Leeds,Wolverhampton,3.69,3.7,1.93,1-5,1.0,5.0,6.0,E,
London Reds,London Blues,1.41,5.06,6.55,2-0,2.0,0.0,2.0,D,
C. Palace,Brentford,2.3,3.48,2.96,0-2,0.0,2.0,2.0,E,
N. Forest,West Ham,1.77,3.78,4.35,0-0,0.0,0.0,0.0,N,
Newcastle,Brighton,1.46,5.02,5.72,4-1,4.0,1.0,5.0,D,
Spurs,Burnley,1.45,5.28,5.52,4-1,4.0,1.0,5.0,D,
Everton,Manchester Blue,5.16,3.5,1.72,1-2,1.0,2.0,3.0,E,
Bournemouth,Sunderland,1.83,3.73,4.07,6-0,6.0,0.0,6.0,D,
Manchester Red,Fulham,1.93,3.58,3.79,1-0,1.0,0.0,1.0,D,
Liverpool,A. Villa,1.29,5.51,9.69,4-0,4.0,0.0,4.0,D,
A. Villa,Brentford,1.71,4.06,4.4,1-2,1.0,2.0,3.0,E,
Sunderland,Manchester Red,6.1,4.03,1.54,1-2,1.0,2.0,3.0,E,
Burnley,N. Forest,2.56,3.39,2.67,1-1,1.0,1.0,2.0,N,
London Blues,Spurs,1.72,4.34,4.03,0-0,0.0,0.0,0.0,N,
Fulham,Leeds,1.45,4.47,6.73,2-1,2.0,1.0,3.0,D,
West Ham,Newcastle,2.97,3.91,2.14,0-2,0.0,2.0,2.0,E,
Brighton,Liverpool,2.55,3.96,2.41,1-1,1.0,1.0,2.0,N,
Wolverhampton,C. Palace,2.48,3.33,2.81,3-1,3.0,1.0,4.0,D,
Everton,London Reds,6.07,3.6,1.62,0-2,0.0,2.0,2.0,E,
Manchester Blue,Bournemouth,1.23,6.93,9.75,3-2,3.0,2.0,5.0,D,
Newcastle,Burnley,1.21,7.04,11.34,5-1,5.0,1.0,6.0,D,
Leeds,Sunderland,3.62,3.73,1.94,0-0,0.0,0.0,0.0,N,
Brighton,A. Villa,1.86,3.79,3.86,1-1,1.0,1.0,2.0,N,
Manchester Red,Manchester Blue,3.48,3.5,2.05,0-3,0.0,3.0,3.0,E,
Bournemouth,London Reds,5.85,3.75,1.61,1-3,1.0,3.0,4.0,E,
C. Palace,Fulham,2.23,3.51,3.06,3-1,3.0,1.0,4.0,D,
Brentford,Wolverhampton,1.54,4.64,5.09,1-1,1.0,1.0,2.0,N,
N. Forest,London Blues,2.15,3.55,3.2,2-0,2.0,0.0,2.0,D,
Liverpool,West Ham,1.22,6.6,11.45,4-0,4.0,0.0,4.0,D,
Spurs,Everton,1.65,4.08,4.83,4-2,4.0,2.0,6.0,D,
A. Villa,Wolverhampton,1.35,5.33,7.54,3-3,3.0,3.0,6.0,N,
Manchester Blue,Leeds,1.11,8.85,20.7,3-0,3.0,0.0,3.0,D,
Bournemouth,Spurs,2.5,3.73,2.55,1-2,1.0,2.0,3.0,E,
London Blues,Newcastle,2.0,3.87,3.31,2-1,2.0,1.0,3.0,D,
Everton,N. Forest,1.96,3.4,3.91,3-2,3.0,2.0,5.0,D,
Burnley,Liverpool,5.48,4.36,1.54,1-0,1.0,0.0,1.0,D,
Sunderland,C. Palace,6.08,4.02,1.55,0-0,0.0,0.0,0.0,N,
London Reds,Manchester Red,1.36,5.18,7.52,4-0,4.0,0.0,4.0,D,
Fulham,Brentford,2.39,3.62,2.73,1-1,1.0,1.0,2.0,N,
West Ham,Brighton,2.49,3.99,2.45,1-1,1.0,1.0,2.0,N,
N. Forest,Bournemouth,1.84,3.92,3.85,2-1,2.0,1.0,3.0,D,
Manchester Red,Spurs,1.99,3.99,3.26,3-2,3.0,2.0,5.0,D,
Leeds,London Reds,18.66,7.08,1.16,0-1,0.0,1.0,1.0,E,
Brighton,Burnley,1.48,4.92,5.58,3-2,3.0,2.0,5.0,D,
West Ham,A. Villa,2.17,3.64,3.08,3-0,3.0,0.0,3.0,D,
Wolverhampton,Fulham,2.65,3.41,2.5700000000000003,1-0,1.0,0.0,1.0,D,
C. Palace,Manchester Blue,4.47,3.79,1.75,1-2,1.0,2.0,3.0,E,
Newcastle,Everton,1.32,5.0,9.8,0-0,0.0,0.0,0.0,N,
Liverpool,London Blues,1.34,5.3,8.06,2-0,2.0,0.0,2.0,D,
Brentford,Sunderland,1.57,4.73,4.74,1-2,1.0,2.0,3.0,E,
Manchester Blue,Brentford,1.35,5.31,7.63,3-1,3.0,1.0,4.0,D,
Bournemouth,Newcastle,2.86,3.5700000000000003,2.32,2-0,2.0,0.0,2.0,D,
A. Villa,Fulham,1.63,4.23,4.76,1-3,1.0,3.0,4.0,E,
Spurs,Leeds,1.34,5.27,7.91,1-2,1.0,2.0,3.0,E,
Manchester Red,N. Forest,1.52,4.31,5.86,3-1,3.0,1.0,4.0,D,
London Blues,Brighton,1.75,4.22,4.0,3-1,3.0,1.0,4.0,D,
London Reds,C. Palace,1.37,5.04,7.61,2-0,2.0,0.0,2.0,D,
Sunderland,Wolverhampton,4.07,3.72,1.83,1-2,1.0,2.0,3.0,E,
Burnley,West Ham,2.6,3.43,2.6,1-0,1.0,0.0,1.0,D,
Everton,Liverpool,3.79,3.58,1.94,3-1,3.0,1.0,4.0,D,
C. Palace,Spurs,2.26,3.93,2.76,0-1,0.0,1.0,1.0,E,
Burnley,A. Villa,3.2,3.36,2.22,1-3,1.0,3.0,4.0,E,
Brentford,London Reds,4.82,4.19,1.63,1-3,1.0,3.0,4.0,E,
Brighton,Everton,1.6800000000000002,3.71,5.1,2-0,2.0,0.0,2.0,D,
Liverpool,Bournemouth,1.23,6.59,10.36,4-0,4.0,0.0,4.0,D,
Leeds,N. Forest,3.5700000000000003,3.68,1.97,1-1,1.0,1.0,2.0,N,
Newcastle,Manchester Red,1.39,4.88,7.35,3-2,3.0,2.0,5.0,D,
Fulham,Sunderland,1.67,4.29,4.36,3-2,3.0,2.0,5.0,D,
West Ham,London Blues,2.48,3.72,2.58,2-3,2.0,3.0,5.0,E,
Wolverhampton,Manchester Blue,5.62,3.97,1.59,1-2,1.0,2.0,3.0,E,
Manchester Blue,Fulham,1.32,5.57,8.08,3-1,3.0,1.0,4.0,D,
N. Forest,C. Palace,2.13,3.27,3.51,2-1,2.0,1.0,3.0,D,
London Reds,Wolverhampton,1.25,6.24,10.19,0-3,0.0,3.0,3.0,E,
Bournemouth,Brighton,2.4,3.68,2.69,1-1,1.0,1.0,2.0,N,
Leeds,Newcastle,7.22,5.0,1.39,3-3,3.0,3.0,6.0,N,
Spurs,Brentford,1.99,3.99,3.25,3-2,3.0,2.0,5.0,D,
A. Villa,Sunderland,1.34,5.5600000000000005,7.38,2-0,2.0,0.0,2.0,D,
London Blues,Burnley,1.35,5.41,7.52,5-1,5.0,1.0,6.0,D,
Everton,West Ham,2.07,3.33,3.6,0-1,0.0,1.0,1.0,E,
Manchester Red,Liverpool,2.56,3.72,2.49,2-1,2.0,1.0,3.0,D,
Brentford,N. Forest,1.55,4.68,5.03,3-1,3.0,1.0,4.0,D,
Sunderland,Manchester Blue,19.27,7.42,1.15,2-1,2.0,1.0,3.0,D,
Wolverhampton,Spurs,2.77,3.88,2.26,0-4,0.0,4.0,4.0,E,
C. Palace,Newcastle,2.61,3.77,2.43,1-2,1.0,2.0,3.0,E,
Burnley,Everton,2.72,2.96,2.8200000000000003,0-0,0.0,0.0,0.0,N,
Fulham,London Reds,5.31,4.2,1.58,2-2,2.0,2.0,4.0,N,
West Ham,Bournemouth,2.02,4.0,3.18,3-2,3.0,2.0,5.0,D,
London Blues,A. Villa,1.7000000000000002,3.88,4.64,2-1,2.0,1.0,3.0,D,
Brighton,Manchester Red,1.82,3.84,4.02,1-0,1.0,0.0,1.0,D,
Liverpool,Leeds,1.13,7.95,20.96,1-0,1.0,0.0,1.0,D,
London Reds,Sunderland,1.22,6.88,10.9,5-0,5.0,0.0,5.0,D,
N. Forest,Wolverhampton,1.7000000000000002,3.89,4.66,0-4,0.0,4.0,4.0,E,
Manchester Red,West Ham,1.66,4.03,4.78,2-1,2.0,1.0,3.0,D,
Spurs,Fulham,1.95,4.04,3.33,3-0,3.0,0.0,3.0,D,
A. Villa,Manchester Blue,2.88,3.67,2.27,0-1,0.0,1.0,1.0,E,
Leeds,Brighton,6.08,4.88,1.45,0-3,0.0,3.0,3.0,E,
C. Palace,Liverpool,3.13,3.82,2.09,1-2,1.0,2.0,3.0,E,
Everton,London Blues,2.59,3.26,2.72,0-1,0.0,1.0,1.0,E,
Newcastle,Brentford,1.52,4.37,5.83,4-1,4.0,1.0,5.0,D,
Bournemouth,Burnley,1.72,3.98,4.42,3-0,3.0,0.0,3.0,D,
Wolverhampton,Newcastle,3.1,3.76,2.12,1-1,1.0,1.0,2.0,N,
Brighton,C. Palace,1.83,3.7,4.1,3-1,3.0,1.0,4.0,D,
Everton,A. Villa,2.32,3.17,3.2,0-1,0.0,1.0,1.0,E,
Sunderland,Spurs,7.56,5.37,1.35,0-5,0.0,5.0,5.0,E,
Brentford,Liverpool,2.73,4.21,2.19,1-3,1.0,3.0,4.0,E,
Manchester Blue,London Reds,2.27,3.66,2.89,1-1,1.0,1.0,2.0,N,
London Blues,Bournemouth,1.55,4.49,5.18,1-2,1.0,2.0,3.0,E,
Burnley,Manchester Red,3.06,3.31,2.32,3-0,3.0,0.0,3.0,D,
West Ham,Leeds,1.56,4.09,5.67,2-0,2.0,0.0,2.0,D,
Fulham,N. Forest,1.66,4.3,4.47,4-2,4.0,2.0,6.0,D,
Bournemouth,Everton,2.08,3.06,3.95,1-3,1.0,3.0,4.0,E,
Leeds,Burnley,3.28,3.93,2.0,4-1,4.0,1.0,5.0,D,
Brentford,Brighton,2.05,4.33,2.93,1-3,1.0,3.0,4.0,E,
A. Villa,London Reds,3.25,3.63,2.1,1-1,1.0,1.0,2.0,N,
C. Palace,West Ham,1.84,3.8,3.93,3-0,3.0,0.0,3.0,D,
Manchester Red,London Blues,1.88,3.74,3.82,1-3,1.0,3.0,4.0,E,
Newcastle,Fulham,1.53,4.38,5.68,1-2,1.0,2.0,3.0,E,
Spurs,Manchester Blue,3.62,4.07,1.86,1-1,1.0,1.0,2.0,N,
Liverpool,Wolverhampton,1.18,7.21,13.46,1-1,1.0,1.0,2.0,N,
N. Forest,Sunderland,1.69,3.97,4.65,1-1,1.0,1.0,2.0,N,
Fulham,Liverpool,3.07,3.98,2.07,0-2,0.0,2.0,2.0,E,
West Ham,Brentford,2.53,3.56,2.61,0-2,0.0,2.0,2.0,E,
Burnley,C. Palace,3.31,3.22,2.23,2-2,2.0,2.0,4.0,N,
Manchester Blue,N. Forest,1.19,7.33,11.9,2-1,2.0,1.0,3.0,D,
Sunderland,Newcastle,9.31,5.62,1.29,0-4,0.0,4.0,4.0,E,
Wolverhampton,Brighton,2.72,3.84,2.32,0-3,0.0,3.0,3.0,E,
London Blues,Leeds,1.31,5.13,9.97,0-2,0.0,2.0,2.0,E,
Bournemouth,A. Villa,2.23,3.29,3.25,1-0,1.0,0.0,1.0,D,
London Reds,Spurs,1.42,5.31,5.89,0-0,0.0,0.0,0.0,N,
Everton,Manchester Red,2.4,3.16,3.07,1-3,1.0,3.0,4.0,E,
Newcastle,Manchester Blue,2.27,3.55,2.96,1-1,1.0,1.0,2.0,N,
A. Villa,Spurs,1.7000000000000002,4.58,3.92,1-2,1.0,2.0,3.0,E,
N. Forest,London Reds,5.01,3.64,1.71,0-1,0.0,1.0,1.0,E,
C. Palace,London Blues,2.24,3.64,2.95,4-0,4.0,0.0,4.0,D,
Wolverhampton,West Ham,1.99,3.66,3.51,1-0,1.0,0.0,1.0,D,
Leeds,Everton,3.89,3.25,2.02,1-1,1.0,1.0,2.0,N,
Brighton,Fulham,1.91,3.79,3.67,1-0,1.0,0.0,1.0,D,
Manchester Red,Bournemouth,1.62,4.27,4.76,1-0,1.0,0.0,1.0,D,
Brentford,Burnley,1.5,5.04,5.15,2-2,2.0,2.0,4.0,N,
Liverpool,Sunderland,1.18,7.19,13.14,4-0,4.0,0.0,4.0,D,
West Ham,C. Palace,2.37,3.44,2.88,2-0,2.0,0.0,2.0,D,
N. Forest,A. Villa,2.03,3.49,3.58,1-1,1.0,1.0,2.0,N,
London Reds,Leeds,1.16,7.49,16.42,4-1,4.0,1.0,5.0,D,
Brighton,Brentford,2.03,3.68,3.38,2-0,2.0,0.0,2.0,D,
Newcastle,Burnley,1.2,7.11,11.48,4-1,4.0,1.0,5.0,D,
London Blues,Manchester Red,1.69,3.85,4.8100000000000005,0-2,0.0,2.0,2.0,E,
Manchester Blue,Liverpool,1.62,4.67,4.34,2-1,2.0,1.0,3.0,D,
Everton,Spurs,2.66,3.6,2.46,1-0,1.0,0.0,1.0,D,
Wolverhampton,Sunderland,1.99,3.7,3.49,3-0,3.0,0.0,3.0,D,
Fulham,Bournemouth,1.83,4.21,3.62,2-2,2.0,2.0,4.0,N,
C. Palace,Fulham,2.3,3.45,2.99,1-2,1.0,2.0,3.0,E,
Liverpool,Everton,1.25,5.65,12.35,1-0,1.0,0.0,1.0,D,
N. Forest,Brighton,2.23,3.8,2.88,3-3,3.0,3.0,6.0,N,
Manchester Red,Burnley,1.4,5.07,6.65,2-2,2.0,2.0,4.0,N,
A. Villa,Wolverhampton,1.37,5.19,7.17,3-0,3.0,0.0,3.0,D,
Leeds,Manchester Blue,14.47,6.6,1.19,0-1,0.0,1.0,1.0,E,
Bournemouth,Newcastle,2.81,3.55,2.37,1-0,1.0,0.0,1.0,D,
Brentford,London Reds,4.55,4.16,1.67,3-0,3.0,0.0,3.0,D,
Sunderland,West Ham,4.9,3.95,1.66,1-2,1.0,2.0,3.0,E,
Spurs,London Blues,1.97,4.11,3.24,0-1,0.0,1.0,1.0,E,
Fulham,Sunderland,1.6800000000000002,4.21,4.38,2-1,2.0,1.0,3.0,D,
Manchester Blue,Brentford,1.38,5.15,7.17,1-2,1.0,2.0,3.0,E,
West Ham,A. Villa,2.17,3.63,3.09,3-1,3.0,1.0,4.0,D,
London Reds,N. Forest,1.22,6.59,10.93,1-1,1.0,1.0,2.0,N,
Burnley,Bournemouth,2.77,3.67,2.35,2-3,2.0,3.0,5.0,E,
London Blues,Liverpool,2.33,3.77,2.74,1-2,1.0,2.0,3.0,E,
Wolverhampton,Brighton,2.67,3.86,2.34,2-1,2.0,1.0,3.0,D,
Spurs,Manchester Red,1.74,4.25,4.02,3-2,3.0,2.0,5.0,D,
Newcastle,C. Palace,1.41,4.63,7.39,3-2,3.0,2.0,5.0,D,
Everton,Leeds,1.63,3.52,6.14,1-0,1.0,0.0,1.0,D,
Brentford,Everton,1.6800000000000002,3.94,4.72,1-2,1.0,2.0,3.0,E,
N. Forest,Manchester Blue,4.25,3.56,1.84,1-0,1.0,0.0,1.0,D,
Sunderland,Newcastle,8.88,5.42,1.31,1-3,1.0,3.0,4.0,E,
A. Villa,Fulham,1.67,4.2,4.48,2-1,2.0,1.0,3.0,D,
Leeds,London Blues,5.65,4.33,1.53,0-1,0.0,1.0,1.0,E,
Wolverhampton,London Reds,6.91,4.15,1.48,1-3,1.0,3.0,4.0,E,
C. Palace,Burnley,1.58,4.45,4.93,2-1,2.0,1.0,3.0,D,
Liverpool,Spurs,1.33,5.79,7.33,2-0,2.0,0.0,2.0,D,
Manchester Red,Bournemouth,1.63,4.29,4.71,1-0,1.0,0.0,1.0,D,
Brighton,West Ham,1.57,4.39,5.1,2-0,2.0,0.0,2.0,D,
London Blues,Brentford,1.82,3.75,4.11,1-0,1.0,0.0,1.0,D,
Burnley,Sunderland,2.53,3.47,2.65,1-2,1.0,2.0,3.0,E,
Spurs,Leeds,1.34,5.23,8.05,2-1,2.0,1.0,3.0,D,
Manchester Blue,Wolverhampton,1.18,7.57,12.98,3-0,3.0,0.0,3.0,D,
West Ham,London Reds,6.04,4.22,1.52,1-2,1.0,2.0,3.0,E,
Bournemouth,C. Palace,2.36,3.16,3.13,2-2,2.0,2.0,4.0,N,
Everton,N. Forest,1.92,3.49,3.95,1-1,1.0,1.0,2.0,N,
Liverpool,Manchester Red,1.33,5.24,8.72,2-2,2.0,2.0,4.0,N,
Fulham,Brighton,2.23,4.05,2.75,2-3,2.0,3.0,5.0,E,
Newcastle,A. Villa,1.41,4.8100000000000005,6.99,1-2,1.0,2.0,3.0,E,
West Ham,Manchester Blue,5.23,4.17,1.59,2-4,2.0,4.0,6.0,E,
Sunderland,Bournemouth,5.58,4.48,1.52,2-1,2.0,1.0,3.0,D,
N. Forest,London Blues,2.1,3.61,3.26,3-2,3.0,2.0,5.0,D,
A. Villa,Burnley,1.29,6.12,8.11,1-0,1.0,0.0,1.0,D,
Leeds,Liverpool,9.58,5.99,1.27,1-3,1.0,3.0,4.0,E,
Brighton,Newcastle,2.24,3.93,2.79,1-2,1.0,2.0,3.0,E,
Wolverhampton,Everton,2.13,3.19,3.62,2-0,2.0,0.0,2.0,D,
Brentford,Spurs,2.04,4.39,2.93,0-1,0.0,1.0,1.0,E,
Manchester Red,C. Palace,1.81,3.62,4.34,4-1,4.0,1.0,5.0,D,
London Reds,Fulham,1.4,4.97,6.85,3-1,3.0,1.0,4.0,D,
Fulham,Spurs,2.26,4.18,2.64,2-0,2.0,0.0,2.0,D,
London Reds,C. Palace,1.39,4.89,7.26,1-2,1.0,2.0,3.0,E,
Everton,Burnley,1.75,3.89,4.35,0-0,0.0,0.0,0.0,N,
Wolverhampton,Leeds,1.66,3.77,5.25,1-0,1.0,0.0,1.0,D,
Brighton,Sunderland,1.47,4.75,5.91,3-1,3.0,1.0,4.0,D,
Newcastle,London Blues,1.49,4.59,5.85,2-3,2.0,3.0,5.0,E,
N. Forest,Brentford,2.22,3.43,3.15,2-1,2.0,1.0,3.0,D,
West Ham,Liverpool,3.58,4.12,1.86,1-1,1.0,1.0,2.0,N,
Manchester Red,A. Villa,1.87,3.64,4.01,2-2,2.0,2.0,4.0,N,
Manchester Blue,Bournemouth,1.23,7.04,9.74,5-0,5.0,0.0,5.0,D,
Spurs,Newcastle,2.17,4.26,2.74,3-1,3.0,1.0,4.0,D,
C. Palace,Manchester Blue,4.46,3.72,1.76,1-1,1.0,1.0,2.0,N,
Bournemouth,Everton,2.09,3.06,3.93,0-0,0.0,0.0,0.0,N,
Brentford,Wolverhampton,1.59,4.5,4.74,4-2,4.0,2.0,6.0,D,
Leeds,West Ham,3.99,3.78,1.84,1-4,1.0,4.0,5.0,E,
Sunderland,London Reds,22.34,7.77,1.13,0-4,0.0,4.0,4.0,E,
Burnley,London Blues,3.37,3.55,2.07,2-1,2.0,1.0,3.0,D,
A. Villa,Brighton,1.69,4.58,4.02,4-1,4.0,1.0,5.0,D,
Liverpool,Fulham,1.36,5.03,8.01,0-1,0.0,1.0,1.0,E,
N. Forest,Manchester Red,1.98,3.49,3.72,2-1,2.0,1.0,3.0,D,
West Ham,Brentford,2.56,3.55,2.5700000000000003,1-0,1.0,0.0,1.0,D,
Burnley,Spurs,3.75,3.96,1.85,1-3,1.0,3.0,4.0,E,
Everton,C. Palace,2.4,3.04,3.18,2-2,2.0,2.0,4.0,N,
London Blues,Bournemouth,1.54,4.52,5.28,2-2,2.0,2.0,4.0,N,
Manchester Red,Brighton,1.97,3.94,3.35,2-2,2.0,2.0,4.0,N,
Manchester Blue,Sunderland,1.17,7.81,12.97,3-1,3.0,1.0,4.0,D,
Wolverhampton,N. Forest,1.86,3.76,3.89,2-0,2.0,0.0,2.0,D,
Fulham,Leeds,1.49,4.29,6.34,2-1,2.0,1.0,3.0,D,
Newcastle,Liverpool,1.78,4.21,3.86,0-3,0.0,3.0,3.0,E,
London Reds,A. Villa,1.35,5.26,7.83,1-1,1.0,1.0,2.0,N,
A. Villa,Manchester Blue,2.89,3.7,2.25,2-1,2.0,1.0,3.0,D,
Wolverhampton,Manchester Red,2.5,3.39,2.75,1-1,1.0,1.0,2.0,N,
N. Forest,West Ham,1.76,3.8,4.35,3-2,3.0,2.0,5.0,D,
Leeds,Newcastle,7.17,5.08,1.38,0-4,0.0,4.0,4.0,E,
C. Palace,London Blues,2.22,3.58,3.03,2-1,2.0,1.0,3.0,D,
Brighton,London Reds,4.44,3.83,1.74,1-0,1.0,0.0,1.0,D,
Brentford,Fulham,2.03,3.96,3.17,1-1,1.0,1.0,2.0,N,
Liverpool,Burnley,1.14,8.29,15.26,2-0,2.0,0.0,2.0,D,
Bournemouth,Spurs,2.5,3.66,2.59,2-1,2.0,1.0,3.0,D,
Sunderland,Everton,4.52,3.29,1.87,0-3,0.0,3.0,3.0,E,
London Blues,Sunderland,1.41,4.82,6.91,5-0,5.0,0.0,5.0,D,
Burnley,Leeds,2.07,3.2,3.8,0-2,0.0,2.0,2.0,E,
Everton,A. Villa,2.44,3.13,3.03,0-4,0.0,4.0,4.0,E,
Fulham,N. Forest,1.71,4.12,4.31,3-0,3.0,0.0,3.0,D,
Bournemouth,Liverpool,3.38,3.71,2.03,2-2,2.0,2.0,4.0,N,
Manchester Red,London Reds,4.2,3.48,1.87,0-1,0.0,1.0,1.0,E,
Newcastle,Brentford,1.53,4.33,5.68,2-3,2.0,3.0,5.0,E,
Manchester Blue,Brighton,1.34,5.86,7.12,5-0,5.0,0.0,5.0,D,
Spurs,C. Palace,1.84,3.94,3.79,2-0,2.0,0.0,2.0,D,
West Ham,Wolverhampton,1.78,3.94,4.11,3-1,3.0,1.0,4.0,D,
A. Villa,London Blues,1.64,4.33,4.58,1-1,1.0,1.0,2.0,N,
Wolverhampton,Fulham,2.63,3.43,2.5700000000000003,1-2,1.0,2.0,3.0,E,
Leeds,Bournemouth,4.42,4.22,1.6800000000000002,1-1,1.0,1.0,2.0,N,
Sunderland,Spurs,7.54,5.43,1.35,2-2,2.0,2.0,4.0,N,
West Ham,Manchester Red,2.23,3.6,2.99,0-0,0.0,0.0,0.0,N,
N. Forest,Newcastle,2.5,3.56,2.63,4-1,4.0,1.0,5.0,D,
Brentford,Burnley,1.48,5.13,5.25,1-1,1.0,1.0,2.0,N,
London Reds,Manchester Blue,2.14,3.7,3.1,2-1,2.0,1.0,3.0,D,
Brighton,Everton,1.61,3.84,5.57,1-0,1.0,0.0,1.0,D,
C. Palace,Liverpool,3.12,3.86,2.08,0-3,0.0,3.0,3.0,E,
Everton,London Reds,6.35,3.67,1.59,0-1,0.0,1.0,1.0,E,
Fulham,West Ham,1.76,4.09,4.03,1-2,1.0,2.0,3.0,E,
Newcastle,Wolverhampton,1.25,6.1,10.44,4-0,4.0,0.0,4.0,D,
C. Palace,Leeds,1.49,4.17,6.8,0-0,0.0,0.0,0.0,N,
Spurs,A. Villa,1.82,4.09,3.76,5-0,5.0,0.0,5.0,D,
London Blues,Brighton,1.81,4.12,3.78,1-1,1.0,1.0,2.0,N,
Liverpool,Sunderland,1.19,6.91,12.78,4-1,4.0,1.0,5.0,D,
Burnley,N. Forest,2.53,3.4,2.7,0-0,0.0,0.0,0.0,N,
Manchester Red,Manchester Blue,3.61,3.48,2.02,0-1,0.0,1.0,1.0,E,
Bournemouth,Brentford,2.55,3.21,2.8,0-1,0.0,1.0,1.0,E,
London Reds,London Blues,1.42,5.0,6.44,4-1,4.0,1.0,5.0,D,
N. Forest,Bournemouth,1.82,3.95,3.9,3-0,3.0,0.0,3.0,D,
West Ham,Newcastle,2.96,3.9,2.14,0-6,0.0,6.0,6.0,E,
A. Villa,Liverpool,2.13,4.13,2.88,3-1,3.0,1.0,4.0,D,
Brentford,C. Palace,1.91,3.85,3.62,1-2,1.0,2.0,3.0,E,
Brighton,Spurs,1.95,4.17,3.25,2-0,2.0,0.0,2.0,D,
Sunderland,Leeds,3.24,3.14,2.31,3-1,3.0,1.0,4.0,D,
Wolverhampton,Burnley,1.76,4.11,4.05,2-0,2.0,0.0,2.0,D,
Fulham,Manchester Red,2.05,3.72,3.29,2-1,2.0,1.0,3.0,D,
Manchester Blue,Everton,1.23,6.17,12.21,4-0,4.0,0.0,4.0,D,
Burnley,West Ham,2.67,3.48,2.51,1-0,1.0,0.0,1.0,D,
London Blues,Manchester Blue,3.02,3.46,2.27,2-1,2.0,1.0,3.0,D,
Leeds,A. Villa,4.98,3.97,1.65,0-3,0.0,3.0,3.0,E,
Newcastle,Fulham,1.48,4.53,6.03,1-0,1.0,0.0,1.0,D,
Bournemouth,Wolverhampton,1.88,3.59,4.01,2-1,2.0,1.0,3.0,D,
Spurs,London Reds,4.32,4.12,1.71,4-2,4.0,2.0,6.0,D,
Sunderland,Brentford,7.36,4.44,1.43,0-2,0.0,2.0,2.0,E,
Liverpool,Brighton,1.37,5.39,6.99,2-0,2.0,0.0,2.0,D,
C. Palace,N. Forest,1.69,4.0,4.57,1-1,1.0,1.0,2.0,N,
Manchester Red,Everton,1.66,3.61,5.5600000000000005,1-1,1.0,1.0,2.0,N,
Brighton,Leeds,1.33,5.06,8.92,0-2,0.0,2.0,2.0,E,
Wolverhampton,C. Palace,2.58,3.26,2.73,1-0,1.0,0.0,1.0,D,
London Reds,Liverpool,1.75,4.28,3.95,1-0,1.0,0.0,1.0,D,
A. Villa,Brentford,1.72,4.08,4.26,3-1,3.0,1.0,4.0,D,
Everton,London Blues,2.58,3.26,2.73,2-1,2.0,1.0,3.0,D,
N. Forest,Sunderland,1.64,4.02,4.92,1-2,1.0,2.0,3.0,E,
Fulham,Burnley,1.58,4.6,4.75,3-2,3.0,2.0,5.0,D,
Newcastle,Manchester Red,1.39,4.94,7.34,3-1,3.0,1.0,4.0,D,
West Ham,Bournemouth,2.07,4.0,3.07,2-1,2.0,1.0,3.0,D,
Manchester Blue,Spurs,1.33,6.02,7.09,4-1,4.0,1.0,5.0,D,
C. Palace,West Ham,1.81,3.83,4.06,0-2,0.0,2.0,2.0,E,
A. Villa,N. Forest,1.36,5.32,7.2,4-0,4.0,0.0,4.0,D,
Leeds,London Reds,17.85,7.21,1.16,0-1,0.0,1.0,1.0,E,
Brentford,Brighton,2.04,4.34,2.94,1-2,1.0,2.0,3.0,E,
Burnley,Newcastle,4.59,3.98,1.69,0-4,0.0,4.0,4.0,E,
Manchester Red,London Blues,1.89,3.78,3.76,1-2,1.0,2.0,3.0,E,
Liverpool,Manchester Blue,2.02,3.63,3.45,2-2,2.0,2.0,4.0,N,
Spurs,Everton,1.65,3.99,4.94,1-0,1.0,0.0,1.0,D,
Sunderland,Wolverhampton,4.39,3.83,1.75,0-1,0.0,1.0,1.0,E,
Bournemouth,Fulham,2.44,3.28,2.89,0-2,0.0,2.0,2.0,E,
Fulham,C. Palace,2.09,3.5700000000000003,3.32,1-2,1.0,2.0,3.0,E,
Everton,Liverpool,3.72,3.66,1.93,2-0,2.0,0.0,2.0,D,
Brighton,N. Forest,1.55,4.46,5.29,1-2,1.0,2.0,3.0,E,
Burnley,Manchester Red,3.12,3.28,2.3,2-2,2.0,2.0,4.0,N,
Wolverhampton,A. Villa,2.39,3.44,2.85,0-3,0.0,3.0,3.0,E,
Manchester Blue,Leeds,1.11,8.93,21.17,0-0,0.0,0.0,0.0,N,
Newcastle,Bournemouth,1.33,5.5600000000000005,7.65,3-0,3.0,0.0,3.0,D,
London Reds,Brentford,1.46,4.7,6.1,2-0,2.0,0.0,2.0,D,
West Ham,Sunderland,1.78,4.09,3.96,6-0,6.0,0.0,6.0,D,
London Blues,Spurs,1.85,4.13,3.62,4-2,4.0,2.0,6.0,D,
Sunderland,Fulham,7.07,4.45,1.44,1-4,1.0,4.0,5.0,E,
Brentford,Manchester Blue,3.82,4.02,1.82,2-2,2.0,2.0,4.0,N,
A. Villa,West Ham,1.45,4.86,6.06,2-1,2.0,1.0,3.0,D,
N. Forest,London Reds,4.99,3.66,1.7000000000000002,1-3,1.0,3.0,4.0,E,
Bournemouth,Burnley,1.71,4.02,4.44,2-0,2.0,0.0,2.0,D,
Liverpool,London Blues,1.34,5.34,8.0,1-2,1.0,2.0,3.0,E,
Brighton,Wolverhampton,1.5,4.55,5.71,3-0,3.0,0.0,3.0,D,
Manchester Red,Spurs,1.97,4.0,3.31,4-1,4.0,1.0,5.0,D,
C. Palace,Newcastle,2.62,3.75,2.43,2-1,2.0,1.0,3.0,D,
Leeds,Everton,3.99,3.31,1.97,2-1,2.0,1.0,3.0,D,
Everton,Brentford,2.66,3.09,2.78,2-1,2.0,1.0,3.0,D,
Manchester Blue,N. Forest,1.17,7.65,13.15,1-1,1.0,1.0,2.0,N,
Newcastle,Sunderland,1.26,6.02,10.06,3-0,3.0,0.0,3.0,D,
Fulham,A. Villa,2.06,3.72,3.26,2-1,2.0,1.0,3.0,D,
London Blues,Leeds,1.3,5.17,10.53,1-1,1.0,1.0,2.0,N,
London Reds,Wolverhampton,1.23,6.53,10.75,4-2,4.0,2.0,6.0,D,
Burnley,C. Palace,3.28,3.23,2.24,0-2,0.0,2.0,2.0,E,
Spurs,Liverpool,2.68,4.25,2.22,1-1,1.0,1.0,2.0,N,
Bournemouth,Manchester Red,2.27,3.24,3.22,1-3,1.0,3.0,4.0,E,
West Ham,Brighton,2.53,3.97,2.42,1-0,1.0,0.0,1.0,D,
Brentford,London Blues,1.95,4.12,3.27,1-1,1.0,1.0,2.0,N,
Sunderland,Burnley,3.83,3.95,1.83,2-4,2.0,4.0,6.0,E,
Leeds,Spurs,6.45,5.15,1.41,3-3,3.0,3.0,6.0,N,
Wolverhampton,Manchester Blue,5.57,4.07,1.57,0-4,0.0,4.0,4.0,E,
London Reds,West Ham,1.26,6.26,9.58,1-2,1.0,2.0,3.0,E,
C. Palace,Bournemouth,1.87,4.0,3.64,0-0,0.0,0.0,0.0,N,
N. Forest,Everton,1.9,3.26,4.43,0-0,0.0,0.0,0.0,N,
Manchester Red,Liverpool,2.53,3.8,2.49,0-1,0.0,1.0,1.0,E,
Brighton,Fulham,1.93,3.79,3.6,1-0,1.0,0.0,1.0,D,
A. Villa,Newcastle,1.8,4.28,3.69,2-2,2.0,2.0,4.0,N,
Manchester Blue,West Ham,1.21,7.02,11.41,6-0,6.0,0.0,6.0,D,
Bournemouth,Sunderland,1.85,3.65,4.07,1-1,1.0,1.0,2.0,N,
London Blues,N. Forest,1.43,4.7,6.69,5-1,5.0,1.0,6.0,D,
Burnley,A. Villa,3.21,3.29,2.25,1-1,1.0,1.0,2.0,N,
Liverpool,Leeds,1.12,8.1,21.2,2-0,2.0,0.0,2.0,D,
Newcastle,Brighton,1.47,4.96,5.58,1-1,1.0,1.0,2.0,N,
Everton,Wolverhampton,1.93,3.43,3.98,1-1,1.0,1.0,2.0,N,
Spurs,Brentford,2.05,3.97,3.12,1-3,1.0,3.0,4.0,E,
C. Palace,Manchester Red,2.06,3.51,3.45,2-2,2.0,2.0,4.0,N,
Fulham,London Reds,5.43,4.11,1.58,0-5,0.0,5.0,5.0,E,
Wolverhampton,London Blues,2.61,3.51,2.55,0-1,0.0,1.0,1.0,E,
Sunderland,C. Palace,6.3,3.9,1.55,1-2,1.0,2.0,3.0,E,
West Ham,Everton,1.95,3.41,3.94,2-0,2.0,0.0,2.0,D,
A. Villa,Bournemouth,1.46,5.09,5.65,4-0,4.0,0.0,4.0,D,
N. Forest,Spurs,2.18,3.85,2.93,2-2,2.0,2.0,4.0,N,
Brighton,Burnley,1.43,5.11,6.12,0-1,0.0,1.0,1.0,E,
London Reds,Newcastle,1.53,4.73,5.18,2-3,2.0,3.0,5.0,E,
Manchester Red,Leeds,1.36,4.68,9.02,6-0,6.0,0.0,6.0,D,
Manchester Blue,Fulham,1.33,5.47,7.89,4-0,4.0,0.0,4.0,D,
Brentford,Liverpool,2.79,4.24,2.15,1-1,1.0,1.0,2.0,N,
Leeds,Brentford,6.41,4.31,1.49,0-2,0.0,2.0,2.0,E,
Sunderland,Manchester Red,6.15,4.14,1.52,1-1,1.0,1.0,2.0,N,
Spurs,Wolverhampton,1.5,4.87,5.35,5-0,5.0,0.0,5.0,D,
Everton,Fulham,2.52,3.17,2.88,1-3,1.0,3.0,4.0,E,
Bournemouth,Brighton,2.45,3.67,2.63,1-1,1.0,1.0,2.0,N,
Newcastle,Manchester Blue,2.38,3.52,2.8,2-1,2.0,1.0,3.0,D,
C. Palace,A. Villa,2.07,3.5,3.43,1-0,1.0,0.0,1.0,D,
Liverpool,N. Forest,1.19,7.0,13.23,3-0,3.0,0.0,3.0,D,
London Blues,West Ham,1.53,4.33,5.75,0-1,0.0,1.0,1.0,E,
Burnley,London Reds,9.68,4.77,1.34,0-1,0.0,1.0,1.0,E,
N. Forest,Leeds,1.49,4.0,7.18,1-1,1.0,1.0,2.0,N,
West Ham,Spurs,2.59,4.01,2.36,3-1,3.0,1.0,4.0,D,
London Reds,Bournemouth,1.29,6.05,8.3,3-0,3.0,0.0,3.0,D,
A. Villa,Sunderland,1.34,5.55,7.39,3-0,3.0,0.0,3.0,D,
Manchester Red,Brentford,2.01,3.53,3.58,0-1,0.0,1.0,1.0,E,
Brighton,C. Palace,1.83,3.77,4.0,0-1,0.0,1.0,1.0,E,
Everton,Newcastle,2.92,3.42,2.35,0-4,0.0,4.0,4.0,E,
Wolverhampton,Liverpool,3.75,3.97,1.85,1-2,1.0,2.0,3.0,E,
Manchester Blue,Burnley,1.16,8.24,13.2,1-2,1.0,2.0,3.0,E,
Fulham,London Blues,2.22,3.83,2.87,2-3,2.0,3.0,5.0,E,
Spurs,Fulham,1.96,4.04,3.3,1-1,1.0,1.0,2.0,N,
C. Palace,London Reds,5.37,3.86,1.63,0-3,0.0,3.0,3.0,E,
Burnley,Everton,2.87,2.96,2.68,1-0,1.0,0.0,1.0,D,
Leeds,Wolverhampton,3.73,3.7,1.92,1-0,1.0,0.0,1.0,D,
Sunderland,Brighton,7.78,5.4,1.34,1-3,1.0,3.0,4.0,E,
London Blues,Newcastle,1.99,3.89,3.32,4-0,4.0,0.0,4.0,D,
Brentford,N. Forest,1.57,4.62,4.86,4-0,4.0,0.0,4.0,D,
Liverpool,West Ham,1.2,6.75,12.28,2-1,2.0,1.0,3.0,D,
A. Villa,Manchester Red,1.56,4.41,5.19,2-2,2.0,2.0,4.0,N,
Bournemouth,Manchester Blue,5.08,3.71,1.69,0-0,0.0,0.0,0.0,N,
Newcastle,Spurs,1.47,4.98,5.63,1-1,1.0,1.0,2.0,N,
Manchester Blue,C. Palace,1.31,5.45,8.67,1-2,1.0,2.0,3.0,E,
Everton,Bournemouth,2.05,3.5700000000000003,3.41,2-2,2.0,2.0,4.0,N,
Wolverhampton,Brentford,2.79,3.42,2.44,0-1,0.0,1.0,1.0,E,
West Ham,Leeds,1.58,3.99,5.71,1-2,1.0,2.0,3.0,E,
London Reds,Sunderland,1.23,6.63,10.36,4-1,4.0,1.0,5.0,D,
London Blues,Burnley,1.32,5.61,8.16,2-1,2.0,1.0,3.0,D,
Brighton,A. Villa,1.78,3.89,4.15,4-1,4.0,1.0,5.0,D,
Fulham,Liverpool,3.08,3.98,2.07,1-1,1.0,1.0,2.0,N,
Manchester Red,N. Forest,1.54,4.25,5.71,1-3,1.0,3.0,4.0,E,
Brentford,West Ham,1.67,4.39,4.26,2-2,2.0,2.0,4.0,N,
Spurs,Burnley,1.41,5.51,5.86,1-0,1.0,0.0,1.0,D,
C. Palace,Everton,1.9,3.36,4.25,1-0,1.0,0.0,1.0,D,
Bournemouth,London Blues,2.48,3.41,2.75,0-0,0.0,0.0,0.0,N,
Brighton,Manchester Red,1.81,3.86,4.03,2-2,2.0,2.0,4.0,N,
Sunderland,Manchester Blue,18.28,7.27,1.15,1-3,1.0,3.0,4.0,E,
N. Forest,Wolverhampton,1.65,3.94,4.97,1-1,1.0,1.0,2.0,N,
Leeds,Fulham,5.68,4.2,1.55,0-1,0.0,1.0,1.0,E,
Liverpool,Newcastle,1.45,4.88,5.99,2-1,2.0,1.0,3.0,D,
A. Villa,London Reds,3.43,3.68,2.01,1-0,1.0,0.0,1.0,D,
Manchester Blue,A. Villa,1.3,5.74,8.63,1-0,1.0,0.0,1.0,D,
Manchester Red,Wolverhampton,1.56,4.24,5.51,4-0,4.0,0.0,4.0,D,
West Ham,N. Forest,1.81,3.99,3.9,5-1,5.0,1.0,6.0,D,
Newcastle,Leeds,1.16,7.16,16.41,2-1,2.0,1.0,3.0,D,
London Blues,C. Palace,1.66,3.81,5.13,1-0,1.0,0.0,1.0,D,
London Reds,Brighton,1.41,5.4,5.96,3-2,3.0,2.0,5.0,D,
Fulham,Brentford,2.27,3.61,2.92,2-0,2.0,0.0,2.0,D,
Burnley,Liverpool,5.57,4.38,1.53,1-1,1.0,1.0,2.0,N,
Spurs,Bournemouth,1.65,4.73,4.1,3-2,3.0,2.0,5.0,D,
Everton,Sunderland,1.92,3.48,3.97,1-0,1.0,0.0,1.0,D,
Sunderland,London Blues,7.47,4.74,1.4,3-0,3.0,0.0,3.0,D,
Leeds,Burnley,3.37,3.84,1.99,1-2,1.0,2.0,3.0,E,
A. Villa,Everton,1.48,4.25,6.74,5-0,5.0,0.0,5.0,D,
N. Forest,Fulham,2.12,3.46,3.34,4-0,4.0,0.0,4.0,D,
Liverpool,Bournemouth,1.24,6.49,10.3,4-0,4.0,0.0,4.0,D,
London Reds,Manchester Red,1.35,5.27,7.83,2-1,2.0,1.0,3.0,D,
Brentford,Newcastle,2.31,4.13,2.59,2-2,2.0,2.0,4.0,N,
Brighton,Manchester Blue,3.61,3.8,1.92,1-2,1.0,2.0,3.0,E,
C. Palace,Spurs,2.25,3.96,2.75,3-3,3.0,3.0,6.0,N,
Wolverhampton,West Ham,2.04,3.66,3.37,3-2,3.0,2.0,5.0,D,
London Blues,A. Villa,1.67,3.97,4.8100000000000005,2-2,2.0,2.0,4.0,N,
Fulham,Wolverhampton,1.67,4.19,4.45,4-0,4.0,0.0,4.0,D,
Bournemouth,Leeds,1.55,3.83,6.57,1-0,1.0,0.0,1.0,D,
Spurs,Sunderland,1.51,4.91,5.1,4-1,4.0,1.0,5.0,D,
Manchester Red,West Ham,1.57,4.2,5.35,2-0,2.0,0.0,2.0,D,
Newcastle,N. Forest,1.26,6.02,9.94,3-1,3.0,1.0,4.0,D,
Burnley,Brentford,3.79,3.45,1.97,0-3,0.0,3.0,3.0,E,
Manchester Blue,London Reds,2.15,3.69,3.08,3-0,3.0,0.0,3.0,D,
Everton,Brighton,2.6,3.55,2.54,1-2,1.0,2.0,3.0,E,
Liverpool,C. Palace,1.3,5.32,9.57,3-1,3.0,1.0,4.0,D,
London Reds,Everton,1.29,5.3,10.39,4-0,4.0,0.0,4.0,D,
West Ham,Fulham,2.55,3.56,2.59,1-2,1.0,2.0,3.0,E,
Wolverhampton,Newcastle,3.09,3.74,2.13,1-4,1.0,4.0,5.0,E,
Leeds,C. Palace,5.25,3.88,1.63,1-3,1.0,3.0,4.0,E,
A. Villa,Spurs,1.73,4.5,3.86,1-1,1.0,1.0,2.0,N,
Brighton,London Blues,1.92,3.93,3.53,2-2,2.0,2.0,4.0,N,
Sunderland,Liverpool,11.91,6.71,1.21,0-4,0.0,4.0,4.0,E,
N. Forest,Burnley,1.52,4.48,5.5600000000000005,2-0,2.0,0.0,2.0,D,
Manchester Blue,Manchester Red,1.28,5.89,9.27,0-1,0.0,1.0,1.0,E,
Brentford,Bournemouth,1.72,4.5600000000000005,3.85,4-1,4.0,1.0,5.0,D,
London Blues,London Reds,3.61,3.53,2.0,1-2,1.0,2.0,3.0,E,
Bournemouth,N. Forest,1.81,3.67,4.22,1-0,1.0,0.0,1.0,D,
Newcastle,West Ham,1.28,5.82,9.36,0-0,0.0,0.0,0.0,N,
Liverpool,A. Villa,1.3,5.44,9.44,3-1,3.0,1.0,4.0,D,
C. Palace,Brentford,2.35,3.45,2.89,3-1,3.0,1.0,4.0,D,
Spurs,Brighton,2.0,4.37,3.03,2-3,2.0,3.0,5.0,E,
Leeds,Sunderland,3.85,3.82,1.86,0-1,0.0,1.0,1.0,E,
Burnley,Wolverhampton,2.38,3.42,2.87,0-0,0.0,0.0,0.0,N,
Manchester Red,Fulham,1.93,3.58,3.82,3-1,3.0,1.0,4.0,D,
Everton,Manchester Blue,4.84,3.42,1.78,1-0,1.0,0.0,1.0,D,
West Ham,Burnley,1.6800000000000002,4.37,4.24,1-1,1.0,1.0,2.0,N,
Manchester Blue,London Blues,1.31,5.84,8.0,2-2,2.0,2.0,4.0,N,
A. Villa,Leeds,1.25,5.87,11.18,5-0,5.0,0.0,5.0,D,
Fulham,Newcastle,2.6,3.95,2.37,2-0,2.0,0.0,2.0,D,
Wolverhampton,Bournemouth,2.09,3.82,3.13,1-1,1.0,1.0,2.0,N,
London Reds,Spurs,1.46,5.18,5.53,3-1,3.0,1.0,4.0,D,
Brentford,Sunderland,1.53,4.79,5.05,2-1,2.0,1.0,3.0,D,
Brighton,Liverpool,2.64,3.91,2.35,1-2,1.0,2.0,3.0,E,
N. Forest,C. Palace,2.09,3.33,3.5700000000000003,3-0,3.0,0.0,3.0,D,
Everton,Manchester Red,2.32,3.17,3.2,1-0,1.0,0.0,1.0,D,
Leeds,Brighton,6.42,5.06,1.42,1-0,1.0,0.0,1.0,D,
C. Palace,Wolverhampton,1.72,3.93,4.47,1-2,1.0,2.0,3.0,E,
Liverpool,London Reds,2.39,3.43,2.87,1-1,1.0,1.0,2.0,N,
Brentford,A. Villa,1.9,3.97,3.54,1-1,1.0,1.0,2.0,N,
London Blues,Everton,1.57,3.81,6.25,1-0,1.0,0.0,1.0,D,
Sunderland,N. Forest,4.47,3.79,1.75,0-2,0.0,2.0,2.0,E,
Burnley,Fulham,3.44,3.38,2.11,1-2,1.0,2.0,3.0,E,
Manchester Red,Newcastle,2.21,3.72,2.95,0-3,0.0,3.0,3.0,E,
Bournemouth,West Ham,1.97,3.53,3.72,1-2,1.0,2.0,3.0,E,
Spurs,Manchester Blue,3.7,4.09,1.83,1-1,1.0,1.0,2.0,N,
C. Palace,Fulham,2.25,3.52,3.02,2-2,2.0,2.0,4.0,N,
London Blues,Manchester Blue,3.06,3.43,2.27,1-3,1.0,3.0,4.0,E,
Everton,Wolverhampton,1.92,3.43,4.06,,,,,,
Brighton,London Reds,4.36,3.79,1.76,0-1,0.0,1.0,1.0,E,
Spurs,N. Forest,1.5,4.88,5.26,5-1,5.0,1.0,6.0,D,
Burnley,Bournemouth,2.88,3.61,2.3,3-0,3.0,0.0,3.0,D,
Sunderland,West Ham,5.15,4.01,1.62,0-3,0.0,3.0,3.0,E,
Manchester Red,Brentford,1.98,3.56,3.66,4-1,4.0,1.0,5.0,D,
Newcastle,Liverpool,1.79,4.18,3.82,1-3,1.0,3.0,4.0,E,
Leeds,A. Villa,5.0,3.93,1.65,3-2,3.0,2.0,5.0,D,
Bournemouth,Fulham,2.38,3.3,2.96,0-3,0.0,3.0,3.0,E,
London Reds,C. Palace,1.39,4.87,7.34,2-2,2.0,2.0,4.0,N,
Manchester Blue,Spurs,1.34,5.98,6.8100000000000005,3-1,3.0,1.0,4.0,D,
West Ham,Brighton,2.61,3.97,2.36,2-2,2.0,2.0,4.0,N,
Wolverhampton,Newcastle,3.0,3.71,2.19,2-1,2.0,1.0,3.0,D,
Brentford,Sunderland,1.55,4.8,4.88,4-1,4.0,1.0,5.0,D,
N. Forest,Everton,1.89,3.25,4.49,0-2,0.0,2.0,2.0,E,
A. Villa,Manchester Red,1.55,4.4,5.28,0-1,0.0,1.0,1.0,E,
Leeds,London Blues,5.76,4.35,1.52,1-0,1.0,0.0,1.0,D,
Liverpool,Burnley,1.16,7.9,13.95,0-1,0.0,1.0,1.0,E,
Burnley,Wolverhampton,2.46,3.39,2.79,1-2,1.0,2.0,3.0,E,
Newcastle,N. Forest,1.26,5.99,9.92,1-1,1.0,1.0,2.0,N,
Everton,Manchester Blue,5.2,3.46,1.73,1-1,1.0,1.0,2.0,N,
Sunderland,A. Villa,6.09,4.24,1.52,0-1,0.0,1.0,1.0,E,
Spurs,Leeds,1.33,5.37,8.11,5-0,5.0,0.0,5.0,D,
Brighton,Brentford,2.02,3.72,3.38,0-0,0.0,0.0,0.0,N,
Manchester Red,London Blues,1.9,3.75,3.76,2-0,2.0,0.0,2.0,D,
C. Palace,West Ham,1.8,3.9,4.04,2-1,2.0,1.0,3.0,D,
Fulham,London Reds,5.18,4.05,1.61,0-0,0.0,0.0,0.0,N,
Liverpool,Bournemouth,1.25,6.33,9.65,2-2,2.0,2.0,4.0,N,
Manchester Blue,Newcastle,1.45,5.12,5.73,0-3,0.0,3.0,3.0,E,
London Blues,Sunderland,1.4,4.93,7.11,0-0,0.0,0.0,0.0,N,
A. Villa,Brighton,1.64,4.59,4.29,1-0,1.0,0.0,1.0,D,
Bournemouth,London Reds,5.58,3.68,1.64,2-2,2.0,2.0,4.0,N,
West Ham,Fulham,2.38,3.6,2.75,1-1,1.0,1.0,2.0,N,
Wolverhampton,Liverpool,3.76,3.94,1.85,0-3,0.0,3.0,3.0,E,
Brentford,C. Palace,1.88,3.9,3.68,2-4,2.0,4.0,6.0,E,
N. Forest,Burnley,1.54,4.47,5.33,1-2,1.0,2.0,3.0,E,
Manchester Red,Spurs,1.94,4.06,3.36,3-1,3.0,1.0,4.0,D,
Leeds,Everton,3.9,3.24,2.02,0-1,0.0,1.0,1.0,E,
London Reds,West Ham,1.25,6.24,10.01,5-0,5.0,0.0,5.0,D,
Everton,Manchester Red,2.3,3.15,3.24,1-2,1.0,2.0,3.0,E,
Wolverhampton,Bournemouth,2.11,3.84,3.08,3-3,3.0,3.0,6.0,N,
Fulham,Brentford,2.28,3.66,2.87,0-0,0.0,0.0,0.0,N,
Liverpool,N. Forest,1.19,7.04,13.46,3-0,3.0,0.0,3.0,D,
Newcastle,Leeds,1.16,7.16,17.14,5-1,5.0,1.0,6.0,D,
Burnley,Manchester Blue,8.47,4.57,1.38,1-1,1.0,1.0,2.0,N,
Sunderland,Spurs,7.8,5.47,1.34,2-0,2.0,0.0,2.0,D,
C. Palace,A. Villa,2.03,3.54,3.52,1-1,1.0,1.0,2.0,N,
Brighton,London Blues,1.9,3.89,3.63,1-1,1.0,1.0,2.0,N,
A. Villa,Fulham,1.6800000000000002,4.16,4.45,3-1,3.0,1.0,4.0,D,
Manchester Blue,Liverpool,1.57,4.74,4.67,2-3,2.0,3.0,5.0,E,
Manchester Red,Newcastle,2.21,3.71,2.96,1-2,1.0,2.0,3.0,E,
London Blues,C. Palace,1.72,3.76,4.69,2-1,2.0,1.0,3.0,D,
Spurs,Brighton,1.97,4.49,3.04,3-1,3.0,1.0,4.0,D,
N. Forest,Wolverhampton,1.67,3.96,4.78,1-2,1.0,2.0,3.0,E,
Brentford,London Reds,4.5600000000000005,4.21,1.66,1-2,1.0,2.0,3.0,E,
Leeds,Burnley,3.47,3.93,1.93,2-2,2.0,2.0,4.0,N,
Bournemouth,West Ham,1.98,3.53,3.7,3-1,3.0,1.0,4.0,D,
Sunderland,Everton,4.8,3.34,1.81,0-0,0.0,0.0,0.0,N,
Brighton,Everton,1.65,3.77,5.31,1-1,1.0,1.0,2.0,N,
Wolverhampton,Manchester Blue,5.62,3.99,1.58,1-4,1.0,4.0,5.0,E,
N. Forest,Bournemouth,1.81,3.98,3.92,4-0,4.0,0.0,4.0,D,
Fulham,London Blues,2.18,3.82,2.95,2-2,2.0,2.0,4.0,N,
Burnley,Manchester Red,3.27,3.31,2.21,3-0,3.0,0.0,3.0,D,
Newcastle,Sunderland,1.24,6.3,10.35,3-1,3.0,1.0,4.0,D,
London Reds,A. Villa,1.37,5.11,7.36,1-1,1.0,1.0,2.0,N,
Liverpool,Leeds,1.12,8.26,22.32,2-1,2.0,1.0,3.0,D,
West Ham,Brentford,2.61,3.51,2.55,3-1,3.0,1.0,4.0,D,
C. Palace,Spurs,2.28,3.96,2.71,2-4,2.0,4.0,6.0,E,
A. Villa,West Ham,1.46,4.82,5.94,0-3,0.0,3.0,3.0,E,
Leeds,Wolverhampton,3.68,3.62,1.95,2-2,2.0,2.0,4.0,N,
Manchester Red,Liverpool,2.45,3.75,2.59,0-0,0.0,0.0,0.0,N,
London Blues,London Reds,3.67,3.52,1.98,0-3,0.0,3.0,3.0,E,
Sunderland,Burnley,4.01,3.95,1.79,0-1,0.0,1.0,1.0,E,
Manchester Blue,N. Forest,1.18,7.51,12.43,3-0,3.0,0.0,3.0,D,
Spurs,Fulham,1.89,4.09,3.48,2-0,2.0,0.0,2.0,D,
Bournemouth,Brentford,2.6,3.23,2.73,3-1,3.0,1.0,4.0,D,
Brighton,Newcastle,2.17,3.87,2.94,3-2,3.0,2.0,5.0,D,
Everton,C. Palace,2.44,3.04,3.12,4-1,4.0,1.0,5.0,D,
N. Forest,Leeds,1.49,4.06,7.09,2-1,2.0,1.0,3.0,D,
West Ham,London Blues,2.47,3.63,2.64,2-2,2.0,2.0,4.0,N,
C. Palace,Newcastle,2.53,3.71,2.53,2-3,2.0,3.0,5.0,E,
London Reds,Spurs,1.44,5.21,5.8100000000000005,3-1,3.0,1.0,4.0,D,
Wolverhampton,Manchester Red,2.4,3.4,2.86,0-1,0.0,1.0,1.0,E,
Liverpool,Sunderland,1.18,7.25,13.93,1-3,1.0,3.0,4.0,E,
Fulham,Everton,1.82,3.56,4.33,1-0,1.0,0.0,1.0,D,
Burnley,Brighton,3.91,3.94,1.82,0-1,0.0,1.0,1.0,E,
Brentford,A. Villa,1.92,3.95,3.51,3-0,3.0,0.0,3.0,D,
Manchester Blue,Bournemouth,1.21,7.23,10.37,4-1,4.0,1.0,5.0,D,
Manchester Red,N. Forest,1.54,4.24,5.67,1-0,1.0,0.0,1.0,D,
Bournemouth,A. Villa,2.21,3.29,3.29,2-2,2.0,2.0,4.0,N,
London Blues,Brentford,1.84,3.75,4.0,1-1,1.0,1.0,2.0,N,
Brighton,Liverpool,2.53,3.91,2.45,0-0,0.0,0.0,0.0,N,
Sunderland,Wolverhampton,4.38,3.76,1.77,3-1,3.0,1.0,4.0,D,
C. Palace,Burnley,1.6,4.43,4.8,3-2,3.0,2.0,5.0,D,
Everton,London Reds,6.2,3.51,1.63,1-2,1.0,2.0,3.0,E,
Newcastle,Fulham,1.49,4.44,6.11,3-1,3.0,1.0,4.0,D,
Spurs,West Ham,1.6,4.62,4.58,1-2,1.0,2.0,3.0,E,
Leeds,Manchester Blue,14.23,6.44,1.2,0-3,0.0,3.0,3.0,E,
Wolverhampton,Brighton,2.68,3.84,2.34,2-0,2.0,0.0,2.0,D,
N. Forest,Sunderland,1.69,3.99,4.63,3-1,3.0,1.0,4.0,D,
A. Villa,London Blues,1.62,4.44,4.63,5-1,5.0,1.0,6.0,D,
Brentford,Spurs,2.04,4.38,2.93,3-0,3.0,0.0,3.0,D,
London Reds,Newcastle,1.57,4.63,4.82,2-1,2.0,1.0,3.0,D,
West Ham,Everton,2.0,3.35,3.83,1-1,1.0,1.0,2.0,N,
Leeds,Bournemouth,4.33,4.18,1.7000000000000002,3-0,3.0,0.0,3.0,D,
Fulham,Burnley,1.56,4.7,4.8100000000000005,3-0,3.0,0.0,3.0,D,
Manchester Blue,Manchester Red,1.29,5.82,8.93,3-1,3.0,1.0,4.0,D,
Liverpool,C. Palace,1.32,5.17,8.98,3-2,3.0,2.0,5.0,D,
Newcastle,West Ham,1.29,5.72,9.2,0-1,0.0,1.0,1.0,E,
Fulham,Liverpool,3.24,4.11,1.97,2-3,2.0,3.0,5.0,E,
Spurs,A. Villa,1.87,4.06,3.5700000000000003,0-5,0.0,5.0,5.0,E,
Bournemouth,London Blues,2.35,3.43,2.91,2-1,2.0,1.0,3.0,D,
Manchester Red,Leeds,1.35,4.71,9.33,1-0,1.0,0.0,1.0,D,
Burnley,London Reds,9.38,4.71,1.35,0-4,0.0,4.0,4.0,E,
Sunderland,Manchester Blue,17.49,7.12,1.16,0-4,0.0,4.0,4.0,E,
C. Palace,Wolverhampton,1.66,4.01,4.77,3-1,3.0,1.0,4.0,D,
Everton,Brentford,2.62,3.11,2.81,0-2,0.0,2.0,2.0,E,
Brighton,N. Forest,1.56,4.43,5.23,4-1,4.0,1.0,5.0,D,
A. Villa,Everton,1.47,4.33,6.66,4-0,4.0,0.0,4.0,D,
Wolverhampton,Fulham,2.58,3.4,2.64,2-1,2.0,1.0,3.0,D,
West Ham,Burnley,1.76,4.26,3.91,2-3,2.0,3.0,5.0,E,
Leeds,Sunderland,3.52,3.71,1.98,0-1,0.0,1.0,1.0,E,
Manchester Red,Bournemouth,1.6,4.32,4.88,2-1,2.0,1.0,3.0,D,
London Reds,Liverpool,1.7000000000000002,4.44,4.07,1-3,1.0,3.0,4.0,E,
Brentford,Newcastle,2.33,4.17,2.55,0-2,0.0,2.0,2.0,E,
Manchester Blue,Brighton,1.34,5.86,6.93,2-2,2.0,2.0,4.0,N,
N. Forest,C. Palace,2.09,3.32,3.56,0-3,0.0,3.0,3.0,E,
London Blues,Spurs,1.78,4.16,3.86,1-0,1.0,0.0,1.0,D,
Burnley,Brentford,3.86,3.46,1.95,0-0,0.0,0.0,0.0,N,
Bournemouth,Spurs,2.58,3.74,2.47,3-1,3.0,1.0,4.0,D,
C. Palace,Manchester Blue,4.41,3.71,1.77,2-1,2.0,1.0,3.0,D,
London Reds,Wolverhampton,1.24,6.37,10.27,3-0,3.0,0.0,3.0,D,
Liverpool,West Ham,1.23,6.29,11.02,3-1,3.0,1.0,4.0,D,
Newcastle,A. Villa,1.41,4.8100000000000005,7.1,1-1,1.0,1.0,2.0,N,
Sunderland,Manchester Red,6.44,4.18,1.5,0-0,0.0,0.0,0.0,N,
Brighton,Leeds,1.34,5.08,8.62,5-0,5.0,0.0,5.0,D,
Fulham,N. Forest,1.71,4.17,4.24,2-1,2.0,1.0,3.0,D,
Everton,London Blues,2.54,3.24,2.79,1-0,1.0,0.0,1.0,D,
Leeds,C. Palace,5.1,3.8,1.66,2-2,2.0,2.0,4.0,N,
Manchester Blue,Fulham,1.35,5.37,7.64,4-0,4.0,0.0,4.0,D,
A. Villa,Burnley,1.3,6.09,7.96,0-0,0.0,0.0,0.0,N,
Spurs,Everton,1.63,4.04,4.99,1-1,1.0,1.0,2.0,N,
N. Forest,London Reds,4.97,3.5700000000000003,1.73,1-3,1.0,3.0,4.0,E,
Brentford,Liverpool,2.8,4.16,2.16,2-1,2.0,1.0,3.0,D,
Manchester Red,Brighton,1.94,3.94,3.45,3-2,3.0,2.0,5.0,D,
West Ham,Wolverhampton,1.84,3.91,3.84,1-1,1.0,1.0,2.0,N,
London Blues,Newcastle,1.98,3.83,3.42,0-2,0.0,2.0,2.0,E,
Sunderland,Bournemouth,5.08,4.33,1.58,0-3,0.0,3.0,3.0,E,
C. Palace,Manchester Red,2.01,3.54,3.59,3-0,3.0,0.0,3.0,D,
Wolverhampton,Brentford,2.83,3.42,2.41,1-2,1.0,2.0,3.0,E,
Bournemouth,Everton,2.04,3.11,4.04,2-3,2.0,3.0,5.0,E,
Brighton,Sunderland,1.53,4.55,5.37,2-0,2.0,0.0,2.0,D,
West Ham,N. Forest,1.87,3.88,3.75,2-3,2.0,3.0,5.0,E,
Newcastle,Spurs,1.47,4.98,5.52,2-0,2.0,0.0,2.0,D,
Burnley,London Blues,3.31,3.48,2.13,2-2,2.0,2.0,4.0,N,
Liverpool,A. Villa,1.28,5.63,9.6,1-2,1.0,2.0,3.0,E,
London Reds,Manchester Blue,2.25,3.7,2.89,1-0,1.0,0.0,1.0,D,
Fulham,Leeds,1.46,4.44,6.71,0-1,0.0,1.0,1.0,E,
Brighton,Bournemouth,1.64,4.54,4.35,1-2,1.0,2.0,3.0,E,
Brentford,N. Forest,1.58,4.61,4.79,3-0,3.0,0.0,3.0,D,
Manchester Red,Fulham,1.93,3.59,3.79,3-1,3.0,1.0,4.0,D,
A. Villa,Wolverhampton,1.37,5.34,7.14,2-0,2.0,0.0,2.0,D,
London Blues,Liverpool,2.26,3.81,2.81,2-0,2.0,0.0,2.0,D,
Everton,Newcastle,3.17,3.43,2.21,2-1,2.0,1.0,3.0,D,
Manchester Blue,West Ham,1.2,7.06,11.71,4-2,4.0,2.0,6.0,D,
Sunderland,C. Palace,6.22,3.94,1.55,0-2,0.0,2.0,2.0,E,
Spurs,Burnley,1.43,5.39,5.63,2-2,2.0,2.0,4.0,N,
Leeds,London Reds,18.74,7.39,1.15,1-2,1.0,2.0,3.0,E,
Liverpool,Spurs,1.37,5.52,6.82,2-0,2.0,0.0,2.0,D,
Fulham,Sunderland,1.63,4.37,4.59,1-0,1.0,0.0,1.0,D,
Brentford,Manchester Blue,3.81,4.04,1.82,2-3,2.0,3.0,5.0,E,
London Reds,Manchester Red,1.37,5.09,7.4,1-3,1.0,3.0,4.0,E,
Bournemouth,Newcastle,2.73,3.54,2.43,0-0,0.0,0.0,0.0,N,
West Ham,Leeds,1.59,3.98,5.61,3-2,3.0,2.0,5.0,D,
C. Palace,Brighton,2.24,3.89,2.8,0-1,0.0,1.0,1.0,E,
Burnley,Everton,2.73,2.93,2.84,1-1,1.0,1.0,2.0,N,
Wolverhampton,London Blues,2.62,3.47,2.56,3-1,3.0,1.0,4.0,D,
N. Forest,A. Villa,2.06,3.44,3.53,4-1,4.0,1.0,5.0,D,
Newcastle,Burnley,1.21,6.96,11.39,0-0,0.0,0.0,0.0,N,
London Blues,N. Forest,1.43,4.67,6.74,3-1,3.0,1.0,4.0,D,
Everton,Liverpool,3.47,3.54,2.04,2-2,2.0,2.0,4.0,N,
Spurs,Wolverhampton,1.52,4.76,5.22,3-0,3.0,0.0,3.0,D,
Manchester Red,West Ham,1.61,4.14,5.03,3-1,3.0,1.0,4.0,D,
Leeds,Brentford,6.05,4.31,1.51,0-1,0.0,1.0,1.0,E,
C. Palace,Bournemouth,1.83,4.04,3.75,1-2,1.0,2.0,3.0,E,
A. Villa,Manchester Blue,2.88,3.71,2.26,1-2,1.0,2.0,3.0,E,
Sunderland,London Reds,22.37,7.85,1.13,0-3,0.0,3.0,3.0,E,
Brighton,Fulham,1.89,3.83,3.71,1-1,1.0,1.0,2.0,N,
Fulham,C. Palace,2.12,3.56,3.26,4-0,4.0,0.0,4.0,D,
Manchester Blue,London Blues,1.31,5.85,8.01,2-1,2.0,1.0,3.0,D,
Wolverhampton,Everton,2.11,3.19,3.67,1-1,1.0,1.0,2.0,N,
London Reds,Brighton,1.42,5.33,5.92,1-1,1.0,1.0,2.0,N,
N. Forest,Spurs,2.24,3.86,2.81,3-2,3.0,2.0,5.0,D,
Bournemouth,Burnley,1.72,4.01,4.36,2-1,2.0,1.0,3.0,D,
West Ham,Sunderland,1.78,4.07,3.96,3-0,3.0,0.0,3.0,D,
Brentford,Manchester Red,1.85,4.04,3.7,1-2,1.0,2.0,3.0,E,
Liverpool,Newcastle,1.43,4.94,6.29,3-1,3.0,1.0,4.0,D,
A. Villa,Leeds,1.23,6.02,11.9,2-0,2.0,0.0,2.0,D,
Fulham,Bournemouth,1.8,4.24,3.71,1-1,1.0,1.0,2.0,N,
C. Palace,London Reds,5.0,3.75,1.6800000000000002,1-3,1.0,3.0,4.0,E,
Spurs,Manchester Blue,3.67,4.05,1.85,3-2,3.0,2.0,5.0,D,
Brighton,West Ham,1.58,4.39,4.98,2-2,2.0,2.0,4.0,N,
Newcastle,Wolverhampton,1.26,6.02,10.21,5-1,5.0,1.0,6.0,D,
Sunderland,Brentford,7.26,4.45,1.43,1-1,1.0,1.0,2.0,N,
Everton,N. Forest,1.94,3.48,3.9,0-1,0.0,1.0,1.0,E,
Manchester Red,A. Villa,1.81,3.73,4.2,2-0,2.0,0.0,2.0,D,
London Blues,Leeds,1.31,5.03,10.15,2-0,2.0,0.0,2.0,D,
Burnley,Liverpool,5.34,4.26,1.57,0-2,0.0,2.0,2.0,E,
Wolverhampton,Burnley,1.82,4.02,3.84,2-2,2.0,2.0,4.0,N,
N. Forest,Newcastle,2.46,3.67,2.63,2-1,2.0,1.0,3.0,D,
Manchester Blue,Everton,1.23,5.99,12.01,5-0,5.0,0.0,5.0,D,
A. Villa,Sunderland,1.34,5.54,7.45,3-1,3.0,1.0,4.0,D,
Leeds,Spurs,5.95,5.02,1.44,1-2,1.0,2.0,3.0,E,
Brentford,Brighton,2.03,4.33,2.96,1-3,1.0,3.0,4.0,E,
London Blues,Manchester Red,1.69,3.87,4.75,2-2,2.0,2.0,4.0,N,
West Ham,C. Palace,2.38,3.38,2.9,0-2,0.0,2.0,2.0,E,
London Reds,Fulham,1.41,4.97,6.61,4-1,4.0,1.0,5.0,D,
Bournemouth,Liverpool,3.4,3.65,2.03,2-0,2.0,0.0,2.0,D,
Newcastle,Manchester Blue,2.32,3.56,2.87,2-1,2.0,1.0,3.0,D,
Sunderland,London Blues,7.1,4.62,1.42,2-4,2.0,4.0,6.0,E,
Brighton,A. Villa,1.74,3.96,4.27,0-2,0.0,2.0,2.0,E,
London Reds,Bournemouth,1.3,5.94,8.11,1-1,1.0,1.0,2.0,N,
Fulham,West Ham,1.77,4.07,4.02,2-1,2.0,1.0,3.0,D,
Liverpool,Wolverhampton,1.2,6.67,12.69,3-0,3.0,0.0,3.0,D,
C. Palace,Brentford,2.24,3.5,3.05,0-1,0.0,1.0,1.0,E,
Burnley,N. Forest,2.5,3.44,2.71,0-2,0.0,2.0,2.0,E,
Spurs,Manchester Red,1.79,4.09,3.88,2-1,2.0,1.0,3.0,D,
Everton,Leeds,1.65,3.48,6.04,1-0,1.0,0.0,1.0,D,
West Ham,London Reds,6.3,4.33,1.49,1-4,1.0,4.0,5.0,E,
Manchester Red,Everton,1.69,3.54,5.37,3-0,3.0,0.0,3.0,D,
Bournemouth,Wolverhampton,1.85,3.55,4.22,3-0,3.0,0.0,3.0,D,
Brentford,Fulham,1.95,4.02,3.34,3-3,3.0,3.0,6.0,N,
N. Forest,Liverpool,3.06,3.68,2.17,0-1,0.0,1.0,1.0,E,
Leeds,Newcastle,7.66,5.22,1.35,3-2,3.0,2.0,5.0,D,
Manchester Blue,Burnley,1.17,8.1,12.55,2-1,2.0,1.0,3.0,D,
Spurs,Sunderland,1.51,4.95,5.11,1-2,1.0,2.0,3.0,E,
A. Villa,C. Palace,1.62,4.13,4.97,2-2,2.0,2.0,4.0,N,
London Blues,Brighton,1.77,4.2,3.87,3-0,3.0,0.0,3.0,D,
Fulham,A. Villa,2.0,3.73,3.44,3-0,3.0,0.0,3.0,D,
Liverpool,Manchester Blue,2.05,3.64,3.37,3-2,3.0,2.0,5.0,D,
Newcastle,Manchester Red,1.38,4.92,7.63,2-1,2.0,1.0,3.0,D,
C. Palace,London Blues,2.25,3.65,2.94,0-0,0.0,0.0,0.0,N,
Brighton,Spurs,1.95,4.22,3.22,3-1,3.0,1.0,4.0,D,
Wolverhampton,N. Forest,1.88,3.75,3.82,2-3,2.0,3.0,5.0,E,
London Reds,Brentford,1.44,4.8100000000000005,6.37,1-1,1.0,1.0,2.0,N,
Burnley,Leeds,2.01,3.19,4.01,3-0,3.0,0.0,3.0,D,
West Ham,Bournemouth,2.05,3.98,3.12,3-1,3.0,1.0,4.0,D,
Everton,Sunderland,1.93,3.51,3.88,1-2,1.0,2.0,3.0,E,
Everton,Brighton,2.71,3.5,2.46,2-1,2.0,1.0,3.0,D,
Manchester Blue,Wolverhampton,1.18,7.43,12.67,1-0,1.0,0.0,1.0,D,
Bournemouth,N. Forest,1.84,3.67,4.11,2-1,2.0,1.0,3.0,D,
London Blues,Fulham,1.77,3.81,4.31,3-0,3.0,0.0,3.0,D,
Manchester Red,Burnley,1.42,4.96,6.51,1-0,1.0,0.0,1.0,D,
Sunderland,Newcastle,9.27,5.48,1.3,2-3,2.0,3.0,5.0,E,
A. Villa,London Reds,3.45,3.66,2.01,1-2,1.0,2.0,3.0,E,
Leeds,Liverpool,9.83,6.14,1.26,1-1,1.0,1.0,2.0,N,
Brentford,West Ham,1.66,4.43,4.29,3-1,3.0,1.0,4.0,D,
Spurs,C. Palace,1.84,3.96,3.78,3-0,3.0,0.0,3.0,D,
West Ham,A. Villa,2.35,3.56,2.83,1-0,1.0,0.0,1.0,D,
Wolverhampton,Leeds,1.61,3.87,5.52,4-1,4.0,1.0,5.0,D,
Liverpool,Manchester Red,1.31,5.36,9.05,2-0,2.0,0.0,2.0,D,
London Reds,London Blues,1.42,5.0,6.48,4-1,4.0,1.0,5.0,D,
Burnley,Sunderland,2.37,3.46,2.87,0-2,0.0,2.0,2.0,E,
N. Forest,Manchester Blue,4.2,3.55,1.85,0-3,0.0,3.0,3.0,E,
Fulham,Spurs,2.21,4.13,2.73,3-1,3.0,1.0,4.0,D,
Brentford,Bournemouth,1.75,4.46,3.76,2-1,2.0,1.0,3.0,D,
Newcastle,Brighton,1.48,4.91,5.6,2-1,2.0,1.0,3.0,D,
C. Palace,Everton,1.86,3.33,4.49,1-2,1.0,2.0,3.0,E,
Leeds,N. Forest,3.91,3.82,1.84,0-3,0.0,3.0,3.0,E,
London Blues,West Ham,1.49,4.49,6.0,2-2,2.0,2.0,4.0,N,
Newcastle,C. Palace,1.45,4.42,6.87,3-0,3.0,0.0,3.0,D,
Spurs,London Reds,4.47,4.16,1.6800000000000002,1-1,1.0,1.0,2.0,N,
Manchester Red,Wolverhampton,1.56,4.18,5.51,2-2,2.0,2.0,4.0,N,
Sunderland,Liverpool,12.0,6.54,1.21,1-2,1.0,2.0,3.0,E,
Everton,Fulham,2.53,3.16,2.87,2-2,2.0,2.0,4.0,N,
Brighton,Burnley,1.44,5.02,5.97,4-0,4.0,0.0,4.0,D,
A. Villa,Brentford,1.73,4.06,4.24,1-1,1.0,1.0,2.0,N,
Bournemouth,Manchester Blue,4.99,3.61,1.72,2-0,2.0,0.0,2.0,D,
N. Forest,Manchester Red,1.96,3.55,3.75,1-3,1.0,3.0,4.0,E,
A. Villa,Bournemouth,1.46,5.0,5.73,1-0,1.0,0.0,1.0,D,
Brentford,London Blues,2.07,4.01,3.05,2-0,2.0,0.0,2.0,D,
Liverpool,Brighton,1.38,5.39,6.73,5-1,5.0,1.0,6.0,D,
Wolverhampton,Sunderland,1.88,3.81,3.76,1-0,1.0,0.0,1.0,D,
Burnley,C. Palace,3.27,3.22,2.25,1-2,1.0,2.0,3.0,E,
London Reds,Everton,1.3,5.23,10.14,0-2,0.0,2.0,2.0,E,
Fulham,Newcastle,2.64,3.94,2.34,1-0,1.0,0.0,1.0,D,
West Ham,Spurs,2.49,4.0,2.44,3-1,3.0,1.0,4.0,D,
Manchester Blue,Leeds,1.12,8.62,20.48,3-1,3.0,1.0,4.0,D,
Brighton,Wolverhampton,1.53,4.52,5.35,3-0,3.0,0.0,3.0,D,
Sunderland,N. Forest,4.5,3.87,1.73,1-1,1.0,1.0,2.0,N,
London Blues,A. Villa,1.65,3.96,4.98,2-1,2.0,1.0,3.0,D,
Spurs,Brentford,2.0,3.98,3.24,2-2,2.0,2.0,4.0,N,
Newcastle,London Reds,2.75,3.42,2.48,0-0,0.0,0.0,0.0,N,
Everton,West Ham,1.98,3.39,3.86,2-1,2.0,1.0,3.0,D,
Bournemouth,Leeds,1.59,3.72,6.24,4-0,4.0,0.0,4.0,D,
Burnley,Fulham,3.36,3.38,2.14,0-1,0.0,1.0,1.0,E,
Manchester Red,Manchester Blue,3.67,3.45,2.01,3-1,3.0,1.0,4.0,D,
C. Palace,Liverpool,2.94,3.85,2.17,2-2,2.0,2.0,4.0,N,
West Ham,Newcastle,2.94,3.89,2.16,0-1,0.0,1.0,1.0,E,
Liverpool,Fulham,1.35,5.1,8.19,3-0,3.0,0.0,3.0,D,
A. Villa,Spurs,1.73,4.51,3.84,3-1,3.0,1.0,4.0,D,
London Blues,Bournemouth,1.54,4.5600000000000005,5.24,1-1,1.0,1.0,2.0,N,
Leeds,Manchester Red,4.83,3.87,1.6800000000000002,1-1,1.0,1.0,2.0,N,
London Reds,Burnley,1.18,7.65,12.32,2-2,2.0,2.0,4.0,N,
Manchester Blue,Sunderland,1.17,7.7,12.88,1-2,1.0,2.0,3.0,E,
Wolverhampton,C. Palace,2.5,3.29,2.8,0-3,0.0,3.0,3.0,E,
Brentford,Everton,1.72,3.84,4.57,0-1,0.0,1.0,1.0,E,
N. Forest,Brighton,2.3,3.78,2.77,1-0,1.0,0.0,1.0,D,
Everton,A. Villa,2.39,3.19,3.05,0-0,0.0,0.0,0.0,N,
Fulham,Wolverhampton,1.66,4.22,4.49,3-0,3.0,0.0,3.0,D,
Burnley,West Ham,2.83,3.44,2.4,1-1,1.0,1.0,2.0,N,
Sunderland,Leeds,3.26,3.21,2.26,1-2,1.0,2.0,3.0,E,
Bournemouth,Manchester Red,2.23,3.25,3.3,1-1,1.0,1.0,2.0,N,
Liverpool,London Reds,2.32,3.43,2.96,2-0,2.0,0.0,2.0,D,
Newcastle,Brentford,1.53,4.36,5.69,1-1,1.0,1.0,2.0,N,
Brighton,Manchester Blue,3.48,3.65,2.0,3-0,3.0,0.0,3.0,D,
C. Palace,N. Forest,1.71,3.98,4.48,4-1,4.0,1.0,5.0,D,
Spurs,London Blues,1.84,4.26,3.54,3-1,3.0,1.0,4.0,D,
Brentford,Burnley,1.46,5.28,5.45,2-0,2.0,0.0,2.0,D,
Spurs,Bournemouth,1.65,4.76,4.13,2-3,2.0,3.0,5.0,E,
Manchester Blue,C. Palace,1.31,5.42,8.85,3-1,3.0,1.0,4.0,D,
Wolverhampton,London Reds,6.52,4.05,1.52,1-1,1.0,1.0,2.0,N,
West Ham,Liverpool,3.43,4.06,1.92,2-1,2.0,1.0,3.0,D,
A. Villa,Newcastle,1.89,4.15,3.46,1-1,1.0,1.0,2.0,N,
Manchester Red,Sunderland,1.5,4.49,5.87,3-1,3.0,1.0,4.0,D,
Leeds,Brighton,6.46,5.13,1.41,1-1,1.0,1.0,2.0,N,
N. Forest,Fulham,2.12,3.45,3.36,3-0,3.0,0.0,3.0,D,
London Blues,Everton,1.55,3.85,6.51,3-2,3.0,2.0,5.0,D,
C. Palace,Leeds,1.5,4.15,6.62,3-0,3.0,0.0,3.0,D,
Fulham,Manchester Blue,4.33,3.96,1.73,3-1,3.0,1.0,4.0,D,
Burnley,A. Villa,3.09,3.37,2.27,2-3,2.0,3.0,5.0,E,
Everton,Spurs,2.7,3.53,2.47,4-1,4.0,1.0,5.0,D,
London Reds,N. Forest,1.22,6.62,10.86,2-1,2.0,1.0,3.0,D,
Liverpool,Brentford,1.38,4.9,7.67,4-0,4.0,0.0,4.0,D,
Brighton,Manchester Red,1.78,3.92,4.14,2-0,2.0,0.0,2.0,D,
Wolverhampton,West Ham,2.09,3.6,3.3,0-2,0.0,2.0,2.0,E,
Newcastle,London Blues,1.43,4.83,6.57,3-1,3.0,1.0,4.0,D,
Bournemouth,Sunderland,1.78,3.77,4.28,0-1,0.0,1.0,1.0,E,
Manchester Red,C. Palace,1.8,3.59,4.43,2-2,2.0,2.0,4.0,N,
Brentford,Wolverhampton,1.55,4.67,4.97,2-2,2.0,2.0,4.0,N,
Everton,Bournemouth,2.12,3.5700000000000003,3.23,4-2,4.0,2.0,6.0,D,
Sunderland,Brighton,7.84,5.54,1.33,0-3,0.0,3.0,3.0,E,
N. Forest,West Ham,1.77,3.79,4.32,3-1,3.0,1.0,4.0,D,
Spurs,Newcastle,2.22,4.2,2.69,1-1,1.0,1.0,2.0,N,
London Blues,Burnley,1.35,5.39,7.56,4-2,4.0,2.0,6.0,D,
A. Villa,Liverpool,2.14,4.07,2.87,1-1,1.0,1.0,2.0,N,
Manchester Blue,London Reds,2.18,3.71,3.01,1-2,1.0,2.0,3.0,E,
Leeds,Fulham,5.5600000000000005,4.2,1.56,0-0,0.0,0.0,0.0,N,
Bournemouth,Brighton,2.5700000000000003,3.66,2.51,3-2,3.0,2.0,5.0,D,
N. Forest,Brentford,2.28,3.38,3.08,4-1,4.0,1.0,5.0,D,
Fulham,Manchester Red,2.07,3.71,3.26,4-0,4.0,0.0,4.0,D,
Wolverhampton,A. Villa,2.47,3.37,2.79,1-2,1.0,2.0,3.0,E,
Liverpool,London Blues,1.34,5.27,7.98,3-0,3.0,0.0,3.0,D,
Newcastle,Everton,1.35,4.71,9.27,1-1,1.0,1.0,2.0,N,
West Ham,Manchester Blue,5.26,4.12,1.59,2-1,2.0,1.0,3.0,D,
C. Palace,Sunderland,1.69,4.01,4.58,1-1,1.0,1.0,2.0,N,
Burnley,Spurs,3.61,3.9,1.9,0-2,0.0,2.0,2.0,E,
London Reds,Leeds,1.16,7.32,16.66,2-0,2.0,0.0,2.0,D,
Spurs,Liverpool,2.74,4.22,2.18,0-3,0.0,3.0,3.0,E,
Sunderland,Fulham,7.21,4.52,1.43,3-1,3.0,1.0,4.0,D,
Manchester Blue,Brentford,1.35,5.36,7.68,3-1,3.0,1.0,4.0,D,
Manchester Red,London Reds,4.24,3.51,1.85,0-4,0.0,4.0,4.0,E,
Newcastle,Bournemouth,1.32,5.74,7.71,2-1,2.0,1.0,3.0,D,
Leeds,West Ham,4.09,3.86,1.8,1-3,1.0,3.0,4.0,E,
Brighton,C. Palace,1.85,3.75,3.97,3-2,3.0,2.0,5.0,D,
Everton,Burnley,1.77,3.81,4.31,2-3,2.0,3.0,5.0,E,
London Blues,Wolverhampton,1.42,4.8,6.82,0-0,0.0,0.0,0.0,N,
A. Villa,N. Forest,1.34,5.49,7.7,1-1,1.0,1.0,2.0,N,
Burnley,Newcastle,4.38,3.94,1.73,0-1,0.0,1.0,1.0,E,
N. Forest,London Blues,2.12,3.55,3.26,1-0,1.0,0.0,1.0,D,
Liverpool,Everton,1.25,5.59,12.55,0-0,0.0,0.0,0.0,N,
Wolverhampton,Spurs,2.74,3.84,2.3,1-1,1.0,1.0,2.0,N,
West Ham,Manchester Red,2.21,3.66,2.99,1-2,1.0,2.0,3.0,E,
Brentford,Leeds,1.38,5.03,7.42,2-2,2.0,2.0,4.0,N,
Bournemouth,C. Palace,2.31,3.17,3.21,1-1,1.0,1.0,2.0,N,
Manchester Blue,A. Villa,1.3,5.73,8.53,2-1,2.0,1.0,3.0,D,
London Reds,Sunderland,1.22,6.78,11.0,0-0,0.0,0.0,0.0,N,
Fulham,Brighton,2.26,4.03,2.71,0-1,0.0,1.0,1.0,E,
C. Palace,Fulham,2.22,3.45,3.14,0-3,0.0,3.0,3.0,E,
Sunderland,A. Villa,5.73,4.04,1.57,4-1,4.0,1.0,5.0,D,
Spurs,London Blues,1.97,4.13,3.21,0-2,0.0,2.0,2.0,E,
Wolverhampton,Bournemouth,2.16,3.75,3.03,0-1,0.0,1.0,1.0,E,
London Reds,Manchester Red,1.33,5.38,8.15,0-1,0.0,1.0,1.0,E,
Leeds,Liverpool,9.35,5.92,1.28,0-3,0.0,3.0,3.0,E,
N. Forest,Manchester Blue,4.13,3.56,1.86,1-2,1.0,2.0,3.0,E,
Newcastle,Brentford,1.52,4.34,5.8100000000000005,1-1,1.0,1.0,2.0,N,
Everton,West Ham,1.98,3.4,3.85,1-1,1.0,1.0,2.0,N,
Brighton,Burnley,1.43,5.06,6.06,3-1,3.0,1.0,4.0,D,
West Ham,London Reds,6.08,4.27,1.51,0-2,0.0,2.0,2.0,E,
N. Forest,Wolverhampton,1.64,3.96,5.09,2-3,2.0,3.0,5.0,E,
London Blues,Liverpool,2.32,3.78,2.74,,,,,,
Burnley,Spurs,3.59,3.92,1.9,1-1,1.0,1.0,2.0,N,
Manchester Red,Brighton,1.98,3.97,3.29,1-0,1.0,0.0,1.0,D,
Fulham,Leeds,1.47,4.37,6.63,2-1,2.0,1.0,3.0,D,
Manchester Blue,Newcastle,1.41,5.33,6.15,1-1,1.0,1.0,2.0,N,
Brentford,Sunderland,1.55,4.78,4.91,2-1,2.0,1.0,3.0,D,
Bournemouth,Everton,2.04,3.06,4.12,2-2,2.0,2.0,4.0,N,
A. Villa,C. Palace,1.6,4.17,5.1,0-1,0.0,1.0,1.0,E,
C. Palace,Brentford,2.3,3.47,2.96,1-2,1.0,2.0,3.0,E,
Brighton,West Ham,1.57,4.41,5.08,2-0,2.0,0.0,2.0,D,
Spurs,Manchester Red,1.81,4.1,3.79,2-2,2.0,2.0,4.0,N,
Sunderland,Manchester Blue,18.88,7.58,1.14,1-0,1.0,0.0,1.0,D,
Newcastle,N. Forest,1.25,6.2,10.4,2-0,2.0,0.0,2.0,D,
Leeds,A. Villa,5.12,3.97,1.63,0-1,0.0,1.0,1.0,E,
Liverpool,Burnley,1.16,7.9,13.82,1-1,1.0,1.0,2.0,N,
London Reds,Bournemouth,1.29,6.12,8.21,4-0,4.0,0.0,4.0,D,
London Blues,Fulham,1.81,3.8,4.12,2-0,2.0,0.0,2.0,D,
Wolverhampton,Everton,2.16,3.09,3.66,1-1,1.0,1.0,2.0,N,
A. Villa,London Blues,1.65,4.34,4.47,6-0,6.0,0.0,6.0,D,
Bournemouth,Brighton,2.6,3.67,2.48,0-1,0.0,1.0,1.0,E,
Everton,London Reds,6.4,3.65,1.59,1-2,1.0,2.0,3.0,E,
N. Forest,Sunderland,1.69,3.97,4.65,1-1,1.0,1.0,2.0,N,
West Ham,Spurs,2.47,4.05,2.45,2-0,2.0,0.0,2.0,D,
Burnley,Fulham,3.67,3.46,2.01,0-3,0.0,3.0,3.0,E,
Manchester Blue,C. Palace,1.29,5.69,9.1,4-0,4.0,0.0,4.0,D,
Newcastle,Wolverhampton,1.24,6.24,10.57,2-0,2.0,0.0,2.0,D,
Brentford,Leeds,1.35,5.13,7.92,2-1,2.0,1.0,3.0,D,
Manchester Red,Liverpool,2.53,3.7,2.54,3-0,3.0,0.0,3.0,D,
Burnley,A. Villa,3.15,3.34,2.26,1-2,1.0,2.0,3.0,E,
C. Palace,N. Forest,1.6800000000000002,4.01,4.62,1-0,1.0,0.0,1.0,D,
London Blues,Brentford,1.81,3.71,4.2,4-0,4.0,0.0,4.0,D,
Wolverhampton,London Reds,6.38,4.15,1.51,2-2,2.0,2.0,4.0,N,
Liverpool,West Ham,1.21,6.61,11.77,2-1,2.0,1.0,3.0,D,
Spurs,Bournemouth,1.63,4.8,4.19,2-2,2.0,2.0,4.0,N,
Brighton,Everton,1.6800000000000002,3.73,5.07,4-0,4.0,0.0,4.0,D,
Sunderland,Newcastle,9.38,5.65,1.29,0-4,0.0,4.0,4.0,E,
Leeds,Manchester Blue,15.3,6.68,1.18,0-3,0.0,3.0,3.0,E,
Fulham,Manchester Red,2.03,3.73,3.35,0-3,0.0,3.0,3.0,E,
Manchester Blue,London Blues,1.32,5.78,7.85,4-0,4.0,0.0,4.0,D,
Brentford,Burnley,1.5,5.07,5.06,3-1,3.0,1.0,4.0,D,
West Ham,Fulham,2.51,3.55,2.64,4-0,4.0,0.0,4.0,D,
Everton,Spurs,2.66,3.5700000000000003,2.47,1-2,1.0,2.0,3.0,E,
London Reds,Brighton,1.45,5.2,5.66,0-2,0.0,2.0,2.0,E,
Sunderland,Wolverhampton,4.36,3.77,1.77,2-2,2.0,2.0,4.0,N,
Newcastle,C. Palace,1.46,4.46,6.7,3-1,3.0,1.0,4.0,D,
N. Forest,Leeds,1.45,4.16,7.56,2-0,2.0,0.0,2.0,D,
Manchester Red,A. Villa,1.76,3.79,4.41,1-2,1.0,2.0,3.0,E,
Bournemouth,Liverpool,3.48,3.69,2.0,2-1,2.0,1.0,3.0,D,
A. Villa,West Ham,1.43,4.99,6.25,0-2,0.0,2.0,2.0,E,
Fulham,Bournemouth,1.88,4.19,3.46,1-1,1.0,1.0,2.0,N,
Wolverhampton,Brighton,2.69,3.86,2.33,3-2,3.0,2.0,5.0,D,
Liverpool,Everton,1.23,5.76,13.1,1-1,1.0,1.0,2.0,N,
London Blues,N. Forest,1.43,4.74,6.67,2-2,2.0,2.0,4.0,N,
Leeds,Newcastle,7.47,5.17,1.37,1-4,1.0,4.0,5.0,E,
C. Palace,Sunderland,1.71,4.0,4.48,1-2,1.0,2.0,3.0,E,
Spurs,London Reds,4.22,4.09,1.73,2-1,2.0,1.0,3.0,D,
Burnley,Manchester Blue,8.03,4.46,1.41,1-2,1.0,2.0,3.0,E,
Manchester Red,Brentford,2.04,3.52,3.49,1-2,1.0,2.0,3.0,E,
Newcastle,London Blues,1.47,4.71,5.98,2-1,2.0,1.0,3.0,D,
Everton,Fulham,2.5700000000000003,3.16,2.8200000000000003,2-0,2.0,0.0,2.0,D,
N. Forest,Burnley,1.54,4.48,5.39,1-0,1.0,0.0,1.0,D,
London Reds,Liverpool,1.73,4.41,3.92,3-0,3.0,0.0,3.0,D,
Brighton,Spurs,1.95,4.19,3.23,3-0,3.0,0.0,3.0,D,
West Ham,Brentford,2.62,3.52,2.53,3-1,3.0,1.0,4.0,D,
C. Palace,Wolverhampton,1.69,4.0,4.6,1-0,1.0,0.0,1.0,D,
Bournemouth,A. Villa,2.24,3.31,3.21,2-0,2.0,0.0,2.0,D,
Sunderland,Leeds,3.34,3.17,2.24,1-2,1.0,2.0,3.0,E,
Manchester Blue,Manchester Red,1.3,5.71,8.8,3-2,3.0,2.0,5.0,D,
Burnley,Newcastle,4.39,3.94,1.73,1-1,1.0,1.0,2.0,N,
London Blues,Sunderland,1.39,4.93,7.15,1-0,1.0,0.0,1.0,D,
A. Villa,Everton,1.49,4.22,6.65,2-1,2.0,1.0,3.0,D,
Wolverhampton,Spurs,2.74,3.86,2.29,0-4,0.0,4.0,4.0,E,
Liverpool,Brighton,1.36,5.52,7.0,5-1,5.0,1.0,6.0,D,
Brentford,Bournemouth,1.7000000000000002,4.55,3.97,3-0,3.0,0.0,3.0,D,
Fulham,London Reds,5.3,4.01,1.61,1-2,1.0,2.0,3.0,E,
West Ham,Manchester Blue,5.22,4.07,1.61,1-1,1.0,1.0,2.0,N,
Leeds,C. Palace,4.82,3.76,1.7000000000000002,1-2,1.0,2.0,3.0,E,
Manchester Red,N. Forest,1.54,4.28,5.64,2-3,2.0,3.0,5.0,E,
Bournemouth,Manchester Blue,4.8100000000000005,3.59,1.74,1-1,1.0,1.0,2.0,N,
Leeds,Wolverhampton,3.51,3.65,2.0,2-1,2.0,1.0,3.0,D,
C. Palace,London Blues,2.23,3.62,2.97,2-2,2.0,2.0,4.0,N,
Sunderland,Burnley,3.86,3.94,1.83,1-1,1.0,1.0,2.0,N,
Spurs,Liverpool,2.58,4.27,2.28,3-1,3.0,1.0,4.0,D,
Brighton,Fulham,2.01,3.75,3.38,1-1,1.0,1.0,2.0,N,
London Reds,A. Villa,1.36,5.19,7.7,1-1,1.0,1.0,2.0,N,
Everton,Brentford,2.7,3.15,2.68,2-0,2.0,0.0,2.0,D,
N. Forest,West Ham,1.78,3.8,4.26,2-3,2.0,3.0,5.0,E,
Newcastle,Manchester Red,1.41,4.76,7.12,2-0,2.0,0.0,2.0,D,
Bournemouth,N. Forest,1.87,3.58,4.07,2-2,2.0,2.0,4.0,N,
A. Villa,Brighton,1.74,4.48,3.82,1-0,1.0,0.0,1.0,D,
London Blues,Leeds,1.29,5.22,10.58,3-1,3.0,1.0,4.0,D,
West Ham,Newcastle,3.04,3.92,2.1,2-1,2.0,1.0,3.0,D,
Wolverhampton,Liverpool,3.78,3.95,1.84,1-2,1.0,2.0,3.0,E,
Manchester Blue,Everton,1.22,6.22,12.8,2-0,2.0,0.0,2.0,D,
Manchester Red,Sunderland,1.5,4.5,5.86,1-2,1.0,2.0,3.0,E,
Fulham,Spurs,2.19,4.14,2.77,0-1,0.0,1.0,1.0,E,
Brentford,London Reds,4.6,4.16,1.66,2-1,2.0,1.0,3.0,D,
Burnley,C. Palace,3.32,3.21,2.23,3-2,3.0,2.0,5.0,D,
Leeds,Burnley,3.25,3.85,2.03,1-3,1.0,3.0,4.0,E,
Brighton,Brentford,1.99,3.73,3.45,1-2,1.0,2.0,3.0,E,
Spurs,A. Villa,1.79,4.16,3.83,2-1,2.0,1.0,3.0,D,
Everton,N. Forest,1.89,3.54,4.04,0-3,0.0,3.0,3.0,E,
London Blues,Wolverhampton,1.41,4.82,6.94,2-1,2.0,1.0,3.0,D,
Liverpool,Fulham,1.35,5.15,7.91,2-2,2.0,2.0,4.0,N,
Newcastle,Bournemouth,1.33,5.65,7.64,5-1,5.0,1.0,6.0,D,
Sunderland,West Ham,4.78,3.95,1.67,3-2,3.0,2.0,5.0,D,
C. Palace,Manchester Red,2.03,3.56,3.48,2-1,2.0,1.0,3.0,D,
London Reds,Manchester Blue,2.28,3.64,2.89,0-1,0.0,1.0,1.0,E,
N. Forest,London Reds,5.34,3.71,1.66,1-0,1.0,0.0,1.0,D,
Brentford,Spurs,2.01,4.42,2.97,0-2,0.0,2.0,2.0,E,
Everton,Newcastle,2.95,3.42,2.33,0-0,0.0,0.0,0.0,N,
Manchester Red,Leeds,1.39,4.53,8.37,1-2,1.0,2.0,3.0,E,
Burnley,London Blues,3.44,3.54,2.06,0-3,0.0,3.0,3.0,E,
Wolverhampton,Fulham,2.56,3.41,2.66,1-1,1.0,1.0,2.0,N,
Manchester Blue,Brighton,1.35,5.78,6.74,2-2,2.0,2.0,4.0,N,
Bournemouth,Sunderland,1.83,3.68,4.11,3-1,3.0,1.0,4.0,D,
A. Villa,Liverpool,2.05,4.11,3.04,3-0,3.0,0.0,3.0,D,
West Ham,C. Palace,2.28,3.48,3.0,1-1,1.0,1.0,2.0,N,
Fulham,A. Villa,2.03,3.74,3.32,1-1,1.0,1.0,2.0,N,
Spurs,Manchester Blue,3.95,4.14,1.77,0-1,0.0,1.0,1.0,E,
Liverpool,Brentford,1.38,4.88,7.54,1-1,1.0,1.0,2.0,N,
Leeds,West Ham,4.08,3.86,1.8,0-1,0.0,1.0,1.0,E,
C. Palace,Bournemouth,1.88,4.01,3.5700000000000003,1-2,1.0,2.0,3.0,E,
London Blues,Manchester Red,1.65,3.97,4.96,3-1,3.0,1.0,4.0,D,
London Reds,Newcastle,1.54,4.71,5.01,1-3,1.0,3.0,4.0,E,
Sunderland,Everton,4.74,3.36,1.81,1-2,1.0,2.0,3.0,E,
Burnley,Wolverhampton,2.53,3.42,2.69,3-2,3.0,2.0,5.0,D,
Brighton,N. Forest,1.58,4.41,5.01,2-1,2.0,1.0,3.0,D,
London Reds,Sunderland,1.23,6.5600000000000005,10.72,3-1,3.0,1.0,4.0,D,
Newcastle,Brighton,1.48,4.91,5.47,2-2,2.0,2.0,4.0,N,
Bournemouth,Leeds,1.6,3.65,6.2,2-3,2.0,3.0,5.0,E,
Manchester Blue,Liverpool,1.63,4.67,4.32,3-0,3.0,0.0,3.0,D,
Everton,C. Palace,2.44,3.03,3.12,4-1,4.0,1.0,5.0,D,
Wolverhampton,A. Villa,2.3,3.43,3.0,1-1,1.0,1.0,2.0,N,
West Ham,London Blues,2.41,3.74,2.65,1-1,1.0,1.0,2.0,N,
Brentford,Fulham,1.99,3.99,3.27,1-1,1.0,1.0,2.0,N,
Manchester Red,Burnley,1.44,4.87,6.31,3-0,3.0,0.0,3.0,D,
N. Forest,Spurs,2.19,3.82,2.93,2-1,2.0,1.0,3.0,D,
A. Villa,Brentford,1.72,4.03,4.32,0-2,0.0,2.0,2.0,E,
C. Palace,London Reds,5.05,3.76,1.6800000000000002,1-1,1.0,1.0,2.0,N,
Fulham,Manchester Blue,4.24,3.95,1.75,1-1,1.0,1.0,2.0,N,
Manchester Red,Wolverhampton,1.48,4.5,6.2,3-1,3.0,1.0,4.0,D,
Spurs,Newcastle,2.3,4.18,2.6,2-1,2.0,1.0,3.0,D,
Brighton,Sunderland,1.56,4.49,5.11,1-0,1.0,0.0,1.0,D,
Leeds,Everton,3.96,3.21,2.02,1-1,1.0,1.0,2.0,N,
Burnley,West Ham,2.71,3.4,2.52,1-1,1.0,1.0,2.0,N,
London Blues,Bournemouth,1.52,4.65,5.31,2-1,2.0,1.0,3.0,D,
Liverpool,N. Forest,1.21,6.68,12.28,5-0,5.0,0.0,5.0,D,
Brighton,C. Palace,1.88,3.68,3.91,2-2,2.0,2.0,4.0,N,
Everton,London Blues,2.67,3.25,2.65,0-0,0.0,0.0,0.0,N,
Newcastle,Liverpool,1.77,4.23,3.85,2-0,2.0,0.0,2.0,D,
London Reds,Leeds,1.14,7.93,18.2,3-2,3.0,2.0,5.0,D,
Sunderland,Spurs,7.59,5.38,1.35,0-0,0.0,0.0,0.0,N,
West Ham,Manchester Red,2.18,3.5700000000000003,3.11,1-1,1.0,1.0,2.0,N,
Wolverhampton,Brentford,2.78,3.41,2.46,2-2,2.0,2.0,4.0,N,
Manchester Blue,A. Villa,1.27,6.0,9.19,5-1,5.0,1.0,6.0,D,
Bournemouth,Burnley,1.76,3.91,4.23,0-0,0.0,0.0,0.0,N,
N. Forest,Fulham,2.21,3.43,3.16,3-0,3.0,0.0,3.0,D,
Brentford,Manchester Blue,3.99,4.15,1.76,0-3,0.0,3.0,3.0,E,
Liverpool,Sunderland,1.19,7.13,13.09,2-2,2.0,2.0,4.0,N,
Manchester Red,Bournemouth,1.66,4.26,4.47,3-2,3.0,2.0,5.0,D,
Leeds,Brighton,6.17,4.99,1.43,0-3,0.0,3.0,3.0,E,
Fulham,Newcastle,2.49,3.88,2.5,4-1,4.0,1.0,5.0,D,
Burnley,Everton,2.71,2.98,2.8200000000000003,3-0,3.0,0.0,3.0,D,
A. Villa,N. Forest,1.36,5.35,7.21,2-0,2.0,0.0,2.0,D,
London Blues,London Reds,3.72,3.48,1.99,2-0,2.0,0.0,2.0,D,
Spurs,C. Palace,1.8,4.02,3.91,2-0,2.0,0.0,2.0,D,
West Ham,Wolverhampton,1.78,3.98,4.06,1-2,1.0,2.0,3.0,E,
Newcastle,A. Villa,1.42,4.76,6.94,1-1,1.0,1.0,2.0,N,
Everton,Manchester Red,2.41,3.11,3.09,1-1,1.0,1.0,2.0,N,
C. Palace,Liverpool,3.12,3.86,2.08,3-2,3.0,2.0,5.0,D,
London Reds,Burnley,1.2,7.24,11.41,0-3,0.0,3.0,3.0,E,
N. Forest,Brentford,2.2,3.4,3.2,2-2,2.0,2.0,4.0,N,
Brighton,London Blues,1.96,3.86,3.45,0-4,0.0,4.0,4.0,E,
Sunderland,Fulham,6.75,4.37,1.46,0-4,0.0,4.0,4.0,E,
Spurs,Leeds,1.31,5.52,8.5,0-0,0.0,0.0,0.0,N,
Bournemouth,West Ham,2.03,3.52,3.52,1-4,1.0,4.0,5.0,E,
Wolverhampton,Manchester Blue,5.53,4.0,1.59,0-3,0.0,3.0,3.0,E,
Fulham,C. Palace,2.1,3.56,3.3,3-1,3.0,1.0,4.0,D,
A. Villa,Sunderland,1.36,5.38,7.28,2-0,2.0,0.0,2.0,D,
London Blues,Spurs,1.79,4.26,3.73,0-0,0.0,0.0,0.0,N,
Bournemouth,Wolverhampton,1.82,3.65,4.24,2-0,2.0,0.0,2.0,D,
Manchester Red,London Reds,4.08,3.51,1.89,1-4,1.0,4.0,5.0,E,
Liverpool,Leeds,1.11,8.53,22.97,0-1,0.0,1.0,1.0,E,
Manchester Blue,N. Forest,1.17,7.64,13.28,2-2,2.0,2.0,4.0,N,
Brentford,Newcastle,2.31,4.06,2.62,1-1,1.0,1.0,2.0,N,
West Ham,Everton,2.04,3.36,3.68,4-1,4.0,1.0,5.0,D,
Burnley,Brighton,3.94,4.02,1.79,2-1,2.0,1.0,3.0,D,
London Reds,West Ham,1.27,6.16,9.28,4-0,4.0,0.0,4.0,D,
Wolverhampton,N. Forest,1.97,3.71,3.54,2-0,2.0,0.0,2.0,D,
Liverpool,London Blues,1.34,5.3,7.93,0-0,0.0,0.0,0.0,N,
Spurs,Burnley,1.42,5.45,5.74,3-1,3.0,1.0,4.0,D,
Brighton,Manchester Red,1.84,3.78,3.96,1-2,1.0,2.0,3.0,E,
Leeds,Fulham,5.71,4.27,1.54,0-2,0.0,2.0,2.0,E,
Newcastle,Manchester Blue,2.28,3.55,2.94,2-3,2.0,3.0,5.0,E,
Sunderland,Brentford,7.18,4.44,1.44,1-4,1.0,4.0,5.0,E,
Everton,Bournemouth,2.15,3.48,3.26,2-2,2.0,2.0,4.0,N,
C. Palace,A. Villa,2.08,3.53,3.38,0-0,0.0,0.0,0.0,N,
Brentford,C. Palace,1.93,3.88,3.53,1-1,1.0,1.0,2.0,N,
West Ham,Brighton,2.46,4.01,2.47,3-0,3.0,0.0,3.0,D,
Manchester Red,Spurs,1.9,4.04,3.47,1-1,1.0,1.0,2.0,N,
Manchester Blue,Sunderland,1.17,7.75,12.64,5-0,5.0,0.0,5.0,D,
N. Forest,Newcastle,2.52,3.58,2.6,0-0,0.0,0.0,0.0,N,
A. Villa,Leeds,1.25,5.87,11.07,4-1,4.0,1.0,5.0,D,
Burnley,Liverpool,5.62,4.43,1.52,0-3,0.0,3.0,3.0,E,
Bournemouth,London Reds,5.73,3.74,1.62,2-1,2.0,1.0,3.0,D,
Fulham,London Blues,2.2,3.79,2.93,1-2,1.0,2.0,3.0,E,
Everton,Wolverhampton,1.91,3.41,4.13,1-0,1.0,0.0,1.0,D,
London Blues,A. Villa,1.67,3.93,4.82,3-2,3.0,2.0,5.0,D,
Brighton,Bournemouth,1.61,4.55,4.6,3-1,3.0,1.0,4.0,D,
London Reds,Everton,1.28,5.47,10.57,3-1,3.0,1.0,4.0,D,
Sunderland,N. Forest,4.6,3.87,1.71,1-3,1.0,3.0,4.0,E,
Spurs,West Ham,1.58,4.62,4.76,3-3,3.0,3.0,6.0,N,
Fulham,Burnley,1.54,4.75,5.0,1-0,1.0,0.0,1.0,D,
C. Palace,Manchester Blue,4.52,3.77,1.74,1-1,1.0,1.0,2.0,N,
Wolverhampton,Newcastle,3.25,3.76,2.06,2-2,2.0,2.0,4.0,N,
Leeds,Brentford,6.23,4.24,1.51,1-2,1.0,2.0,3.0,E,
Liverpool,Manchester Red,1.28,5.64,10.05,3-1,3.0,1.0,4.0,D,
A. Villa,Burnley,1.3,6.05,8.15,4-2,4.0,2.0,6.0,D,
N. Forest,C. Palace,2.04,3.37,3.64,1-1,1.0,1.0,2.0,N,
Brentford,London Blues,2.03,4.07,3.1,3-2,3.0,2.0,5.0,D,
London Reds,Wolverhampton,1.21,6.77,11.39,1-2,1.0,2.0,3.0,E,
West Ham,Liverpool,3.65,4.05,1.85,1-4,1.0,4.0,5.0,E,
Bournemouth,Spurs,2.54,3.74,2.51,0-3,0.0,3.0,3.0,E,
Everton,Brighton,2.71,3.54,2.45,0-3,0.0,3.0,3.0,E,
Newcastle,Sunderland,1.27,5.96,9.72,4-0,4.0,0.0,4.0,D,
Manchester Blue,Leeds,1.1,9.14,22.28,1-0,1.0,0.0,1.0,D,
Manchester Red,Fulham,1.91,3.63,3.82,0-0,0.0,0.0,0.0,N,
London Blues,Manchester Blue,3.1,3.43,2.24,2-1,2.0,1.0,3.0,D,
Burnley,Brentford,3.86,3.46,1.95,0-1,0.0,1.0,1.0,E,
Fulham,West Ham,1.75,4.09,4.09,1-3,1.0,3.0,4.0,E,
Spurs,Everton,1.6800000000000002,3.98,4.69,1-2,1.0,2.0,3.0,E,
Brighton,London Reds,4.39,3.85,1.75,1-1,1.0,1.0,2.0,N,
Wolverhampton,Sunderland,1.87,3.86,3.76,2-1,2.0,1.0,3.0,D,
C. Palace,Newcastle,2.59,3.75,2.46,1-1,1.0,1.0,2.0,N,
Leeds,N. Forest,3.66,3.77,1.92,1-2,1.0,2.0,3.0,E,
A. Villa,Manchester Red,1.57,4.38,5.16,3-0,3.0,0.0,3.0,D,
Liverpool,Bournemouth,1.24,6.42,9.99,2-1,2.0,1.0,3.0,D,
West Ham,A. Villa,2.24,3.63,2.96,0-4,0.0,4.0,4.0,E,
Bournemouth,Fulham,2.49,3.3,2.8200000000000003,3-0,3.0,0.0,3.0,D,
Brighton,Wolverhampton,1.51,4.57,5.61,3-1,3.0,1.0,4.0,D,
Everton,Liverpool,3.82,3.61,1.92,0-2,0.0,2.0,2.0,E,
N. Forest,London Blues,2.14,3.59,3.18,0-1,0.0,1.0,1.0,E,
Newcastle,Leeds,1.18,6.7,15.73,3-1,3.0,1.0,4.0,D,
Sunderland,C. Palace,6.12,3.99,1.55,1-1,1.0,1.0,2.0,N,
London Reds,Spurs,1.42,5.35,5.94,1-1,1.0,1.0,2.0,N,
Manchester Blue,Burnley,1.16,8.23,12.74,6-0,6.0,0.0,6.0,D,
Brentford,Manchester Red,1.85,4.02,3.69,1-1,1.0,1.0,2.0,N,
London Blues,Newcastle,1.92,3.88,3.5700000000000003,3-0,3.0,0.0,3.0,D,
Fulham,Everton,1.83,3.55,4.28,0-1,0.0,1.0,1.0,E,
Burnley,N. Forest,2.45,3.43,2.78,2-1,2.0,1.0,3.0,D,
Liverpool,London Reds,2.34,3.4,2.95,1-2,1.0,2.0,3.0,E,
Spurs,Brighton,2.04,4.4,2.91,3-1,3.0,1.0,4.0,D,
Brentford,West Ham,1.61,4.5600000000000005,4.55,2-4,2.0,4.0,6.0,E,
Wolverhampton,C. Palace,2.46,3.31,2.86,0-2,0.0,2.0,2.0,E,
A. Villa,Bournemouth,1.46,5.06,5.6,3-0,3.0,0.0,3.0,D,
Leeds,Sunderland,3.86,3.8,1.86,0-1,0.0,1.0,1.0,E,
Manchester Red,Manchester Blue,3.64,3.51,2.0,0-6,0.0,6.0,6.0,E,
Newcastle,Burnley,1.21,6.87,11.25,1-1,1.0,1.0,2.0,N,
Sunderland,London Blues,7.02,4.61,1.43,0-0,0.0,0.0,0.0,N,
Everton,A. Villa,2.4,3.16,3.06,1-1,1.0,1.0,2.0,N,
Spurs,Wolverhampton,1.49,4.9,5.44,5-0,5.0,0.0,5.0,D,
Brighton,Liverpool,2.63,3.94,2.35,1-1,1.0,1.0,2.0,N,
Bournemouth,Brentford,2.63,3.26,2.68,1-3,1.0,3.0,4.0,E,
London Reds,Fulham,1.42,4.92,6.5600000000000005,5-1,5.0,1.0,6.0,D,
Manchester Blue,West Ham,1.21,6.89,10.92,3-1,3.0,1.0,4.0,D,
C. Palace,Leeds,1.48,4.23,6.78,1-1,1.0,1.0,2.0,N,
N. Forest,Manchester Red,2.04,3.44,3.5700000000000003,2-0,2.0,0.0,2.0,D,
Manchester Blue,Bournemouth,1.24,6.73,9.45,2-1,2.0,1.0,3.0,D,
Wolverhampton,Leeds,1.63,3.81,5.4,1-0,1.0,0.0,1.0,D,
London Blues,C. Palace,1.69,3.74,4.96,2-2,2.0,2.0,4.0,N,
Burnley,Sunderland,2.38,3.51,2.8200000000000003,1-0,1.0,0.0,1.0,D,
Liverpool,Spurs,1.35,5.61,7.06,0-0,0.0,0.0,0.0,N,
Fulham,Brighton,2.26,4.12,2.67,1-1,1.0,1.0,2.0,N,
A. Villa,London Reds,3.29,3.65,2.08,1-2,1.0,2.0,3.0,E,
Brentford,Everton,1.67,3.99,4.77,0-1,0.0,1.0,1.0,E,
West Ham,N. Forest,1.79,3.98,4.0,0-2,0.0,2.0,2.0,E,
Manchester Red,Newcastle,2.16,3.75,3.03,2-1,2.0,1.0,3.0,D,
N. Forest,Bournemouth,1.86,3.9,3.75,1-1,1.0,1.0,2.0,N,
Brighton,A. Villa,1.76,3.98,4.15,1-2,1.0,2.0,3.0,E,
Leeds,London Blues,5.67,4.39,1.53,1-4,1.0,4.0,5.0,E,
Newcastle,West Ham,1.31,5.55,8.76,6-0,6.0,0.0,6.0,D,
Liverpool,Wolverhampton,1.19,6.85,13.21,2-0,2.0,0.0,2.0,D,
Everton,Manchester Blue,5.05,3.46,1.75,0-0,0.0,0.0,0.0,N,
Sunderland,Manchester Red,6.35,4.22,1.5,1-2,1.0,2.0,3.0,E,
Spurs,Fulham,1.94,4.06,3.35,3-1,3.0,1.0,4.0,D,
London Reds,Brentford,1.44,4.77,6.34,3-0,3.0,0.0,3.0,D,
C. Palace,Burnley,1.57,4.49,5.04,1-0,1.0,0.0,1.0,D,
Burnley,Leeds,2.01,3.23,3.95,2-4,2.0,4.0,6.0,E,
Brentford,Brighton,2.07,4.31,2.89,0-2,0.0,2.0,2.0,E,
A. Villa,Spurs,1.7000000000000002,4.57,3.93,1-1,1.0,1.0,2.0,N,
N. Forest,Everton,1.84,3.28,4.69,3-1,3.0,1.0,4.0,D,
Wolverhampton,London Blues,2.56,3.59,2.56,1-4,1.0,4.0,5.0,E,
Fulham,Liverpool,3.1,4.07,2.03,0-3,0.0,3.0,3.0,E,
Bournemouth,Newcastle,2.8200000000000003,3.58,2.35,3-2,3.0,2.0,5.0,D,
West Ham,Sunderland,1.88,3.97,3.62,1-1,1.0,1.0,2.0,N,
Manchester Red,C. Palace,1.79,3.63,4.4,3-1,3.0,1.0,4.0,D,
Manchester Blue,London Reds,2.31,3.67,2.8200000000000003,2-2,2.0,2.0,4.0,N,
London Reds,N. Forest,1.24,6.39,10.23,3-0,3.0,0.0,3.0,D,
Spurs,Brentford,2.01,4.03,3.18,2-4,2.0,4.0,6.0,E,
Newcastle,Everton,1.33,4.89,9.46,4-0,4.0,0.0,4.0,D,
Leeds,Manchester Red,4.93,3.86,1.67,1-5,1.0,5.0,6.0,E,
London Blues,Burnley,1.34,5.45,7.73,4-1,4.0,1.0,5.0,D,
Fulham,Wolverhampton,1.66,4.27,4.49,3-2,3.0,2.0,5.0,D,
Brighton,Manchester Blue,3.54,3.74,1.96,0-3,0.0,3.0,3.0,E,
Sunderland,Bournemouth,5.41,4.41,1.54,3-1,3.0,1.0,4.0,D,
Liverpool,A. Villa,1.31,5.41,9.13,4-0,4.0,0.0,4.0,D,
C. Palace,West Ham,1.8,3.91,4.04,2-1,2.0,1.0,3.0,D,
A. Villa,Fulham,1.67,4.21,4.48,2-2,2.0,2.0,4.0,N,
Manchester Blue,Spurs,1.33,6.08,6.87,3-1,3.0,1.0,4.0,D,
Brentford,Liverpool,2.78,4.22,2.16,1-2,1.0,2.0,3.0,E,
West Ham,Leeds,1.57,4.04,5.75,2-0,2.0,0.0,2.0,D,
Bournemouth,C. Palace,2.38,3.18,3.07,1-0,1.0,0.0,1.0,D,
Manchester Red,London Blues,1.94,3.71,3.64,1-0,1.0,0.0,1.0,D,
Newcastle,London Reds,2.74,3.4,2.5,0-1,0.0,1.0,1.0,E,
Everton,Sunderland,1.92,3.49,3.97,4-0,4.0,0.0,4.0,D,
Wolverhampton,Burnley,1.77,4.03,4.04,0-1,0.0,1.0,1.0,E,
N. Forest,Brighton,2.16,3.82,2.98,0-1,0.0,1.0,1.0,E,
Sunderland,London Reds,24.77,8.25,1.11,1-2,1.0,2.0,3.0,E,
Brighton,Newcastle,2.17,3.89,2.93,0-0,0.0,0.0,0.0,N,
Leeds,Bournemouth,4.43,4.17,1.6800000000000002,3-1,3.0,1.0,4.0,D,
Liverpool,Manchester Blue,2.04,3.6,3.43,2-0,2.0,0.0,2.0,D,
C. Palace,Everton,1.87,3.37,4.4,3-0,3.0,0.0,3.0,D,
A. Villa,Wolverhampton,1.34,5.48,7.72,3-0,3.0,0.0,3.0,D,
London Blues,West Ham,1.48,4.51,6.12,2-2,2.0,2.0,4.0,N,
Fulham,Brentford,2.38,3.64,2.74,1-2,1.0,2.0,3.0,E,
Burnley,Manchester Red,3.2,3.32,2.24,0-3,0.0,3.0,3.0,E,
Spurs,N. Forest,1.49,4.99,5.35,1-4,1.0,4.0,5.0,E,
Brentford,A. Villa,1.83,4.09,3.72,1-1,1.0,1.0,2.0,N,
London Reds,C. Palace,1.38,4.96,7.51,2-1,2.0,1.0,3.0,D,
Manchester Blue,Fulham,1.33,5.52,7.85,5-0,5.0,0.0,5.0,D,
Wolverhampton,Manchester Red,2.46,3.4,2.78,3-1,3.0,1.0,4.0,D,
Newcastle,Spurs,1.5,4.89,5.28,4-1,4.0,1.0,5.0,D,
Sunderland,Brighton,8.11,5.57,1.32,0-1,0.0,1.0,1.0,E,
Everton,Leeds,1.64,3.53,6.0,0-2,0.0,2.0,2.0,E,
West Ham,Burnley,1.69,4.36,4.19,4-1,4.0,1.0,5.0,D,
Bournemouth,London Blues,2.42,3.41,2.83,0-1,0.0,1.0,1.0,E,
N. Forest,Liverpool,2.95,3.68,2.23,0-0,0.0,0.0,0.0,N,
Newcastle,Sunderland,1.24,6.4,10.54,1-1,1.0,1.0,2.0,N,
A. Villa,Burnley,1.31,5.94,7.74,2-3,2.0,3.0,5.0,E,
N. Forest,Wolverhampton,1.65,4.02,4.88,1-3,1.0,3.0,4.0,E,
Manchester Red,Fulham,1.94,3.59,3.75,0-1,0.0,1.0,1.0,E,
London Blues,West Ham,1.47,4.58,6.28,3-2,3.0,2.0,5.0,D,
Leeds,Bournemouth,4.46,4.22,1.67,0-2,0.0,2.0,2.0,E,
Liverpool,London Reds,2.37,3.41,2.89,2-2,2.0,2.0,4.0,N,
Manchester Blue,Brentford,1.38,5.17,7.15,1-1,1.0,1.0,2.0,N,
Everton,Spurs,2.77,3.5700000000000003,2.39,3-1,3.0,1.0,4.0,D,
C. Palace,Brighton,2.29,3.92,2.71,1-2,1.0,2.0,3.0,E,
London Reds,Newcastle,1.5,4.86,5.32,4-1,4.0,1.0,5.0,D,
London Blues,Liverpool,2.33,3.73,2.76,2-2,2.0,2.0,4.0,N,
West Ham,N. Forest,1.88,3.91,3.67,,,,,,
Bournemouth,Everton,2.01,3.14,4.08,2-1,2.0,1.0,3.0,D,
Fulham,Brighton,2.21,4.13,2.73,0-5,0.0,5.0,5.0,E,
Brentford,C. Palace,1.9,3.94,3.5700000000000003,3-0,3.0,0.0,3.0,D,
Burnley,Manchester Blue,8.03,4.5,1.4,,,,,,
Sunderland,Leeds,3.21,3.14,2.32,1-0,1.0,0.0,1.0,D,
Wolverhampton,A. Villa,2.36,3.44,2.89,1-2,1.0,2.0,3.0,E,
Spurs,Manchester Red,1.8,4.1,3.83,1-0,1.0,0.0,1.0,D,
Brighton,Brentford,2.05,3.65,3.36,2-0,2.0,0.0,2.0,D,
C. Palace,Burnley,1.58,4.47,4.89,1-0,1.0,0.0,1.0,D,
Leeds,London Reds,18.13,7.17,1.16,1-2,1.0,2.0,3.0,E,
Spurs,Fulham,1.88,4.14,3.5,1-3,1.0,3.0,4.0,E,
N. Forest,Liverpool,2.97,3.71,2.2,1-2,1.0,2.0,3.0,E,
Newcastle,London Blues,1.47,4.64,6.02,3-2,3.0,2.0,5.0,D,
Everton,Sunderland,1.97,3.45,3.82,2-1,2.0,1.0,3.0,D,
Manchester Blue,Wolverhampton,1.16,7.78,13.84,3-0,3.0,0.0,3.0,D,
Manchester Red,Bournemouth,1.65,4.28,4.5600000000000005,0-3,0.0,3.0,3.0,E,
A. Villa,West Ham,1.45,4.87,6.11,3-2,3.0,2.0,5.0,D,
Burnley,Brighton,3.8,3.96,1.84,1-1,1.0,1.0,2.0,N,
Fulham,Brentford,2.38,3.64,2.74,3-1,3.0,1.0,4.0,D,
Liverpool,A. Villa,1.28,5.63,9.61,1-0,1.0,0.0,1.0,D,
Bournemouth,Spurs,2.59,3.69,2.48,0-2,0.0,2.0,2.0,E,
Wolverhampton,C. Palace,2.5700000000000003,3.25,2.75,0-2,0.0,2.0,2.0,E,
London Blues,Leeds,1.29,5.28,10.57,2-2,2.0,2.0,4.0,N,
West Ham,Manchester Blue,4.98,3.99,1.64,1-0,1.0,0.0,1.0,D,
Sunderland,Manchester Red,6.1,4.14,1.53,2-4,2.0,4.0,6.0,E,
London Reds,Everton,1.29,5.27,10.22,3-0,3.0,0.0,3.0,D,
N. Forest,Newcastle,2.46,3.62,2.66,2-0,2.0,0.0,2.0,D,
Manchester Blue,Liverpool,1.56,4.83,4.76,2-0,2.0,0.0,2.0,D,
C. Palace,West Ham,1.82,3.77,4.09,3-1,3.0,1.0,4.0,D,
Bournemouth,Fulham,2.51,3.22,2.85,2-2,2.0,2.0,4.0,N,
Everton,London Blues,2.6,3.25,2.71,1-1,1.0,1.0,2.0,N,
Leeds,N. Forest,3.68,3.73,1.92,2-1,2.0,1.0,3.0,D,
A. Villa,Newcastle,1.88,4.2,3.46,1-0,1.0,0.0,1.0,D,
Brighton,Wolverhampton,1.48,4.65,5.97,3-1,3.0,1.0,4.0,D,
Brentford,Burnley,1.46,5.24,5.36,1-1,1.0,1.0,2.0,N,
Spurs,Sunderland,1.51,4.91,5.14,3-2,3.0,2.0,5.0,D,
Manchester Red,London Reds,4.12,3.52,1.88,0-1,0.0,1.0,1.0,E,
Fulham,Burnley,1.6,4.55,4.62,2-3,2.0,3.0,5.0,E,
West Ham,Brighton,2.48,3.97,2.47,3-0,3.0,0.0,3.0,D,
N. Forest,Everton,1.83,3.32,4.69,1-0,1.0,0.0,1.0,D,
A. Villa,Leeds,1.24,5.95,11.34,5-1,5.0,1.0,6.0,D,
Liverpool,C. Palace,1.33,5.13,8.91,2-0,2.0,0.0,2.0,D,
London Blues,Manchester Red,1.63,3.99,5.15,1-1,1.0,1.0,2.0,N,
London Reds,Spurs,1.43,5.31,5.76,4-1,4.0,1.0,5.0,D,
Newcastle,Manchester Blue,2.37,3.5700000000000003,2.79,0-2,0.0,2.0,2.0,E,
Wolverhampton,Brentford,2.75,3.31,2.53,0-0,0.0,0.0,0.0,N,
Sunderland,Bournemouth,5.61,4.57,1.51,1-2,1.0,2.0,3.0,E,
Bournemouth,London Reds,5.92,3.79,1.6,2-1,2.0,1.0,3.0,D,
Burnley,Wolverhampton,2.48,3.39,2.77,1-2,1.0,2.0,3.0,E,
Brighton,Liverpool,2.66,3.97,2.32,4-2,4.0,2.0,6.0,D,
Sunderland,Fulham,6.96,4.44,1.45,1-4,1.0,4.0,5.0,E,
Spurs,London Blues,1.87,4.24,3.45,3-2,3.0,2.0,5.0,D,
Brentford,West Ham,1.62,4.49,4.51,1-2,1.0,2.0,3.0,E,
Manchester Red,N. Forest,1.53,4.31,5.67,4-1,4.0,1.0,5.0,D,
Manchester Blue,Leeds,1.1,9.22,21.78,1-0,1.0,0.0,1.0,D,
C. Palace,Newcastle,2.47,3.69,2.61,0-3,0.0,3.0,3.0,E,
Everton,A. Villa,2.42,3.17,3.02,0-1,0.0,1.0,1.0,E,
Liverpool,Brentford,1.4,4.79,7.29,0-1,0.0,1.0,1.0,E,
Leeds,C. Palace,5.15,3.92,1.64,0-3,0.0,3.0,3.0,E,
Fulham,Wolverhampton,1.72,4.12,4.27,2-1,2.0,1.0,3.0,D,
A. Villa,Manchester Red,1.52,4.46,5.59,1-1,1.0,1.0,2.0,N,
Manchester Blue,Everton,1.23,6.07,12.16,4-1,4.0,1.0,5.0,D,
Newcastle,Brighton,1.49,4.87,5.45,1-2,1.0,2.0,3.0,E,
West Ham,Burnley,1.69,4.37,4.17,0-0,0.0,0.0,0.0,N,
London Blues,Bournemouth,1.53,4.57,5.3,2-3,2.0,3.0,5.0,E,
London Reds,Sunderland,1.22,6.74,10.8,5-1,5.0,1.0,6.0,D,
N. Forest,Spurs,2.2,3.79,2.93,0-0,0.0,0.0,0.0,N,
London Reds,Fulham,1.45,4.8,6.24,1-2,1.0,2.0,3.0,E,
Burnley,Liverpool,5.42,4.37,1.55,0-2,0.0,2.0,2.0,E,
Spurs,A. Villa,1.76,4.16,3.96,1-3,1.0,3.0,4.0,E,
Sunderland,London Blues,6.82,4.63,1.43,0-2,0.0,2.0,2.0,E,
C. Palace,Everton,1.83,3.37,4.58,1-2,1.0,2.0,3.0,E,
Bournemouth,N. Forest,1.86,3.62,4.07,3-1,3.0,1.0,4.0,D,
Manchester Red,Manchester Blue,3.56,3.47,2.04,2-1,2.0,1.0,3.0,D,
Wolverhampton,West Ham,2.07,3.62,3.34,3-2,3.0,2.0,5.0,D,
Brentford,Newcastle,2.28,4.15,2.62,3-0,3.0,0.0,3.0,D,
Brighton,Leeds,1.38,4.74,7.91,4-1,4.0,1.0,5.0,D,
London Blues,London Reds,3.81,3.44,1.97,1-0,1.0,0.0,1.0,D,
Manchester Blue,Spurs,1.33,5.97,7.09,3-3,3.0,3.0,6.0,N,
N. Forest,Sunderland,1.62,4.13,4.96,4-2,4.0,2.0,6.0,D,
A. Villa,Bournemouth,1.46,5.03,5.62,0-1,0.0,1.0,1.0,E,
C. Palace,Manchester Red,2.01,3.6,3.5,1-3,1.0,3.0,4.0,E,
Newcastle,Burnley,1.22,6.78,10.83,3-0,3.0,0.0,3.0,D,
Leeds,Brentford,6.54,4.37,1.47,1-2,1.0,2.0,3.0,E,
Fulham,West Ham,1.77,4.07,3.99,0-2,0.0,2.0,2.0,E,
Everton,Brighton,2.64,3.53,2.52,0-1,0.0,1.0,1.0,E,
Liverpool,Wolverhampton,1.19,6.97,13.25,4-1,4.0,1.0,5.0,D,
Brighton,Manchester Red,1.84,3.82,3.92,1-1,1.0,1.0,2.0,N,
London Reds,N. Forest,1.23,6.64,10.47,4-1,4.0,1.0,5.0,D,
Bournemouth,Manchester Blue,5.12,3.65,1.69,2-3,2.0,3.0,5.0,E,
West Ham,Liverpool,3.46,4.04,1.91,2-0,2.0,0.0,2.0,D,
Wolverhampton,Newcastle,3.26,3.79,2.04,3-0,3.0,0.0,3.0,D,
Sunderland,A. Villa,6.04,4.18,1.53,0-1,0.0,1.0,1.0,E,
Brentford,Everton,1.73,3.82,4.52,1-0,1.0,0.0,1.0,D,
London Blues,Fulham,1.82,3.76,4.07,6-0,6.0,0.0,6.0,D,
Spurs,C. Palace,1.83,3.97,3.83,2-2,2.0,2.0,4.0,N,
Burnley,Leeds,1.99,3.24,4.03,1-1,1.0,1.0,2.0,N,
Manchester Blue,Sunderland,1.17,7.66,12.88,4-0,4.0,0.0,4.0,D,
A. Villa,London Reds,3.33,3.68,2.05,0-3,0.0,3.0,3.0,E,
Everton,Burnley,1.77,3.77,4.37,1-1,1.0,1.0,2.0,N,
Newcastle,West Ham,1.28,5.82,9.35,4-0,4.0,0.0,4.0,D,
C. Palace,Bournemouth,1.79,4.08,3.91,1-1,1.0,1.0,2.0,N,
Manchester Red,Brentford,1.98,3.54,3.68,0-0,0.0,0.0,0.0,N,
Leeds,Wolverhampton,3.65,3.67,1.95,1-1,1.0,1.0,2.0,N,
Fulham,Liverpool,3.2,4.03,2.0,1-2,1.0,2.0,3.0,E,
Brighton,Spurs,1.9,4.27,3.34,1-0,1.0,0.0,1.0,D,
N. Forest,London Blues,2.15,3.55,3.2,2-2,2.0,2.0,4.0,N,
N. Forest,Fulham,2.22,3.37,3.19,0-2,0.0,2.0,2.0,E,
London Blues,A. Villa,1.67,3.94,4.84,2-0,2.0,0.0,2.0,D,
Sunderland,C. Palace,6.23,4.08,1.53,0-3,0.0,3.0,3.0,E,
London Reds,Manchester Blue,2.14,3.72,3.09,1-3,1.0,3.0,4.0,E,
West Ham,Leeds,1.56,4.08,5.74,4-0,4.0,0.0,4.0,D,
Brentford,Spurs,2.07,4.35,2.89,2-1,2.0,1.0,3.0,D,
Liverpool,Newcastle,1.44,4.95,6.19,3-1,3.0,1.0,4.0,D,
Bournemouth,Brighton,2.45,3.67,2.64,1-2,1.0,2.0,3.0,E,
Burnley,Manchester Red,3.14,3.3,2.28,3-0,3.0,0.0,3.0,D,
Wolverhampton,Everton,2.08,3.21,3.73,0-3,0.0,3.0,3.0,E,
Everton,West Ham,2.03,3.39,3.67,2-1,2.0,1.0,3.0,D,
A. Villa,N. Forest,1.37,5.31,7.18,6-0,6.0,0.0,6.0,D,
Brentford,Bournemouth,1.73,4.53,3.81,2-1,2.0,1.0,3.0,D,
Manchester Blue,London Blues,1.32,5.75,7.81,1-1,1.0,1.0,2.0,N,
C. Palace,London Reds,5.35,3.85,1.63,1-2,1.0,2.0,3.0,E,
Spurs,Burnley,1.43,5.49,5.65,3-0,3.0,0.0,3.0,D,
Fulham,Newcastle,2.64,3.88,2.36,2-2,2.0,2.0,4.0,N,
Leeds,Liverpool,9.77,6.1,1.26,1-2,1.0,2.0,3.0,E,
Brighton,Sunderland,1.57,4.43,5.05,1-0,1.0,0.0,1.0,D,
Manchester Red,Wolverhampton,1.53,4.32,5.71,0-0,0.0,0.0,0.0,N,
N. Forest,Manchester Blue,4.37,3.65,1.79,1-1,1.0,1.0,2.0,N,
Wolverhampton,Spurs,2.64,3.92,2.35,2-0,2.0,0.0,2.0,D,
A. Villa,Fulham,1.65,4.2,4.65,0-2,0.0,2.0,2.0,E,
Newcastle,Leeds,1.16,7.31,17.36,3-0,3.0,0.0,3.0,D,
Sunderland,Brentford,7.54,4.57,1.41,1-1,1.0,1.0,2.0,N,
Liverpool,Everton,1.26,5.57,11.92,1-1,1.0,1.0,2.0,N,
Burnley,Bournemouth,2.91,3.62,2.27,1-2,1.0,2.0,3.0,E,
London Blues,C. Palace,1.74,3.71,4.66,2-0,2.0,0.0,2.0,D,
London Reds,Brighton,1.46,5.16,5.55,0-2,0.0,2.0,2.0,E,
West Ham,Manchester Red,2.23,3.53,3.04,2-1,2.0,1.0,3.0,D,
Burnley,Sunderland,2.5,3.47,2.69,3-2,3.0,2.0,5.0,D,
Bournemouth,Wolverhampton,1.81,3.63,4.34,1-0,1.0,0.0,1.0,D,
Fulham,Leeds,1.47,4.4,6.48,2-2,2.0,2.0,4.0,N,
C. Palace,N. Forest,1.69,4.02,4.53,0-1,0.0,1.0,1.0,E,
Everton,Newcastle,3.0,3.41,2.3,0-2,0.0,2.0,2.0,E,
Brentford,London Reds,4.47,4.12,1.6800000000000002,2-1,2.0,1.0,3.0,D,
Manchester Red,Liverpool,2.62,3.77,2.42,0-1,0.0,1.0,1.0,E,
Brighton,London Blues,1.97,3.82,3.43,2-2,2.0,2.0,4.0,N,
Manchester Blue,A. Villa,1.31,5.68,8.39,3-0,3.0,0.0,3.0,D,
Spurs,West Ham,1.57,4.65,4.8,3-0,3.0,0.0,3.0,D,
West Ham,Bournemouth,2.02,4.05,3.14,0-1,0.0,1.0,1.0,E,
Wolverhampton,Sunderland,1.9,3.81,3.67,5-1,5.0,1.0,6.0,D,
Liverpool,Spurs,1.35,5.6,6.99,1-1,1.0,1.0,2.0,N,
London Blues,Brentford,1.84,3.7,4.05,2-2,2.0,2.0,4.0,N,
A. Villa,C. Palace,1.63,4.09,4.98,2-3,2.0,3.0,5.0,E,
Newcastle,Manchester Red,1.37,5.02,7.65,5-1,5.0,1.0,6.0,D,
Leeds,Everton,4.13,3.28,1.95,0-1,0.0,1.0,1.0,E,
N. Forest,Brighton,2.2,3.86,2.89,1-0,1.0,0.0,1.0,D,
Manchester Blue,Fulham,1.34,5.45,7.52,2-4,2.0,4.0,6.0,E,
London Reds,Burnley,1.19,7.35,11.64,5-0,5.0,0.0,5.0,D,
Wolverhampton,London Reds,6.63,4.16,1.49,0-2,0.0,2.0,2.0,E,
Fulham,Everton,1.82,3.62,4.26,2-2,2.0,2.0,4.0,N,
Brentford,N. Forest,1.57,4.63,4.86,1-1,1.0,1.0,2.0,N,
Burnley,London Blues,3.46,3.54,2.05,0-1,0.0,1.0,1.0,E,
Brighton,A. Villa,1.79,3.85,4.14,2-0,2.0,0.0,2.0,D,
C. Palace,Manchester Blue,4.3,3.7,1.8,2-0,2.0,0.0,2.0,D,
Bournemouth,Liverpool,3.49,3.73,1.98,1-1,1.0,1.0,2.0,N,
Spurs,Newcastle,2.23,4.21,2.67,2-1,2.0,1.0,3.0,D,
Sunderland,West Ham,4.8100000000000005,3.94,1.67,1-2,1.0,2.0,3.0,E,
Manchester Red,Leeds,1.36,4.65,9.11,2-1,2.0,1.0,3.0,D,
West Ham,London Reds,6.52,4.45,1.47,2-0,2.0,0.0,2.0,D,
Everton,Manchester Red,2.37,3.14,3.13,0-2,0.0,2.0,2.0,E,
Manchester Blue,Brighton,1.33,5.93,7.05,2-2,2.0,2.0,4.0,N,
Leeds,Spurs,6.27,5.16,1.41,3-2,3.0,2.0,5.0,D,
Newcastle,Bournemouth,1.3,5.96,8.17,4-1,4.0,1.0,5.0,D,
A. Villa,Brentford,1.71,4.1,4.33,2-0,2.0,0.0,2.0,D,
N. Forest,Burnley,1.53,4.49,5.47,1-2,1.0,2.0,3.0,E,
London Blues,Wolverhampton,1.41,4.78,7.06,1-0,1.0,0.0,1.0,D,
Liverpool,Sunderland,1.18,7.17,13.29,5-0,5.0,0.0,5.0,D,
C. Palace,Fulham,2.25,3.48,3.05,0-2,0.0,2.0,2.0,E,
Sunderland,Newcastle,9.18,5.5600000000000005,1.3,0-2,0.0,2.0,2.0,E,
Burnley,A. Villa,3.14,3.36,2.25,0-1,0.0,1.0,1.0,E,
Wolverhampton,N. Forest,1.99,3.65,3.52,1-1,1.0,1.0,2.0,N,
Fulham,Manchester Red,2.02,3.76,3.36,0-2,0.0,2.0,2.0,E,
West Ham,London Blues,2.41,3.66,2.69,0-2,0.0,2.0,2.0,E,
Bournemouth,Leeds,1.59,3.72,6.24,4-0,4.0,0.0,4.0,D,
London Reds,Liverpool,1.7000000000000002,4.39,4.09,4-1,4.0,1.0,5.0,D,
Brentford,Manchester Blue,3.87,4.09,1.8,1-2,1.0,2.0,3.0,E,
Spurs,Everton,1.62,4.1,4.98,1-2,1.0,2.0,3.0,E,
Brighton,C. Palace,1.86,3.71,3.94,1-2,1.0,2.0,3.0,E,
Newcastle,London Reds,2.83,3.41,2.42,3-0,3.0,0.0,3.0,D,
Liverpool,London Blues,1.32,5.47,8.43,2-2,2.0,2.0,4.0,N,
N. Forest,West Ham,1.73,3.88,4.46,0-1,0.0,1.0,1.0,E,
Everton,Bournemouth,2.12,3.56,3.25,2-1,2.0,1.0,3.0,D,
Brighton,Fulham,1.98,3.75,3.47,1-4,1.0,4.0,5.0,E,
C. Palace,Brentford,2.29,3.44,3.02,2-1,2.0,1.0,3.0,D,
Manchester Blue,Burnley,1.16,8.18,12.65,4-0,4.0,0.0,4.0,D,
Leeds,Sunderland,3.81,3.84,1.86,0-0,0.0,0.0,0.0,N,
A. Villa,Wolverhampton,1.36,5.34,7.38,5-0,5.0,0.0,5.0,D,
Manchester Red,Spurs,1.9,4.08,3.47,1-3,1.0,3.0,4.0,E,
Brentford,Brighton,2.06,4.36,2.89,0-1,0.0,1.0,1.0,E,
Burnley,C. Palace,3.37,3.24,2.2,2-1,2.0,1.0,3.0,D,
London Reds,Leeds,1.15,7.46,17.06,5-1,5.0,1.0,6.0,D,
Fulham,Spurs,2.14,4.16,2.85,1-2,1.0,2.0,3.0,E,
Liverpool,N. Forest,1.18,7.15,13.31,5-0,5.0,0.0,5.0,D,
London Blues,Newcastle,1.93,3.89,3.52,1-1,1.0,1.0,2.0,N,
Sunderland,Everton,4.94,3.37,1.78,0-2,0.0,2.0,2.0,E,
Wolverhampton,Manchester Blue,5.5600000000000005,4.01,1.59,0-4,0.0,4.0,4.0,E,
Bournemouth,Manchester Red,2.24,3.35,3.17,2-1,2.0,1.0,3.0,D,
West Ham,A. Villa,2.24,3.62,2.96,2-1,2.0,1.0,3.0,D,
Brighton,Burnley,1.42,5.15,6.19,1-1,1.0,1.0,2.0,N,
Brentford,Fulham,2.03,3.95,3.17,4-1,4.0,1.0,5.0,D,
A. Villa,Liverpool,2.08,4.09,2.98,3-2,3.0,2.0,5.0,D,
Spurs,Bournemouth,1.64,4.75,4.2,2-1,2.0,1.0,3.0,D,
C. Palace,Wolverhampton,1.67,4.04,4.71,0-0,0.0,0.0,0.0,N,
Leeds,London Blues,6.04,4.47,1.49,2-1,2.0,1.0,3.0,D,
Manchester Blue,West Ham,1.21,6.84,11.23,3-0,3.0,0.0,3.0,D,
Manchester Red,Sunderland,1.5,4.45,5.94,2-0,2.0,0.0,2.0,D,
Everton,London Reds,6.19,3.6,1.61,0-2,0.0,2.0,2.0,E,
Newcastle,N. Forest,1.26,6.11,9.81,4-1,4.0,1.0,5.0,D,
Liverpool,Manchester Blue,2.09,3.53,3.35,0-0,0.0,0.0,0.0,N,
West Ham,C. Palace,2.31,3.51,2.92,1-2,1.0,2.0,3.0,E,
Fulham,Bournemouth,1.9,4.14,3.43,1-1,1.0,1.0,2.0,N,
London Blues,Everton,1.52,3.95,6.74,0-0,0.0,0.0,0.0,N,
N. Forest,Leeds,1.49,4.11,6.93,4-0,4.0,0.0,4.0,D,
Newcastle,A. Villa,1.41,4.84,6.98,3-1,3.0,1.0,4.0,D,
Wolverhampton,Brighton,2.65,3.89,2.35,2-1,2.0,1.0,3.0,D,
Burnley,Brentford,3.74,3.39,2.01,0-0,0.0,0.0,0.0,N,
Sunderland,Spurs,7.33,5.34,1.36,0-1,0.0,1.0,1.0,E,
London Reds,Manchester Red,1.34,5.31,7.91,1-2,1.0,2.0,3.0,E,
Burnley,Fulham,3.63,3.43,2.03,1-1,1.0,1.0,2.0,N,
Brighton,West Ham,1.63,4.26,4.72,3-0,3.0,0.0,3.0,D,
Everton,N. Forest,1.94,3.44,3.94,5-0,5.0,0.0,5.0,D,
Leeds,A. Villa,4.89,3.93,1.66,2-2,2.0,2.0,4.0,N,
C. Palace,Liverpool,3.09,3.87,2.09,1-3,1.0,3.0,4.0,E,
Manchester Red,London Blues,1.91,3.76,3.68,3-1,3.0,1.0,4.0,D,
Spurs,London Reds,4.45,4.18,1.6800000000000002,0-2,0.0,2.0,2.0,E,
Manchester Blue,Newcastle,1.45,5.17,5.7,2-1,2.0,1.0,3.0,D,
Brentford,Wolverhampton,1.54,4.68,5.08,1-1,1.0,1.0,2.0,N,
Bournemouth,Sunderland,1.82,3.7,4.14,1-2,1.0,2.0,3.0,E,
London Reds,Bournemouth,1.3,6.0,8.08,4-1,4.0,1.0,5.0,D,
Wolverhampton,Burnley,1.85,3.98,3.72,1-0,1.0,0.0,1.0,D,
Liverpool,Brighton,1.36,5.5,7.12,0-2,0.0,2.0,2.0,E,
Fulham,Sunderland,1.71,4.23,4.19,2-0,2.0,0.0,2.0,D,
London Blues,Spurs,1.83,4.15,3.68,2-0,2.0,0.0,2.0,D,
West Ham,Brentford,2.66,3.53,2.49,0-0,0.0,0.0,0.0,N,
N. Forest,Manchester Red,1.95,3.53,3.78,4-2,4.0,2.0,6.0,D,
Leeds,Manchester Blue,15.28,6.71,1.18,1-2,1.0,2.0,3.0,E,
Newcastle,C. Palace,1.44,4.54,6.91,4-1,4.0,1.0,5.0,D,
A. Villa,Everton,1.46,4.37,6.8100000000000005,1-1,1.0,1.0,2.0,N,
Brentford,Liverpool,2.87,4.19,2.12,2-0,2.0,0.0,2.0,D,
C. Palace,Leeds,1.47,4.22,6.91,1-1,1.0,1.0,2.0,N,
Wolverhampton,Fulham,2.67,3.47,2.52,0-1,0.0,1.0,1.0,E,
Manchester Red,A. Villa,1.85,3.66,4.06,0-1,0.0,1.0,1.0,E,
Everton,Manchester Blue,5.27,3.5,1.71,0-3,0.0,3.0,3.0,E,
Brighton,Newcastle,2.13,3.93,2.97,1-2,1.0,2.0,3.0,E,
Burnley,West Ham,2.76,3.45,2.45,1-1,1.0,1.0,2.0,N,
Bournemouth,London Blues,2.4,3.4,2.86,3-1,3.0,1.0,4.0,D,
Sunderland,London Reds,22.97,7.93,1.12,0-1,0.0,1.0,1.0,E,
Spurs,N. Forest,1.53,4.8100000000000005,5.09,4-1,4.0,1.0,5.0,D,
Fulham,London Reds,5.37,4.12,1.59,0-0,0.0,0.0,0.0,N,
Liverpool,Burnley,1.16,7.89,13.63,3-1,3.0,1.0,4.0,D,
A. Villa,Spurs,1.65,4.68,4.18,1-4,1.0,4.0,5.0,E,
London Blues,Sunderland,1.41,4.84,6.88,1-1,1.0,1.0,2.0,N,
Everton,C. Palace,2.44,3.0,3.15,2-2,2.0,2.0,4.0,N,
N. Forest,Bournemouth,1.77,4.04,4.06,2-3,2.0,3.0,5.0,E,
Manchester Blue,Manchester Red,1.27,5.9,9.45,3-2,3.0,2.0,5.0,D,
West Ham,Wolverhampton,1.8,3.95,3.97,2-0,2.0,0.0,2.0,D,
Newcastle,Brentford,1.54,4.28,5.67,1-0,1.0,0.0,1.0,D,
Leeds,Brighton,5.74,4.78,1.48,0-3,0.0,3.0,3.0,E,
London Reds,London Blues,1.44,4.89,6.18,1-1,1.0,1.0,2.0,N,
Spurs,Manchester Blue,3.78,4.08,1.82,1-3,1.0,3.0,4.0,E,
Sunderland,N. Forest,4.3,3.79,1.78,1-1,1.0,1.0,2.0,N,
Bournemouth,A. Villa,2.24,3.32,3.19,1-1,1.0,1.0,2.0,N,
Manchester Red,C. Palace,1.91,3.48,4.02,4-1,4.0,1.0,5.0,D,
Burnley,Newcastle,4.3,3.91,1.75,0-1,0.0,1.0,1.0,E,
Brentford,Leeds,1.37,5.08,7.46,4-0,4.0,0.0,4.0,D,
West Ham,Fulham,2.5,3.5700000000000003,2.63,1-2,1.0,2.0,3.0,E,
Brighton,Everton,1.6800000000000002,3.7,5.16,4-1,4.0,1.0,5.0,D,
Wolverhampton,Liverpool,3.78,3.97,1.84,1-3,1.0,3.0,4.0,E,
Manchester Red,Brighton,1.96,4.0,3.35,1-2,1.0,2.0,3.0,E,
N. Forest,London Reds,5.19,3.66,1.6800000000000002,0-1,0.0,1.0,1.0,E,
Manchester Blue,Bournemouth,1.23,6.87,9.64,2-2,2.0,2.0,4.0,N,
Liverpool,West Ham,1.22,6.57,11.54,2-0,2.0,0.0,2.0,D,
Newcastle,Wolverhampton,1.24,6.31,10.89,2-1,2.0,1.0,3.0,D,
A. Villa,Sunderland,1.34,5.5600000000000005,7.63,0-2,0.0,2.0,2.0,E,
Everton,Brentford,2.69,3.12,2.71,0-1,0.0,1.0,1.0,E,
Fulham,London Blues,2.21,3.79,2.91,2-3,2.0,3.0,5.0,E,
C. Palace,Spurs,2.22,3.94,2.81,3-2,3.0,2.0,5.0,D,
Leeds,Burnley,3.34,3.89,1.98,2-1,2.0,1.0,3.0,D,
Sunderland,Manchester Blue,18.32,7.32,1.15,0-3,0.0,3.0,3.0,E,
London Reds,A. Villa,1.35,5.32,7.65,4-0,4.0,0.0,4.0,D,
Burnley,Everton,2.7,2.95,2.85,1-2,1.0,2.0,3.0,E,
West Ham,Newcastle,2.8,3.86,2.25,1-1,1.0,1.0,2.0,N,
Bournemouth,C. Palace,2.36,3.21,3.08,2-0,2.0,0.0,2.0,D,
Brentford,Manchester Red,1.88,4.03,3.5700000000000003,2-1,2.0,1.0,3.0,D,
Wolverhampton,Leeds,1.59,3.88,5.72,2-1,2.0,1.0,3.0,D,
Liverpool,Fulham,1.35,5.17,7.87,5-1,5.0,1.0,6.0,D,
Spurs,Brighton,1.99,4.37,3.03,2-1,2.0,1.0,3.0,D,
London Blues,N. Forest,1.4,4.87,7.02,2-0,2.0,0.0,2.0,D,
Fulham,N. Forest,1.65,4.28,4.52,2-1,2.0,1.0,3.0,D,
A. Villa,London Blues,1.72,4.19,4.16,3-0,3.0,0.0,3.0,D,
C. Palace,Sunderland,1.7000000000000002,4.03,4.5,0-2,0.0,2.0,2.0,E,
Manchester Blue,London Reds,2.16,3.67,3.07,1-1,1.0,1.0,2.0,N,
Leeds,West Ham,4.2,3.88,1.77,1-1,1.0,1.0,2.0,N,
Spurs,Brentford,1.94,4.03,3.36,1-0,1.0,0.0,1.0,D,
Newcastle,Liverpool,1.74,4.27,3.99,2-0,2.0,0.0,2.0,D,
Brighton,Bournemouth,1.64,4.42,4.43,1-1,1.0,1.0,2.0,N,
Manchester Red,Burnley,1.44,4.85,6.28,1-2,1.0,2.0,3.0,E,
Everton,Wolverhampton,1.88,3.43,4.21,0-1,0.0,1.0,1.0,E,
West Ham,Everton,2.04,3.36,3.67,2-1,2.0,1.0,3.0,D,
N. Forest,A. Villa,2.06,3.48,3.47,0-2,0.0,2.0,2.0,E,
Bournemouth,Brentford,2.59,3.23,2.75,1-1,1.0,1.0,2.0,N,
London Blues,Manchester Blue,3.11,3.38,2.26,0-2,0.0,2.0,2.0,E,
London Reds,C. Palace,1.35,5.08,8.06,5-1,5.0,1.0,6.0,D,
Burnley,Spurs,3.79,4.04,1.82,2-0,2.0,0.0,2.0,D,
Newcastle,Fulham,1.47,4.49,6.36,3-2,3.0,2.0,5.0,D,
Liverpool,Leeds,1.13,7.82,19.62,3-1,3.0,1.0,4.0,D,
Sunderland,Brighton,7.35,5.18,1.37,2-2,2.0,2.0,4.0,N,
Wolverhampton,Manchester Red,2.4,3.37,2.88,3-2,3.0,2.0,5.0,D,
Manchester Blue,N. Forest,1.17,7.71,13.56,6-0,6.0,0.0,6.0,D,
Spurs,Wolverhampton,1.52,4.79,5.2,1-2,1.0,2.0,3.0,E,
Fulham,A. Villa,1.97,3.78,3.47,2-0,2.0,0.0,2.0,D,
Leeds,Newcastle,7.26,5.16,1.37,0-3,0.0,3.0,3.0,E,
Brentford,Sunderland,1.54,4.8100000000000005,4.96,4-1,4.0,1.0,5.0,D,
Everton,Liverpool,3.68,3.5700000000000003,1.97,2-2,2.0,2.0,4.0,N,
Bournemouth,Burnley,1.77,3.96,4.14,1-1,1.0,1.0,2.0,N,
C. Palace,London Blues,2.22,3.58,3.02,1-4,1.0,4.0,5.0,E,
Brighton,London Reds,4.37,3.78,1.77,2-3,2.0,3.0,5.0,E,
Manchester Red,West Ham,1.63,4.08,4.97,0-2,0.0,2.0,2.0,E,
Sunderland,Burnley,3.97,4.0,1.79,1-2,1.0,2.0,3.0,E,
Wolverhampton,Bournemouth,2.12,3.82,3.06,2-1,2.0,1.0,3.0,D,
Leeds,Fulham,5.47,4.11,1.58,1-1,1.0,1.0,2.0,N,
N. Forest,C. Palace,2.1,3.31,3.54,0-0,0.0,0.0,0.0,N,
Newcastle,Everton,1.33,4.88,9.45,0-0,0.0,0.0,0.0,N,
London Reds,Brentford,1.46,4.74,6.1,1-2,1.0,2.0,3.0,E,
Liverpool,Manchester Red,1.28,5.63,10.01,2-1,2.0,1.0,3.0,D,
London Blues,Brighton,1.79,4.23,3.78,1-1,1.0,1.0,2.0,N,
A. Villa,Manchester Blue,2.96,3.64,2.24,0-1,0.0,1.0,1.0,E,
West Ham,Spurs,2.55,4.01,2.39,2-3,2.0,3.0,5.0,E,
Bournemouth,West Ham,2.0,3.56,3.59,2-0,2.0,0.0,2.0,D,
Sunderland,Wolverhampton,4.36,3.83,1.75,1-1,1.0,1.0,2.0,N,
Spurs,Liverpool,2.61,4.23,2.27,2-2,2.0,2.0,4.0,N,
Brentford,London Blues,1.97,4.09,3.25,2-3,2.0,3.0,5.0,E,
C. Palace,A. Villa,2.06,3.58,3.4,0-0,0.0,0.0,0.0,N,
Manchester Red,Newcastle,2.23,3.69,2.93,3-1,3.0,1.0,4.0,D,
Everton,Leeds,1.67,3.46,5.8,4-0,4.0,0.0,4.0,D,
Brighton,N. Forest,1.5,4.59,5.75,2-1,2.0,1.0,3.0,D,
Fulham,Manchester Blue,4.43,3.94,1.72,1-2,1.0,2.0,3.0,E,
Burnley,London Reds,10.36,4.98,1.31,0-3,0.0,3.0,3.0,E,
London Reds,Wolverhampton,1.22,6.59,11.12,5-0,5.0,0.0,5.0,D,
Everton,Fulham,2.61,3.13,2.8,1-1,1.0,1.0,2.0,N,
N. Forest,Brentford,2.24,3.41,3.13,0-2,0.0,2.0,2.0,E,
London Blues,Burnley,1.36,5.29,7.47,2-2,2.0,2.0,4.0,N,
A. Villa,Brighton,1.6800000000000002,4.58,4.03,3-0,3.0,0.0,3.0,D,
Manchester Blue,C. Palace,1.29,5.68,9.19,0-0,0.0,0.0,0.0,N,
Liverpool,Bournemouth,1.23,6.62,10.54,2-2,2.0,2.0,4.0,N,
Newcastle,Spurs,1.48,5.04,5.4,0-1,0.0,1.0,1.0,E,
West Ham,Sunderland,1.85,3.98,3.75,3-0,3.0,0.0,3.0,D,
Leeds,Manchester Red,5.02,3.82,1.67,2-1,2.0,1.0,3.0,D,
London Reds,West Ham,1.28,5.99,9.07,5-0,5.0,0.0,5.0,D,
Manchester Red,Everton,1.67,3.6,5.45,3-1,3.0,1.0,4.0,D,
Brighton,Manchester Blue,3.75,3.7,1.91,1-0,1.0,0.0,1.0,D,
Spurs,Leeds,1.32,5.52,8.39,3-1,3.0,1.0,4.0,D,
Bournemouth,Newcastle,2.8200000000000003,3.56,2.35,1-0,1.0,0.0,1.0,D,
Brentford,A. Villa,1.86,4.03,3.64,2-1,2.0,1.0,3.0,D,
Burnley,N. Forest,2.47,3.43,2.75,2-2,2.0,2.0,4.0,N,
Wolverhampton,London Blues,2.62,3.53,2.53,0-1,0.0,1.0,1.0,E,
Sunderland,Liverpool,12.41,6.82,1.2,1-1,1.0,1.0,2.0,N,
Fulham,C. Palace,2.06,3.66,3.33,3-0,3.0,0.0,3.0,D,
A. Villa,West Ham,1.47,4.77,5.82,3-2,3.0,2.0,5.0,D,
London Reds,Everton,1.28,5.38,10.43,2-1,2.0,1.0,3.0,D,
London Blues,Burnley,1.37,5.29,7.16,1-2,1.0,2.0,3.0,E,
N. Forest,Manchester Blue,4.24,3.63,1.82,5-0,5.0,0.0,5.0,D,
Liverpool,Spurs,1.36,5.6,6.79,0-3,0.0,3.0,3.0,E,
Fulham,Brentford,2.31,3.65,2.83,0-1,0.0,1.0,1.0,E,
Newcastle,Bournemouth,1.32,5.72,8.0,3-0,3.0,0.0,3.0,D,
Manchester Red,Brighton,1.93,3.99,3.45,1-2,1.0,2.0,3.0,E,
Wolverhampton,Leeds,1.64,3.69,5.53,3-0,3.0,0.0,3.0,D,
Sunderland,C. Palace,6.36,4.03,1.53,2-2,2.0,2.0,4.0,N,
Brentford,Manchester Red,1.82,4.03,3.79,1-0,1.0,0.0,1.0,D,
Leeds,Newcastle,7.25,5.03,1.38,2-1,2.0,1.0,3.0,D,
West Ham,London Reds,6.34,4.34,1.49,0-4,0.0,4.0,4.0,E,
C. Palace,Manchester Blue,4.22,3.7,1.81,1-0,1.0,0.0,1.0,D,
Everton,N. Forest,1.9,3.47,4.09,1-0,1.0,0.0,1.0,D,
Bournemouth,A. Villa,2.29,3.27,3.15,2-2,2.0,2.0,4.0,N,
Brighton,Sunderland,1.52,4.59,5.39,3-1,3.0,1.0,4.0,D,
Burnley,Fulham,3.44,3.37,2.12,2-2,2.0,2.0,4.0,N,
Spurs,London Blues,1.91,4.16,3.37,0-1,0.0,1.0,1.0,E,
Wolverhampton,Liverpool,3.91,3.99,1.8,2-1,2.0,1.0,3.0,D,
Newcastle,Liverpool,1.81,4.12,3.76,3-0,3.0,0.0,3.0,D,
Manchester Red,Burnley,1.43,4.99,6.28,5-0,5.0,0.0,5.0,D,
A. Villa,Leeds,1.23,6.18,11.97,1-2,1.0,2.0,3.0,E,
Manchester Blue,Everton,1.24,5.97,11.77,2-0,2.0,0.0,2.0,D,
London Reds,Bournemouth,1.28,6.14,8.43,4-2,4.0,2.0,6.0,D,
Fulham,Spurs,2.17,4.16,2.79,1-3,1.0,3.0,4.0,E,
Brighton,C. Palace,1.85,3.7,4.02,2-0,2.0,0.0,2.0,D,
Sunderland,Brentford,7.38,4.53,1.42,0-2,0.0,2.0,2.0,E,
London Blues,Wolverhampton,1.41,4.8100000000000005,7.05,2-0,2.0,0.0,2.0,D,
N. Forest,West Ham,1.75,3.85,4.4,3-1,3.0,1.0,4.0,D,
Wolverhampton,Fulham,2.58,3.4,2.65,0-2,0.0,2.0,2.0,E,
Burnley,Sunderland,2.43,3.49,2.76,1-1,1.0,1.0,2.0,N,
Spurs,Manchester Red,1.79,4.11,3.86,2-2,2.0,2.0,4.0,N,
Liverpool,A. Villa,1.32,5.28,8.71,2-1,2.0,1.0,3.0,D,
West Ham,Manchester Blue,4.91,3.97,1.65,1-1,1.0,1.0,2.0,N,
Brentford,Brighton,2.09,4.28,2.87,3-0,3.0,0.0,3.0,D,
C. Palace,Everton,1.85,3.38,4.49,1-2,1.0,2.0,3.0,E,
Leeds,London Reds,19.08,7.49,1.14,0-4,0.0,4.0,4.0,E,
Bournemouth,N. Forest,1.87,3.64,4.0,1-1,1.0,1.0,2.0,N,
Newcastle,London Blues,1.42,4.91,6.51,1-0,1.0,0.0,1.0,D,
Manchester Red,Wolverhampton,1.52,4.32,5.79,1-4,1.0,4.0,5.0,E,
Everton,West Ham,2.03,3.43,3.62,3-2,3.0,2.0,5.0,D,
A. Villa,London Blues,1.63,4.37,4.6,2-3,2.0,3.0,5.0,E,
Sunderland,Spurs,7.75,5.41,1.34,0-2,0.0,2.0,2.0,E,
N. Forest,Leeds,1.47,4.15,7.24,0-0,0.0,0.0,0.0,N,
Manchester Blue,Bournemouth,1.23,6.99,9.9,0-0,0.0,0.0,0.0,N,
Brentford,C. Palace,1.99,3.81,3.37,1-1,1.0,1.0,2.0,N,
London Reds,Liverpool,1.74,4.4,3.87,3-1,3.0,1.0,4.0,D,
Brighton,Burnley,1.4,5.25,6.4,1-4,1.0,4.0,5.0,E,
Fulham,Newcastle,2.48,3.89,2.5,2-2,2.0,2.0,4.0,N,
Wolverhampton,Sunderland,1.86,3.85,3.81,1-2,1.0,2.0,3.0,E,
London Blues,London Reds,3.44,3.41,2.1,2-3,2.0,3.0,5.0,E,
Leeds,Manchester Blue,15.07,6.72,1.18,0-2,0.0,2.0,2.0,E,
C. Palace,West Ham,1.75,3.95,4.23,1-3,1.0,3.0,4.0,E,
Burnley,Brentford,3.77,3.38,2.01,2-2,2.0,2.0,4.0,N,
A. Villa,Fulham,1.6800000000000002,4.19,4.45,1-3,1.0,3.0,4.0,E,
Newcastle,Manchester Red,1.4,4.77,7.22,2-2,2.0,2.0,4.0,N,
Spurs,Brighton,1.98,4.41,3.04,1-1,1.0,1.0,2.0,N,
Liverpool,N. Forest,1.18,7.21,13.54,3-1,3.0,1.0,4.0,D,
Bournemouth,Everton,2.11,3.03,3.91,2-2,2.0,2.0,4.0,N,
Brentford,Spurs,2.09,4.35,2.85,0-1,0.0,1.0,1.0,E,
West Ham,Bournemouth,1.97,4.07,3.27,1-2,1.0,2.0,3.0,E,
Manchester Blue,Liverpool,1.57,4.77,4.66,2-3,2.0,3.0,5.0,E,
Sunderland,Newcastle,8.86,5.49,1.31,0-4,0.0,4.0,4.0,E,
N. Forest,London Blues,2.18,3.56,3.12,0-2,0.0,2.0,2.0,E,
London Reds,Fulham,1.42,4.93,6.46,3-1,3.0,1.0,4.0,D,
Everton,Leeds,1.66,3.46,5.89,1-1,1.0,1.0,2.0,N,
Manchester Red,A. Villa,1.81,3.67,4.25,2-1,2.0,1.0,3.0,D,
Burnley,C. Palace,3.49,3.24,2.15,1-1,1.0,1.0,2.0,N,
Brighton,Wolverhampton,1.5,4.57,5.66,6-0,6.0,0.0,6.0,D,
A. Villa,Sunderland,1.36,5.39,7.25,2-4,2.0,4.0,6.0,E,
Liverpool,Everton,1.26,5.51,11.88,2-0,2.0,0.0,2.0,D,
London Reds,Manchester Red,1.37,5.08,7.36,0-0,0.0,0.0,0.0,N,
Spurs,Burnley,1.46,5.26,5.41,2-2,2.0,2.0,4.0,N,
Leeds,West Ham,3.83,3.78,1.87,3-2,3.0,2.0,5.0,D,
C. Palace,Bournemouth,1.86,3.96,3.69,2-0,2.0,0.0,2.0,D,
Newcastle,Brighton,1.5,4.83,5.34,3-1,3.0,1.0,4.0,D,
Wolverhampton,Brentford,2.69,3.39,2.54,3-0,3.0,0.0,3.0,D,
London Blues,Manchester Blue,3.05,3.44,2.27,3-2,3.0,2.0,5.0,D,
Fulham,N. Forest,1.69,4.23,4.34,3-1,3.0,1.0,4.0,D,
Brighton,A. Villa,1.77,3.91,4.17,3-2,3.0,2.0,5.0,D,
Manchester Blue,Fulham,1.31,5.6,8.32,3-1,3.0,1.0,4.0,D,
Everton,London Blues,2.58,3.25,2.74,1-1,1.0,1.0,2.0,N,
Burnley,Wolverhampton,2.52,3.35,2.75,2-1,2.0,1.0,3.0,D,
Bournemouth,Leeds,1.62,3.7,5.83,2-0,2.0,0.0,2.0,D,
West Ham,Liverpool,3.42,4.02,1.93,0-1,0.0,1.0,1.0,E,
Brentford,Newcastle,2.38,4.09,2.53,3-0,3.0,0.0,3.0,D,
Spurs,C. Palace,1.86,3.96,3.71,2-2,2.0,2.0,4.0,N,
Sunderland,London Reds,21.97,7.73,1.13,1-0,1.0,0.0,1.0,D,
N. Forest,Manchester Red,2.0,3.48,3.65,1-2,1.0,2.0,3.0,E,
Fulham,Everton,1.79,3.6,4.46,1-0,1.0,0.0,1.0,D,
London Reds,Brighton,1.46,5.16,5.51,3-3,3.0,3.0,6.0,N,
N. Forest,Sunderland,1.63,4.07,5.01,3-2,3.0,2.0,5.0,D,
C. Palace,Leeds,1.46,4.33,6.9,1-1,1.0,1.0,2.0,N,
A. Villa,Brentford,1.7000000000000002,4.09,4.39,1-3,1.0,3.0,4.0,E,
Newcastle,Burnley,1.2,7.06,11.38,2-2,2.0,2.0,4.0,N,
Liverpool,Bournemouth,1.24,6.48,10.06,2-1,2.0,1.0,3.0,D,
Manchester Red,Manchester Blue,3.66,3.55,1.98,0-1,0.0,1.0,1.0,E,
Wolverhampton,Spurs,2.8200000000000003,3.88,2.24,0-3,0.0,3.0,3.0,E,
London Blues,West Ham,1.49,4.53,5.91,1-0,1.0,0.0,1.0,D,
Bournemouth,London Blues,2.45,3.44,2.77,1-2,1.0,2.0,3.0,E,
Everton,Manchester Red,2.34,3.12,3.2,2-1,2.0,1.0,3.0,D,
Wolverhampton,C. Palace,2.42,3.26,2.94,0-1,0.0,1.0,1.0,E,
West Ham,Fulham,2.49,3.55,2.65,2-1,2.0,1.0,3.0,D,
Leeds,Liverpool,10.03,6.28,1.25,0-0,0.0,0.0,0.0,N,
Brighton,N. Forest,1.55,4.49,5.19,1-1,1.0,1.0,2.0,N,
Manchester Blue,Sunderland,1.17,7.68,12.99,3-0,3.0,0.0,3.0,D,
Brentford,London Reds,4.59,4.16,1.66,0-5,0.0,5.0,5.0,E,
Burnley,A. Villa,3.19,3.25,2.28,0-2,0.0,2.0,2.0,E,
Spurs,Newcastle,2.24,4.18,2.67,0-0,0.0,0.0,0.0,N,
Fulham,Bournemouth,1.87,4.16,3.51,1-1,1.0,1.0,2.0,N,
N. Forest,Brentford,2.24,3.41,3.13,1-2,1.0,2.0,3.0,E,
Manchester Blue,Brighton,1.36,5.75,6.74,0-1,0.0,1.0,1.0,E,
A. Villa,Spurs,1.64,4.66,4.22,2-1,2.0,1.0,3.0,D,
Newcastle,Wolverhampton,1.26,5.97,9.99,6-0,6.0,0.0,6.0,D,
Manchester Red,West Ham,1.61,4.11,5.08,0-2,0.0,2.0,2.0,E,
Sunderland,Everton,4.71,3.29,1.84,0-1,0.0,1.0,1.0,E,
London Reds,Burnley,1.18,7.63,11.75,4-1,4.0,1.0,5.0,D,
London Blues,Leeds,1.29,5.24,10.83,3-0,3.0,0.0,3.0,D,
C. Palace,Liverpool,3.14,3.88,2.07,1-3,1.0,3.0,4.0,E,
Leeds,Fulham,5.88,4.23,1.53,2-2,2.0,2.0,4.0,N,
Brentford,Manchester Blue,3.87,4.07,1.8,1-0,1.0,0.0,1.0,D,
Wolverhampton,A. Villa,2.46,3.37,2.81,0-1,0.0,1.0,1.0,E,
Newcastle,C. Palace,1.44,4.53,6.82,1-0,1.0,0.0,1.0,D,
West Ham,Sunderland,1.77,4.02,4.04,2-1,2.0,1.0,3.0,D,
Everton,Brighton,2.62,3.49,2.56,1-2,1.0,2.0,3.0,E,
Burnley,N. Forest,2.54,3.47,2.64,2-3,2.0,3.0,5.0,E,
Liverpool,London Blues,1.36,5.19,7.57,2-1,2.0,1.0,3.0,D,
Bournemouth,Manchester Red,2.24,3.28,3.23,1-0,1.0,0.0,1.0,D,
Spurs,London Reds,4.35,4.2,1.69,1-3,1.0,3.0,4.0,E,
Fulham,Liverpool,3.05,3.99,2.08,3-2,3.0,2.0,5.0,D,
A. Villa,Newcastle,1.92,4.1,3.37,0-2,0.0,2.0,2.0,E,
Manchester Red,Leeds,1.35,4.79,9.24,3-1,3.0,1.0,4.0,D,
London Reds,Wolverhampton,1.22,6.69,11.28,2-0,2.0,0.0,2.0,D,
N. Forest,Spurs,2.21,3.83,2.88,1-3,1.0,3.0,4.0,E,
Manchester Blue,Burnley,1.14,8.6,14.28,4-1,4.0,1.0,5.0,D,
C. Palace,London Blues,2.18,3.66,3.05,2-3,2.0,3.0,5.0,E,
Brighton,West Ham,1.57,4.39,5.07,2-0,2.0,0.0,2.0,D,
Sunderland,Bournemouth,5.06,4.3,1.59,1-0,1.0,0.0,1.0,D,
Everton,Brentford,2.83,3.07,2.62,0-0,0.0,0.0,0.0,N,
London Blues,Fulham,1.76,3.85,4.33,1-2,1.0,2.0,3.0,E,
Leeds,Sunderland,3.68,3.81,1.9,1-4,1.0,4.0,5.0,E,
Burnley,Everton,2.71,2.96,2.83,3-0,3.0,0.0,3.0,D,
Bournemouth,Brighton,2.46,3.68,2.62,1-1,1.0,1.0,2.0,N,
Spurs,Manchester Blue,3.61,4.04,1.87,1-1,1.0,1.0,2.0,N,
A. Villa,C. Palace,1.61,4.19,4.97,1-1,1.0,1.0,2.0,N,
Newcastle,London Reds,2.64,3.46,2.55,0-2,0.0,2.0,2.0,E,
West Ham,Brentford,2.5,3.55,2.64,2-2,2.0,2.0,4.0,N,
Liverpool,Manchester Red,1.31,5.38,8.98,2-0,2.0,0.0,2.0,D,
Wolverhampton,N. Forest,1.99,3.64,3.55,0-4,0.0,4.0,4.0,E,
C. Palace,Fulham,2.19,3.52,3.13,2-0,2.0,0.0,2.0,D,
Everton,Spurs,2.58,3.5,2.58,2-1,2.0,1.0,3.0,D,
Brighton,Leeds,1.36,4.8100000000000005,8.43,2-2,2.0,2.0,4.0,N,
Sunderland,Liverpool,11.81,6.58,1.21,0-3,0.0,3.0,3.0,E,
N. Forest,Newcastle,2.48,3.66,2.61,2-3,2.0,3.0,5.0,E,
West Ham,Burnley,1.72,4.29,4.08,1-3,1.0,3.0,4.0,E,
Manchester Red,London Blues,1.92,3.77,3.66,1-5,1.0,5.0,6.0,E,
London Reds,A. Villa,1.35,5.32,7.77,2-1,2.0,1.0,3.0,D,
Manchester Blue,Wolverhampton,1.18,7.53,12.96,2-2,2.0,2.0,4.0,N,
Brentford,Bournemouth,1.73,4.48,3.88,0-1,0.0,1.0,1.0,E,
Leeds,Brentford,6.27,4.31,1.5,2-2,2.0,2.0,4.0,N,
Spurs,West Ham,1.61,4.57,4.55,0-1,0.0,1.0,1.0,E,
London Reds,C. Palace,1.39,4.96,7.32,2-0,2.0,0.0,2.0,D,
Fulham,Manchester Red,2.02,3.72,3.37,1-1,1.0,1.0,2.0,N,
London Blues,Sunderland,1.44,4.79,6.47,3-0,3.0,0.0,3.0,D,
A. Villa,N. Forest,1.39,5.14,6.85,5-0,5.0,0.0,5.0,D,
Liverpool,Brighton,1.36,5.47,7.01,4-1,4.0,1.0,5.0,D,
Bournemouth,Burnley,1.6800000000000002,4.03,4.59,4-0,4.0,0.0,4.0,D,
Newcastle,Manchester Blue,2.33,3.54,2.88,1-2,1.0,2.0,3.0,E,
Wolverhampton,Everton,2.11,3.2,3.65,0-1,0.0,1.0,1.0,E,
Everton,Newcastle,3.05,3.42,2.27,1-1,1.0,1.0,2.0,N,
N. Forest,London Reds,5.11,3.77,1.67,2-2,2.0,2.0,4.0,N,
West Ham,Wolverhampton,1.82,3.95,3.88,5-1,5.0,1.0,6.0,D,
Sunderland,Fulham,6.72,4.42,1.46,2-3,2.0,3.0,5.0,E,
Brentford,Liverpool,2.77,4.14,2.18,2-2,2.0,2.0,4.0,N,
Burnley,Leeds,1.97,3.28,4.03,3-1,3.0,1.0,4.0,D,
Brighton,London Blues,1.88,3.94,3.65,2-1,2.0,1.0,3.0,D,
Manchester Blue,A. Villa,1.29,5.77,8.91,1-1,1.0,1.0,2.0,N,
C. Palace,Manchester Red,2.02,3.58,3.51,4-1,4.0,1.0,5.0,D,
Bournemouth,Spurs,2.53,3.74,2.51,1-1,1.0,1.0,2.0,N,
Newcastle,West Ham,1.3,5.7,8.85,3-0,3.0,0.0,3.0,D,
Liverpool,Burnley,1.15,8.13,14.47,2-2,2.0,2.0,4.0,N,
London Blues,Brentford,1.85,3.72,4.01,0-0,0.0,0.0,0.0,N,
Leeds,Spurs,6.53,5.23,1.4,0-0,0.0,0.0,0.0,N,
Manchester Red,Sunderland,1.55,4.27,5.48,1-2,1.0,2.0,3.0,E,
Fulham,Brighton,2.21,4.08,2.76,0-1,0.0,1.0,1.0,E,
A. Villa,Everton,1.49,4.27,6.45,2-1,2.0,1.0,3.0,D,
Wolverhampton,Bournemouth,2.19,3.76,2.96,0-1,0.0,1.0,1.0,E,
London Reds,Manchester Blue,2.25,3.71,2.89,2-1,2.0,1.0,3.0,D,
N. Forest,C. Palace,2.09,3.29,3.62,2-0,2.0,0.0,2.0,D,
West Ham,A. Villa,2.25,3.54,3.01,5-1,5.0,1.0,6.0,D,
Everton,London Reds,6.21,3.6,1.61,1-3,1.0,3.0,4.0,E,
Burnley,London Blues,3.5700000000000003,3.54,2.01,0-1,0.0,1.0,1.0,E,
Manchester Blue,N. Forest,1.18,7.46,12.81,3-0,3.0,0.0,3.0,D,
Spurs,Liverpool,2.71,4.26,2.19,3-2,3.0,2.0,5.0,D,
Brentford,Fulham,1.96,4.0,3.33,2-1,2.0,1.0,3.0,D,
Bournemouth,Newcastle,2.88,3.55,2.32,0-2,0.0,2.0,2.0,E,
Brighton,Manchester Red,1.79,3.91,4.05,0-1,0.0,1.0,1.0,E,
Leeds,Wolverhampton,3.54,3.71,1.97,1-0,1.0,0.0,1.0,D,
C. Palace,Sunderland,1.66,4.12,4.68,1-1,1.0,1.0,2.0,N,
Manchester Red,Brentford,1.99,3.52,3.66,1-1,1.0,1.0,2.0,N,
Newcastle,Leeds,1.17,7.03,16.7,0-0,0.0,0.0,0.0,N,
London Reds,West Ham,1.25,6.22,9.95,4-1,4.0,1.0,5.0,D,
Manchester Blue,C. Palace,1.3,5.53,8.93,5-1,5.0,1.0,6.0,D,
N. Forest,Everton,1.85,3.34,4.54,1-2,1.0,2.0,3.0,E,
A. Villa,Bournemouth,1.45,5.13,5.69,5-1,5.0,1.0,6.0,D,
Sunderland,Brighton,7.78,5.3,1.35,0-3,0.0,3.0,3.0,E,
Fulham,Burnley,1.57,4.67,4.77,1-2,1.0,2.0,3.0,E,
London Blues,Spurs,1.79,4.23,3.75,0-2,0.0,2.0,2.0,E,
Liverpool,Wolverhampton,1.18,7.02,13.66,2-1,2.0,1.0,3.0,D,
Liverpool,Newcastle,1.45,4.9,5.97,4-1,4.0,1.0,5.0,D,
Burnley,Manchester Red,3.18,3.32,2.25,3-0,3.0,0.0,3.0,D,
Leeds,A. Villa,4.9,3.99,1.65,1-1,1.0,1.0,2.0,N,
Everton,Manchester Blue,5.18,3.61,1.7000000000000002,1-1,1.0,1.0,2.0,N,
Bournemouth,London Reds,5.82,3.73,1.61,2-0,2.0,0.0,2.0,D,
Spurs,Fulham,1.95,4.02,3.35,2-1,2.0,1.0,3.0,D,
C. Palace,Brighton,2.3,3.88,2.73,1-1,1.0,1.0,2.0,N,
Brentford,Sunderland,1.59,4.6,4.66,3-0,3.0,0.0,3.0,D,
Wolverhampton,London Blues,2.6,3.56,2.54,2-1,2.0,1.0,3.0,D,
West Ham,N. Forest,1.86,3.91,3.75,1-1,1.0,1.0,2.0,N,
Fulham,Wolverhampton,1.67,4.23,4.42,2-1,2.0,1.0,3.0,D,
Sunderland,Burnley,3.97,3.98,1.8,0-3,0.0,3.0,3.0,E,
Manchester Red,Spurs,1.93,4.04,3.41,3-1,3.0,1.0,4.0,D,
A. Villa,Liverpool,2.15,4.09,2.86,0-0,0.0,0.0,0.0,N,
Manchester Blue,West Ham,1.2,7.19,11.48,1-0,1.0,0.0,1.0,D,
Brighton,Brentford,2.01,3.7,3.43,3-1,3.0,1.0,4.0,D,
Everton,C. Palace,2.49,2.99,3.09,1-2,1.0,2.0,3.0,E,
London Reds,Leeds,1.14,7.85,18.35,3-1,3.0,1.0,4.0,D,
N. Forest,Bournemouth,1.88,3.9,3.66,2-0,2.0,0.0,2.0,D,
London Blues,Newcastle,2.03,3.85,3.26,4-1,4.0,1.0,5.0,D,
Wolverhampton,Manchester Red,2.37,3.42,2.89,1-1,1.0,1.0,2.0,N,
West Ham,Everton,2.0,3.36,3.81,1-2,1.0,2.0,3.0,E,
London Blues,A. Villa,1.67,3.97,4.79,1-0,1.0,0.0,1.0,D,
Spurs,Sunderland,1.5,4.99,5.25,2-2,2.0,2.0,4.0,N,
Leeds,N. Forest,3.71,3.76,1.91,0-4,0.0,4.0,4.0,E,
Bournemouth,Manchester Blue,5.25,3.69,1.67,0-3,0.0,3.0,3.0,E,
C. Palace,Brentford,2.39,3.42,2.86,1-2,1.0,2.0,3.0,E,
Liverpool,London Reds,2.28,3.43,3.03,1-2,1.0,2.0,3.0,E,
Burnley,Brighton,3.56,3.89,1.92,0-1,0.0,1.0,1.0,E,
Newcastle,Fulham,1.48,4.57,6.04,1-1,1.0,1.0,2.0,N,
Sunderland,Wolverhampton,4.47,3.81,1.74,0-1,0.0,1.0,1.0,E,
London Reds,London Blues,1.4,5.18,6.66,2-1,2.0,1.0,3.0,D,
Manchester Blue,Leeds,1.11,8.8,21.29,2-1,2.0,1.0,3.0,D,
West Ham,C. Palace,2.29,3.45,3.0,0-3,0.0,3.0,3.0,E,
Brentford,Burnley,1.53,4.97,4.84,1-3,1.0,3.0,4.0,E,
Fulham,A. Villa,2.04,3.73,3.32,2-1,2.0,1.0,3.0,D,
Manchester Red,Newcastle,2.23,3.75,2.9,3-0,3.0,0.0,3.0,D,
Brighton,Spurs,1.95,4.19,3.23,1-1,1.0,1.0,2.0,N,
N. Forest,Liverpool,3.0,3.74,2.18,0-1,0.0,1.0,1.0,E,
Everton,Bournemouth,2.16,3.51,3.21,1-1,1.0,1.0,2.0,N,
Spurs,Brentford,1.94,4.01,3.4,1-1,1.0,1.0,2.0,N,
Bournemouth,West Ham,1.93,3.61,3.77,0-1,0.0,1.0,1.0,E,
Liverpool,Manchester Blue,2.03,3.6,3.45,2-1,2.0,1.0,3.0,D,
Newcastle,Sunderland,1.26,6.1,10.07,2-2,2.0,2.0,4.0,N,
London Blues,N. Forest,1.45,4.64,6.5600000000000005,1-3,1.0,3.0,4.0,E,
Fulham,London Reds,5.52,4.13,1.57,0-1,0.0,1.0,1.0,E,
Leeds,Everton,4.02,3.29,1.97,0-2,0.0,2.0,2.0,E,
A. Villa,Manchester Red,1.6,4.24,5.0,1-0,1.0,0.0,1.0,D,
C. Palace,Burnley,1.56,4.49,5.04,1-1,1.0,1.0,2.0,N,
Wolverhampton,Brighton,2.68,3.81,2.35,4-0,4.0,0.0,4.0,D,
Sunderland,A. Villa,5.98,4.03,1.55,0-4,0.0,4.0,4.0,E,
Everton,Liverpool,3.56,3.54,2.01,0-3,0.0,3.0,3.0,E,
Manchester Red,London Reds,4.05,3.5,1.9,0-2,0.0,2.0,2.0,E,
Burnley,Spurs,3.55,3.97,1.9,0-2,0.0,2.0,2.0,E,
West Ham,Leeds,1.56,4.06,5.87,1-2,1.0,2.0,3.0,E,
Bournemouth,C. Palace,2.44,3.12,3.03,1-1,1.0,1.0,2.0,N,
Brighton,Newcastle,2.2,3.96,2.83,2-2,2.0,2.0,4.0,N,
Brentford,Wolverhampton,1.55,4.59,5.06,0-3,0.0,3.0,3.0,E,
Manchester Blue,London Blues,1.32,5.8100000000000005,7.73,3-1,3.0,1.0,4.0,D,
N. Forest,Fulham,2.19,3.43,3.19,0-2,0.0,2.0,2.0,E,
A. Villa,Brighton,1.74,4.45,3.86,1-0,1.0,0.0,1.0,D,
Fulham,Manchester Blue,4.65,4.0,1.6800000000000002,1-1,1.0,1.0,2.0,N,
London Blues,Everton,1.52,3.97,6.76,0-1,0.0,1.0,1.0,E,
Wolverhampton,Burnley,1.77,4.09,3.97,3-0,3.0,0.0,3.0,D,
Leeds,Bournemouth,4.37,4.26,1.6800000000000002,0-0,0.0,0.0,0.0,N,
Liverpool,West Ham,1.22,6.48,11.28,3-0,3.0,0.0,3.0,D,
Newcastle,Brentford,1.55,4.28,5.49,2-1,2.0,1.0,3.0,D,
C. Palace,Spurs,2.32,3.93,2.67,2-1,2.0,1.0,3.0,D,
London Reds,Sunderland,1.22,6.78,10.72,3-0,3.0,0.0,3.0,D,
Manchester Red,N. Forest,1.52,4.36,5.8,1-0,1.0,0.0,1.0,D,
Everton,Fulham,2.55,3.11,2.89,0-1,0.0,1.0,1.0,E,
Brighton,London Reds,4.54,3.84,1.73,0-0,0.0,0.0,0.0,N,
Sunderland,N. Forest,4.58,3.9,1.71,1-2,1.0,2.0,3.0,E,
Leeds,C. Palace,5.04,3.87,1.66,1-1,1.0,1.0,2.0,N,
Brentford,A. Villa,1.87,4.01,3.62,3-3,3.0,3.0,6.0,N,
Burnley,Newcastle,4.39,3.98,1.72,1-0,1.0,0.0,1.0,D,
Bournemouth,Liverpool,3.61,3.69,1.95,0-1,0.0,1.0,1.0,E,
Manchester Blue,Manchester Red,1.3,5.68,8.9,3-0,3.0,0.0,3.0,D,
Spurs,Wolverhampton,1.5,4.85,5.32,2-3,2.0,3.0,5.0,E,
West Ham,London Blues,2.39,3.71,2.69,1-2,1.0,2.0,3.0,E,
London Blues,Bournemouth,1.51,4.63,5.45,1-1,1.0,1.0,2.0,N,
Manchester Red,Everton,1.69,3.58,5.33,1-0,1.0,0.0,1.0,D,
C. Palace,Wolverhampton,1.69,3.99,4.5600000000000005,2-1,2.0,1.0,3.0,D,
Fulham,West Ham,1.78,4.11,3.92,2-1,2.0,1.0,3.0,D,
Liverpool,Leeds,1.13,8.06,20.32,2-0,2.0,0.0,2.0,D,
N. Forest,Brighton,2.3,3.76,2.79,2-4,2.0,4.0,6.0,E,
Sunderland,Manchester Blue,18.48,7.39,1.15,0-2,0.0,2.0,2.0,E,
London Reds,Brentford,1.47,4.71,6.03,3-0,3.0,0.0,3.0,D,
A. Villa,Burnley,1.3,6.12,8.0,0-2,0.0,2.0,2.0,E,
Newcastle,Spurs,1.42,5.22,6.02,3-0,3.0,0.0,3.0,D,
Bournemouth,Fulham,2.45,3.29,2.88,0-0,0.0,0.0,0.0,N,
Brentford,N. Forest,1.56,4.68,4.87,1-0,1.0,0.0,1.0,D,
Brighton,Manchester Blue,3.51,3.66,1.99,3-2,3.0,2.0,5.0,D,
Spurs,A. Villa,1.8,4.1,3.82,1-2,1.0,2.0,3.0,E,
Wolverhampton,Newcastle,3.03,3.73,2.16,2-2,2.0,2.0,4.0,N,
West Ham,Manchester Red,2.25,3.6,2.97,0-2,0.0,2.0,2.0,E,
Everton,Sunderland,1.92,3.55,3.87,0-1,0.0,1.0,1.0,E,
Burnley,London Reds,9.94,4.84,1.33,1-4,1.0,4.0,5.0,E,
Leeds,London Blues,5.67,4.4,1.52,1-1,1.0,1.0,2.0,N,
Liverpool,C. Palace,1.32,5.15,9.42,2-0,2.0,0.0,2.0,D,
Fulham,Leeds,1.47,4.41,6.51,2-2,2.0,2.0,4.0,N,
Manchester Blue,Brentford,1.37,5.24,7.26,4-1,4.0,1.0,5.0,D,
A. Villa,Wolverhampton,1.34,5.44,7.65,2-1,2.0,1.0,3.0,D,
C. Palace,Newcastle,2.65,3.69,2.43,1-4,1.0,4.0,5.0,E,
Sunderland,West Ham,4.92,4.02,1.65,0-0,0.0,0.0,0.0,N,
Brighton,Everton,1.66,3.76,5.2,3-2,3.0,2.0,5.0,D,
N. Forest,Burnley,1.56,4.39,5.27,3-2,3.0,2.0,5.0,D,
London Blues,Liverpool,2.39,3.77,2.66,2-2,2.0,2.0,4.0,N,
Manchester Red,Bournemouth,1.66,4.2,4.53,2-2,2.0,2.0,4.0,N,
London Reds,Spurs,1.41,5.42,5.93,1-1,1.0,1.0,2.0,N,
Liverpool,Fulham,1.36,5.08,7.94,1-0,1.0,0.0,1.0,D,
Newcastle,A. Villa,1.38,4.91,7.45,1-1,1.0,1.0,2.0,N,
Leeds,Manchester Red,5.21,4.0,1.62,0-5,0.0,5.0,5.0,E,
Wolverhampton,London Reds,6.65,4.21,1.49,1-0,1.0,0.0,1.0,D,
Spurs,N. Forest,1.52,4.82,5.17,1-0,1.0,0.0,1.0,D,
Burnley,Manchester Blue,8.43,4.67,1.38,0-2,0.0,2.0,2.0,E,
London Blues,C. Palace,1.77,3.66,4.48,1-1,1.0,1.0,2.0,N,
West Ham,Brighton,2.53,3.98,2.42,3-2,3.0,2.0,5.0,D,
Bournemouth,Sunderland,1.82,3.7,4.13,3-1,3.0,1.0,4.0,D,
Brentford,Everton,1.66,3.95,4.9,1-1,1.0,1.0,2.0,N,
Fulham,London Blues,2.17,3.78,2.99,1-0,1.0,0.0,1.0,D,
Sunderland,Leeds,3.31,3.17,2.26,3-0,3.0,0.0,3.0,D,
Everton,Burnley,1.8,3.74,4.19,1-1,1.0,1.0,2.0,N,
Brighton,Bournemouth,1.64,4.43,4.42,3-0,3.0,0.0,3.0,D,
Manchester Blue,Spurs,1.36,5.78,6.65,1-2,1.0,2.0,3.0,E,
C. Palace,A. Villa,2.08,3.52,3.39,3-2,3.0,2.0,5.0,D,
London Reds,Newcastle,1.52,4.76,5.25,1-0,1.0,0.0,1.0,D,
Brentford,West Ham,1.65,4.47,4.37,1-0,1.0,0.0,1.0,D,
Manchester Red,Liverpool,2.53,3.75,2.52,2-2,2.0,2.0,4.0,N,
N. Forest,Wolverhampton,1.65,3.95,5.03,3-1,3.0,1.0,4.0,D,
Fulham,C. Palace,2.05,3.56,3.42,2-1,2.0,1.0,3.0,D,
Spurs,Everton,1.64,4.03,4.97,0-5,0.0,5.0,5.0,E,
Leeds,Brighton,6.12,4.96,1.44,0-1,0.0,1.0,1.0,E,
Liverpool,Sunderland,1.18,7.15,13.39,2-0,2.0,0.0,2.0,D,
Newcastle,N. Forest,1.26,5.98,9.88,3-0,3.0,0.0,3.0,D,
Burnley,West Ham,2.67,3.41,2.55,1-1,1.0,1.0,2.0,N,
London Blues,Manchester Red,1.65,4.01,4.89,1-1,1.0,1.0,2.0,N,
A. Villa,London Reds,3.43,3.63,2.03,1-2,1.0,2.0,3.0,E,
Wolverhampton,Manchester Blue,5.83,4.05,1.56,2-4,2.0,4.0,6.0,E,
Bournemouth,Brentford,2.64,3.21,2.7,1-1,1.0,1.0,2.0,N,
Brentford,Leeds,1.37,5.08,7.58,3-1,3.0,1.0,4.0,D,
West Ham,Spurs,2.55,4.0,2.39,2-1,2.0,1.0,3.0,D,
C. Palace,London Reds,5.04,3.78,1.6800000000000002,1-3,1.0,3.0,4.0,E,
Manchester Red,Fulham,1.87,3.63,3.99,1-0,1.0,0.0,1.0,D,
Sunderland,London Blues,7.42,4.68,1.41,0-6,0.0,6.0,6.0,E,
N. Forest,A. Villa,1.99,3.52,3.66,1-1,1.0,1.0,2.0,N,
Brighton,Liverpool,2.53,3.91,2.44,2-1,2.0,1.0,3.0,D,
Burnley,Bournemouth,2.83,3.68,2.3,3-1,3.0,1.0,4.0,D,
Manchester Blue,Newcastle,1.44,5.2,5.8,0-2,0.0,2.0,2.0,E,
Everton,Wolverhampton,1.89,3.45,4.13,1-2,1.0,2.0,3.0,E,
Newcastle,Everton,1.34,4.84,9.44,2-0,2.0,0.0,2.0,D,
London Reds,N. Forest,1.22,6.65,10.73,4-0,4.0,0.0,4.0,D,
Wolverhampton,West Ham,2.03,3.64,3.43,2-1,2.0,1.0,3.0,D,
Fulham,Sunderland,1.69,4.23,4.3,2-1,2.0,1.0,3.0,D,
Liverpool,Brentford,1.43,4.68,6.77,0-4,0.0,4.0,4.0,E,
Leeds,Burnley,3.32,3.89,2.0,0-1,0.0,1.0,1.0,E,
London Blues,Brighton,1.79,4.22,3.8,1-1,1.0,1.0,2.0,N,
A. Villa,Manchester Blue,2.92,3.68,2.24,1-1,1.0,1.0,2.0,N,
Manchester Red,C. Palace,1.84,3.6,4.19,3-2,3.0,2.0,5.0,D,
Spurs,Bournemouth,1.66,4.68,4.09,2-3,2.0,3.0,5.0,E,
West Ham,Newcastle,3.03,3.93,2.1,0-2,0.0,2.0,2.0,E,
Burnley,Liverpool,5.64,4.39,1.53,1-0,1.0,0.0,1.0,D,
Brentford,London Blues,1.95,4.06,3.33,1-0,1.0,0.0,1.0,D,
Spurs,Leeds,1.34,5.36,7.82,2-2,2.0,2.0,4.0,N,
Sunderland,Manchester Red,6.13,4.11,1.53,0-0,0.0,0.0,0.0,N,
Brighton,Fulham,1.91,3.78,3.69,2-2,2.0,2.0,4.0,N,
Everton,A. Villa,2.26,3.15,3.32,1-0,1.0,0.0,1.0,D,
Bournemouth,Wolverhampton,1.88,3.6,3.99,1-2,1.0,2.0,3.0,E,
Manchester Blue,London Reds,2.23,3.68,2.94,1-1,1.0,1.0,2.0,N,
C. Palace,N. Forest,1.71,4.01,4.46,3-2,3.0,2.0,5.0,D,
Brentford,Everton,1.67,3.99,4.79,1-2,1.0,2.0,3.0,E,
Fulham,Leeds,1.48,4.33,6.53,2-1,2.0,1.0,3.0,D,
London Reds,Manchester Red,1.35,5.3,7.8,1-1,1.0,1.0,2.0,N,
C. Palace,Wolverhampton,1.71,3.94,4.55,1-0,1.0,0.0,1.0,D,
N. Forest,West Ham,1.75,3.87,4.32,0-1,0.0,1.0,1.0,E,
A. Villa,Spurs,1.64,4.69,4.19,0-5,0.0,5.0,5.0,E,
London Blues,Liverpool,2.31,3.8,2.75,1-2,1.0,2.0,3.0,E,
Manchester Blue,Newcastle,1.42,5.24,5.98,2-1,2.0,1.0,3.0,D,
Bournemouth,Burnley,1.69,4.05,4.51,,,,,,
Brighton,Sunderland,1.52,4.53,5.55,2-1,2.0,1.0,3.0,D,
Spurs,Brentford,2.06,3.96,3.1,1-1,1.0,1.0,2.0,N,
Manchester Red,Brighton,1.99,3.92,3.31,2-3,2.0,3.0,5.0,E,
C. Palace,Manchester Blue,4.14,3.69,1.83,2-2,2.0,2.0,4.0,N,
Leeds,London Blues,5.46,4.26,1.56,2-0,2.0,0.0,2.0,D,
Everton,Liverpool,3.54,3.6,2.0,1-0,1.0,0.0,1.0,D,
Newcastle,London Reds,2.75,3.46,2.46,1-2,1.0,2.0,3.0,E,
Burnley,Fulham,3.52,3.38,2.08,0-3,0.0,3.0,3.0,E,
Sunderland,A. Villa,6.07,4.1,1.54,0-5,0.0,5.0,5.0,E,
Wolverhampton,N. Forest,1.88,3.78,3.81,3-2,3.0,2.0,5.0,D,
West Ham,Bournemouth,2.02,4.0,3.17,1-0,1.0,0.0,1.0,D,
A. Villa,Manchester Red,1.54,4.41,5.43,2-0,2.0,0.0,2.0,D,
London Reds,C. Palace,1.38,4.93,7.68,0-0,0.0,0.0,0.0,N,
Liverpool,Leeds,1.12,8.2,22.38,1-0,1.0,0.0,1.0,D,
Bournemouth,Wolverhampton,1.82,3.62,4.3,3-1,3.0,1.0,4.0,D,
Brentford,Sunderland,1.54,4.77,5.02,1-1,1.0,1.0,2.0,N,
Spurs,Everton,1.63,4.08,4.95,1-2,1.0,2.0,3.0,E,
London Blues,Burnley,1.39,5.13,6.85,2-2,2.0,2.0,4.0,N,
Fulham,West Ham,1.87,3.96,3.68,2-2,2.0,2.0,4.0,N,
Brighton,Newcastle,2.22,3.94,2.81,1-0,1.0,0.0,1.0,D,
N. Forest,Manchester Blue,4.26,3.61,1.82,2-0,2.0,0.0,2.0,D,
Everton,Leeds,1.64,3.51,6.0,1-2,1.0,2.0,3.0,E,
West Ham,London Blues,2.43,3.66,2.66,1-1,1.0,1.0,2.0,N,
Manchester Red,Brentford,2.02,3.53,3.5700000000000003,1-3,1.0,3.0,4.0,E,
C. Palace,Brighton,2.2,3.95,2.85,2-0,2.0,0.0,2.0,D,
N. Forest,London Reds,4.8,3.64,1.73,1-2,1.0,2.0,3.0,E,
Burnley,Liverpool,5.12,4.25,1.59,4-2,4.0,2.0,6.0,D,
Sunderland,Spurs,7.88,5.54,1.33,2-1,2.0,1.0,3.0,D,
Wolverhampton,Fulham,2.58,3.41,2.64,0-1,0.0,1.0,1.0,E,
Newcastle,A. Villa,1.4,4.8,7.23,4-1,4.0,1.0,5.0,D,
Manchester Blue,Bournemouth,1.23,6.96,9.82,1-0,1.0,0.0,1.0,D,
A. Villa,C. Palace,1.63,4.13,4.89,1-2,1.0,2.0,3.0,E,
Fulham,Manchester Blue,4.42,3.95,1.72,2-2,2.0,2.0,4.0,N,
Bournemouth,London Reds,6.07,3.78,1.58,1-1,1.0,1.0,2.0,N,
Leeds,Burnley,3.45,3.93,1.94,5-0,5.0,0.0,5.0,D,
Liverpool,West Ham,1.24,6.21,11.01,0-0,0.0,0.0,0.0,N,
Spurs,Manchester Red,1.8,4.14,3.78,3-0,3.0,0.0,3.0,D,
Sunderland,Everton,4.65,3.27,1.86,1-2,1.0,2.0,3.0,E,
Brighton,N. Forest,1.54,4.44,5.34,2-1,2.0,1.0,3.0,D,
Brentford,Newcastle,2.23,4.12,2.71,1-2,1.0,2.0,3.0,E,
London Blues,Wolverhampton,1.41,4.82,7.04,3-0,3.0,0.0,3.0,D,
Newcastle,Spurs,1.46,5.08,5.67,2-0,2.0,0.0,2.0,D,
Manchester Blue,London Blues,1.32,5.79,7.73,3-1,3.0,1.0,4.0,D,
C. Palace,Brentford,2.27,3.49,3.01,1-2,1.0,2.0,3.0,E,
London Reds,Fulham,1.43,4.89,6.48,0-0,0.0,0.0,0.0,N,
Manchester Red,Sunderland,1.51,4.46,5.75,2-0,2.0,0.0,2.0,D,
West Ham,Leeds,1.54,4.15,5.84,3-1,3.0,1.0,4.0,D,
Bournemouth,Brighton,2.54,3.62,2.56,1-1,1.0,1.0,2.0,N,
Everton,Burnley,1.76,3.88,4.28,1-1,1.0,1.0,2.0,N,
Wolverhampton,Liverpool,3.68,3.93,1.88,2-1,2.0,1.0,3.0,D,
N. Forest,A. Villa,1.99,3.52,3.64,0-0,0.0,0.0,0.0,N,
Leeds,Wolverhampton,3.5700000000000003,3.65,1.98,4-0,4.0,0.0,4.0,D,
Liverpool,Manchester Blue,2.08,3.59,3.34,1-2,1.0,2.0,3.0,E,
A. Villa,Bournemouth,1.43,5.19,6.0,3-0,3.0,0.0,3.0,D,
Fulham,Brighton,2.26,4.13,2.67,4-0,4.0,0.0,4.0,D,
Manchester Red,Everton,1.69,3.54,5.4,0-1,0.0,1.0,1.0,E,
Spurs,C. Palace,1.85,3.99,3.72,3-0,3.0,0.0,3.0,D,
Sunderland,Newcastle,9.27,5.53,1.3,2-1,2.0,1.0,3.0,D,
Brentford,N. Forest,1.56,4.68,4.88,2-1,2.0,1.0,3.0,D,
Burnley,West Ham,2.78,3.42,2.45,3-1,3.0,1.0,4.0,D,
London Blues,London Reds,3.79,3.46,1.97,1-4,1.0,4.0,5.0,E,
Wolverhampton,Burnley,1.73,4.11,4.2,1-2,1.0,2.0,3.0,E,
Brighton,London Blues,1.92,3.85,3.5700000000000003,2-1,2.0,1.0,3.0,D,
N. Forest,Spurs,2.25,3.8,2.84,2-1,2.0,1.0,3.0,D,
London Reds,Liverpool,1.73,4.41,3.93,1-1,1.0,1.0,2.0,N,
Manchester Blue,Leeds,1.12,8.77,19.84,3-0,3.0,0.0,3.0,D,
Bournemouth,Brentford,2.5700000000000003,3.28,2.73,1-1,1.0,1.0,2.0,N,
Everton,West Ham,2.11,3.32,3.52,1-1,1.0,1.0,2.0,N,
Fulham,A. Villa,2.01,3.74,3.38,1-0,1.0,0.0,1.0,D,
C. Palace,Sunderland,1.72,4.0,4.37,4-1,4.0,1.0,5.0,D,
Newcastle,Manchester Red,1.38,4.88,7.58,3-0,3.0,0.0,3.0,D,
Spurs,Bournemouth,1.65,4.74,4.1,0-1,0.0,1.0,1.0,E,
West Ham,Wolverhampton,1.77,3.97,4.09,1-1,1.0,1.0,2.0,N,
Brentford,Fulham,2.05,3.89,3.16,2-3,2.0,3.0,5.0,E,
London Blues,A. Villa,1.67,3.88,4.95,4-0,4.0,0.0,4.0,D,
Leeds,London Reds,18.61,7.19,1.15,0-2,0.0,2.0,2.0,E,
Manchester Red,C. Palace,1.84,3.54,4.25,3-0,3.0,0.0,3.0,D,
Liverpool,Brighton,1.34,5.71,7.34,0-1,0.0,1.0,1.0,E,
Newcastle,Everton,1.34,4.88,9.35,1-0,1.0,0.0,1.0,D,
Burnley,Manchester Blue,8.26,4.63,1.38,0-1,0.0,1.0,1.0,E,
Sunderland,N. Forest,4.65,3.9,1.7000000000000002,2-2,2.0,2.0,4.0,N,
Manchester Blue,West Ham,1.19,7.25,11.83,4-1,4.0,1.0,5.0,D,
Fulham,Spurs,2.19,4.09,2.78,1-2,1.0,2.0,3.0,E,
A. Villa,Liverpool,2.21,4.08,2.76,2-1,2.0,1.0,3.0,D,
Everton,Wolverhampton,1.93,3.4,4.03,3-2,3.0,2.0,5.0,D,
London Reds,Burnley,1.18,7.56,11.93,0-2,0.0,2.0,2.0,E,
C. Palace,Newcastle,2.53,3.78,2.5,2-4,2.0,4.0,6.0,E,
London Blues,Brentford,1.85,3.72,3.98,0-0,0.0,0.0,0.0,N,
N. Forest,Manchester Red,2.06,3.49,3.49,0-1,0.0,1.0,1.0,E,
Brighton,Leeds,1.34,5.05,8.81,4-0,4.0,0.0,4.0,D,
Bournemouth,Sunderland,1.88,3.63,3.96,2-1,2.0,1.0,3.0,D,
Wolverhampton,Manchester Blue,5.35,4.01,1.6,2-2,2.0,2.0,4.0,N,
Newcastle,N. Forest,1.25,6.15,10.59,4-1,4.0,1.0,5.0,D,
C. Palace,Everton,1.88,3.33,4.4,0-1,0.0,1.0,1.0,E,
Sunderland,Fulham,7.0,4.38,1.45,0-0,0.0,0.0,0.0,N,
Liverpool,Brentford,1.38,4.91,7.67,3-0,3.0,0.0,3.0,D,
Manchester Red,Bournemouth,1.62,4.35,4.69,1-1,1.0,1.0,2.0,N,
West Ham,London Reds,6.34,4.34,1.49,0-3,0.0,3.0,3.0,E,
Burnley,Brighton,3.79,3.92,1.85,1-3,1.0,3.0,4.0,E,
Leeds,A. Villa,4.93,3.99,1.65,1-5,1.0,5.0,6.0,E,
Spurs,London Blues,1.85,4.23,3.53,0-0,0.0,0.0,0.0,N,
London Reds,Wolverhampton,1.24,6.4,10.59,4-0,4.0,0.0,4.0,D,
Brentford,Leeds,1.36,5.09,7.69,3-1,3.0,1.0,4.0,D,
N. Forest,C. Palace,2.13,3.28,3.51,0-2,0.0,2.0,2.0,E,
A. Villa,Burnley,1.3,6.0,7.92,3-0,3.0,0.0,3.0,D,
Everton,Manchester Blue,5.04,3.44,1.75,0-2,0.0,2.0,2.0,E,
Liverpool,Spurs,1.35,5.63,7.06,2-1,2.0,1.0,3.0,D,
Bournemouth,Newcastle,2.83,3.55,2.35,0-0,0.0,0.0,0.0,N,
London Blues,Sunderland,1.44,4.75,6.54,0-1,0.0,1.0,1.0,E,
Fulham,Manchester Red,1.99,3.74,3.45,0-1,0.0,1.0,1.0,E,
Brighton,West Ham,1.6,4.39,4.87,2-1,2.0,1.0,3.0,D,
C. Palace,Bournemouth,1.83,4.02,3.76,0-1,0.0,1.0,1.0,E,
Newcastle,Fulham,1.47,4.55,6.32,4-0,4.0,0.0,4.0,D,
West Ham,A. Villa,2.28,3.59,2.92,5-0,5.0,0.0,5.0,D,
Manchester Red,London Blues,1.92,3.72,3.7,1-3,1.0,3.0,4.0,E,
Burnley,Brentford,3.81,3.5,1.96,2-3,2.0,3.0,5.0,E,
Sunderland,Liverpool,12.8,6.89,1.2,1-4,1.0,4.0,5.0,E,
Wolverhampton,Brighton,2.65,3.82,2.37,2-0,2.0,0.0,2.0,D,
N. Forest,Everton,1.86,3.28,4.58,1-1,1.0,1.0,2.0,N,
Manchester Blue,London Reds,2.23,3.6,3.0,2-1,2.0,1.0,3.0,D,
Leeds,Spurs,6.04,4.98,1.44,3-0,3.0,0.0,3.0,D,
Bournemouth,N. Forest,1.84,3.65,4.13,4-0,4.0,0.0,4.0,D,
Brighton,Manchester Blue,3.63,3.63,1.97,0-2,0.0,2.0,2.0,E,
Leeds,Sunderland,3.5700000000000003,3.79,1.94,1-2,1.0,2.0,3.0,E,
Liverpool,Manchester Red,1.29,5.55,9.5,0-3,0.0,3.0,3.0,E,
Fulham,C. Palace,2.06,3.6,3.37,4-1,4.0,1.0,5.0,D,
London Blues,Newcastle,2.01,3.87,3.3,1-4,1.0,4.0,5.0,E,
Everton,London Reds,6.15,3.69,1.6,0-2,0.0,2.0,2.0,E,
Spurs,Burnley,1.43,5.48,5.63,1-0,1.0,0.0,1.0,D,
Brentford,West Ham,1.66,4.42,4.31,1-4,1.0,4.0,5.0,E,
A. Villa,Wolverhampton,1.37,5.18,7.21,2-1,2.0,1.0,3.0,D,
Burnley,Sunderland,2.36,3.5,2.85,1-2,1.0,2.0,3.0,E,
Manchester Red,Leeds,1.36,4.74,8.92,3-2,3.0,2.0,5.0,D,
London Reds,Brighton,1.44,5.22,5.8,1-0,1.0,0.0,1.0,D,
N. Forest,Fulham,2.14,3.46,3.28,2-1,2.0,1.0,3.0,D,
West Ham,Spurs,2.44,4.01,2.49,2-1,2.0,1.0,3.0,D,
Bournemouth,Everton,1.99,3.11,4.22,2-2,2.0,2.0,4.0,N,
Newcastle,Liverpool,1.77,4.22,3.89,2-2,2.0,2.0,4.0,N,
Wolverhampton,Brentford,2.68,3.4,2.54,1-0,1.0,0.0,1.0,D,
Manchester Blue,A. Villa,1.28,5.83,9.07,2-0,2.0,0.0,2.0,D,
C. Palace,London Blues,2.18,3.68,3.03,1-1,1.0,1.0,2.0,N,
Burnley,Manchester Red,3.26,3.33,2.21,1-2,1.0,2.0,3.0,E,
Leeds,Newcastle,7.43,5.18,1.37,0-3,0.0,3.0,3.0,E,
Everton,Brighton,2.72,3.5,2.46,1-0,1.0,0.0,1.0,D,
Brentford,Manchester Blue,4.23,4.16,1.71,1-1,1.0,1.0,2.0,N,
Sunderland,West Ham,4.83,4.0,1.66,0-0,0.0,0.0,0.0,N,
Spurs,Wolverhampton,1.5,4.85,5.32,3-1,3.0,1.0,4.0,D,
A. Villa,London Reds,3.34,3.65,2.06,2-3,2.0,3.0,5.0,E,
London Blues,N. Forest,1.43,4.69,6.8,3-0,3.0,0.0,3.0,D,
Fulham,Bournemouth,1.84,4.23,3.55,3-2,3.0,2.0,5.0,D,
Liverpool,C. Palace,1.32,5.15,9.08,3-0,3.0,0.0,3.0,D,
Wolverhampton,Sunderland,1.93,3.81,3.5700000000000003,1-1,1.0,1.0,2.0,N,
C. Palace,Leeds,1.5,4.1,6.77,2-0,2.0,0.0,2.0,D,
Newcastle,Burnley,1.19,7.27,11.86,3-2,3.0,2.0,5.0,D,
London Reds,Brentford,1.45,4.68,6.3,3-1,3.0,1.0,4.0,D,
N. Forest,Liverpool,2.96,3.69,2.22,2-0,2.0,0.0,2.0,D,
Manchester Blue,Spurs,1.33,6.04,7.15,1-1,1.0,1.0,2.0,N,
Fulham,Everton,1.89,3.51,4.06,0-0,0.0,0.0,0.0,N,
Bournemouth,London Blues,2.52,3.42,2.69,1-1,1.0,1.0,2.0,N,
West Ham,Manchester Red,2.38,3.56,2.78,2-0,2.0,0.0,2.0,D,
Brighton,A. Villa,1.82,3.88,3.97,1-2,1.0,2.0,3.0,E,
Liverpool,Bournemouth,1.23,6.61,10.4,2-1,2.0,1.0,3.0,D,
Leeds,N. Forest,3.78,3.82,1.87,1-2,1.0,2.0,3.0,E,
Spurs,London Reds,4.44,4.25,1.67,3-1,3.0,1.0,4.0,D,
Sunderland,Manchester Blue,19.06,7.47,1.14,0-3,0.0,3.0,3.0,E,
West Ham,Newcastle,2.89,3.86,2.19,1-2,1.0,2.0,3.0,E,
Brentford,Brighton,2.07,4.33,2.89,1-2,1.0,2.0,3.0,E,
London Blues,Fulham,1.78,3.78,4.28,2-0,2.0,0.0,2.0,D,
Manchester Red,Wolverhampton,1.52,4.35,5.77,2-0,2.0,0.0,2.0,D,
Burnley,C. Palace,3.27,3.15,2.29,2-2,2.0,2.0,4.0,N,
Everton,A. Villa,2.37,3.12,3.15,2-0,2.0,0.0,2.0,D,
C. Palace,West Ham,1.86,3.8,3.88,2-1,2.0,1.0,3.0,D,
Bournemouth,Leeds,1.56,3.83,6.4,1-2,1.0,2.0,3.0,E,
Manchester Blue,Manchester Red,1.28,5.94,9.29,4-1,4.0,1.0,5.0,D,
Wolverhampton,Newcastle,3.04,3.68,2.18,1-2,1.0,2.0,3.0,E,
London Reds,Sunderland,1.23,6.62,10.24,3-1,3.0,1.0,4.0,D,
A. Villa,Brentford,1.75,3.99,4.2,2-1,2.0,1.0,3.0,D,
N. Forest,Burnley,1.56,4.44,5.19,3-1,3.0,1.0,4.0,D,
Brighton,Spurs,1.95,4.22,3.22,2-2,2.0,2.0,4.0,N,
Fulham,Liverpool,3.04,3.98,2.08,1-1,1.0,1.0,2.0,N,
London Blues,Everton,1.55,3.89,6.36,1-2,1.0,2.0,3.0,E,
Everton,Brentford,2.78,3.11,2.64,2-2,2.0,2.0,4.0,N,
Leeds,Fulham,5.78,4.15,1.55,0-3,0.0,3.0,3.0,E,
Manchester Red,London Reds,3.98,3.47,1.92,1-3,1.0,3.0,4.0,E,
Wolverhampton,C. Palace,2.52,3.26,2.8,1-2,1.0,2.0,3.0,E,
West Ham,N. Forest,1.83,3.95,3.85,1-2,1.0,2.0,3.0,E,
Spurs,A. Villa,1.77,4.19,3.92,3-0,3.0,0.0,3.0,D,
Liverpool,London Blues,1.33,5.39,8.03,3-0,3.0,0.0,3.0,D,
Newcastle,Manchester Blue,2.39,3.52,2.79,1-3,1.0,3.0,4.0,E,
Burnley,Bournemouth,2.7,3.62,2.42,3-0,3.0,0.0,3.0,D,
Sunderland,Brighton,7.97,5.38,1.34,2-1,2.0,1.0,3.0,D,
Brentford,Spurs,2.03,4.39,2.94,2-1,2.0,1.0,3.0,D,
Brighton,Manchester Red,1.79,3.9,4.06,0-2,0.0,2.0,2.0,E,
Manchester Blue,C. Palace,1.29,5.75,9.16,2-1,2.0,1.0,3.0,D,
London Blues,Leeds,1.29,5.21,10.55,5-1,5.0,1.0,6.0,D,
Liverpool,Everton,1.25,5.58,12.28,1-0,1.0,0.0,1.0,D,
London Reds,Newcastle,1.56,4.63,4.91,1-2,1.0,2.0,3.0,E,
Fulham,Burnley,1.57,4.63,4.82,0-2,0.0,2.0,2.0,E,
A. Villa,Sunderland,1.35,5.46,7.29,0-1,0.0,1.0,1.0,E,
N. Forest,Wolverhampton,1.63,4.01,5.03,2-0,2.0,0.0,2.0,D,
Bournemouth,West Ham,1.93,3.5700000000000003,3.84,1-0,1.0,0.0,1.0,D,
Manchester Red,A. Villa,1.77,3.79,4.35,0-0,0.0,0.0,0.0,N,
C. Palace,London Reds,5.25,3.83,1.64,1-1,1.0,1.0,2.0,N,
Leeds,Liverpool,9.41,5.89,1.28,2-1,2.0,1.0,3.0,D,
Wolverhampton,Bournemouth,2.15,3.82,3.01,0-1,0.0,1.0,1.0,E,
Sunderland,Brentford,7.77,4.62,1.4,1-1,1.0,1.0,2.0,N,
Everton,Spurs,2.59,3.56,2.54,1-1,1.0,1.0,2.0,N,
Burnley,London Blues,3.37,3.5,2.09,1-0,1.0,0.0,1.0,D,
West Ham,Fulham,2.48,3.54,2.67,1-1,1.0,1.0,2.0,N,
Newcastle,Brighton,1.48,4.91,5.48,3-1,3.0,1.0,4.0,D,
Manchester Blue,N. Forest,1.19,7.17,12.16,2-0,2.0,0.0,2.0,D,
Leeds,Everton,4.02,3.27,1.98,0-0,0.0,0.0,0.0,N,
London Blues,West Ham,1.5,4.46,5.89,1-1,1.0,1.0,2.0,N,
Brentford,Manchester Red,1.83,4.04,3.74,1-0,1.0,0.0,1.0,D,
Brighton,C. Palace,1.82,3.73,4.14,2-0,2.0,0.0,2.0,D,
London Reds,N. Forest,1.23,6.47,10.59,2-1,2.0,1.0,3.0,D,
Liverpool,Burnley,1.16,8.04,14.18,2-1,2.0,1.0,3.0,D,
Spurs,Sunderland,1.56,4.77,4.76,2-0,2.0,0.0,2.0,D,
Fulham,Wolverhampton,1.6800000000000002,4.21,4.42,3-0,3.0,0.0,3.0,D,
A. Villa,Newcastle,1.88,4.18,3.45,3-1,3.0,1.0,4.0,D,
Bournemouth,Manchester Blue,4.99,3.5700000000000003,1.73,1-1,1.0,1.0,2.0,N,
C. Palace,A. Villa,2.06,3.56,3.4,2-2,2.0,2.0,4.0,N,
Manchester Blue,Fulham,1.31,5.7,8.3,2-3,2.0,3.0,5.0,E,
London Reds,Bournemouth,1.3,6.05,8.05,2-1,2.0,1.0,3.0,D,
Burnley,Leeds,2.01,3.23,3.94,0-1,0.0,1.0,1.0,E,
West Ham,Liverpool,3.4,4.01,1.93,2-1,2.0,1.0,3.0,D,
Manchester Red,Spurs,1.89,4.12,3.46,1-1,1.0,1.0,2.0,N,
Everton,Sunderland,1.9,3.5,4.02,2-0,2.0,0.0,2.0,D,
N. Forest,Brighton,2.23,3.83,2.85,2-1,2.0,1.0,3.0,D,
Newcastle,Brentford,1.52,4.42,5.71,2-0,2.0,0.0,2.0,D,
Wolverhampton,London Blues,2.56,3.55,2.58,2-0,2.0,0.0,2.0,D,
Spurs,Newcastle,2.17,4.2,2.77,0-1,0.0,1.0,1.0,E,
London Blues,Manchester Blue,3.16,3.44,2.21,0-2,0.0,2.0,2.0,E,
Brentford,C. Palace,1.9,3.91,3.6,3-2,3.0,2.0,5.0,D,
Fulham,London Reds,5.32,4.11,1.59,1-1,1.0,1.0,2.0,N,
Sunderland,Manchester Red,6.15,4.1,1.53,1-3,1.0,3.0,4.0,E,
Leeds,West Ham,4.08,3.88,1.8,2-1,2.0,1.0,3.0,D,
Brighton,Bournemouth,1.67,4.39,4.3,4-1,4.0,1.0,5.0,D,
Burnley,Everton,2.8,2.96,2.74,2-1,2.0,1.0,3.0,D,
Liverpool,Wolverhampton,1.18,7.15,13.66,3-1,3.0,1.0,4.0,D,
A. Villa,N. Forest,1.35,5.44,7.42,4-2,4.0,2.0,6.0,D,
Wolverhampton,Leeds,1.6800000000000002,3.66,5.23,3-1,3.0,1.0,4.0,D,
Manchester Blue,Liverpool,1.56,4.8100000000000005,4.74,2-0,2.0,0.0,2.0,D,
Bournemouth,A. Villa,2.21,3.29,3.29,3-1,3.0,1.0,4.0,D,
Brighton,Fulham,1.88,3.86,3.71,4-0,4.0,0.0,4.0,D,
Everton,Manchester Red,2.29,3.13,3.28,0-1,0.0,1.0,1.0,E,
C. Palace,Spurs,2.22,3.97,2.8,0-1,0.0,1.0,1.0,E,
Newcastle,Sunderland,1.24,6.27,10.29,2-0,2.0,0.0,2.0,D,
N. Forest,Brentford,2.24,3.36,3.17,2-1,2.0,1.0,3.0,D,
West Ham,Burnley,1.74,4.25,3.98,4-0,4.0,0.0,4.0,D,
London Reds,London Blues,1.38,5.24,7.0,5-1,5.0,1.0,6.0,D,
Burnley,Wolverhampton,2.37,3.44,2.88,1-1,1.0,1.0,2.0,N,
London Blues,Brighton,1.79,4.14,3.84,3-0,3.0,0.0,3.0,D,
Spurs,N. Forest,1.53,4.77,5.06,2-2,2.0,2.0,4.0,N,
Liverpool,London Reds,2.32,3.41,2.97,2-1,2.0,1.0,3.0,D,
Leeds,Manchester Blue,15.93,6.87,1.17,0-0,0.0,0.0,0.0,N,
Brentford,Bournemouth,1.7000000000000002,4.57,3.95,4-2,4.0,2.0,6.0,D,
West Ham,Everton,2.03,3.39,3.66,2-1,2.0,1.0,3.0,D,
A. Villa,Fulham,1.74,4.05,4.2,1-1,1.0,1.0,2.0,N,
Sunderland,C. Palace,6.28,3.95,1.54,1-2,1.0,2.0,3.0,E,
Manchester Red,Newcastle,2.19,3.67,3.02,1-2,1.0,2.0,3.0,E,
Bournemouth,Spurs,2.56,3.69,2.52,2-3,2.0,3.0,5.0,E,
Wolverhampton,West Ham,2.15,3.5700000000000003,3.19,1-1,1.0,1.0,2.0,N,
Fulham,Brentford,2.37,3.6,2.78,1-1,1.0,1.0,2.0,N,
A. Villa,London Blues,1.66,4.36,4.4,1-0,1.0,0.0,1.0,D,
London Reds,Leeds,1.14,7.95,18.04,6-0,6.0,0.0,6.0,D,
C. Palace,Manchester Red,2.08,3.5,3.42,3-1,3.0,1.0,4.0,D,
Brighton,Liverpool,2.6,3.94,2.37,1-3,1.0,3.0,4.0,E,
Everton,Newcastle,2.95,3.36,2.36,3-2,3.0,2.0,5.0,D,
Manchester Blue,Burnley,1.16,8.27,13.07,3-0,3.0,0.0,3.0,D,
N. Forest,Sunderland,1.66,4.04,4.8,2-1,2.0,1.0,3.0,D,
West Ham,Manchester Blue,5.03,4.12,1.62,0-4,0.0,4.0,4.0,E,
Spurs,Fulham,1.9,4.04,3.48,2-0,2.0,0.0,2.0,D,
Liverpool,A. Villa,1.31,5.37,9.16,1-2,1.0,2.0,3.0,E,
Wolverhampton,Everton,2.15,3.18,3.56,4-0,4.0,0.0,4.0,D,
Burnley,London Reds,10.51,4.97,1.31,0-3,0.0,3.0,3.0,E,
Newcastle,C. Palace,1.43,4.62,6.92,2-0,2.0,0.0,2.0,D,
Brentford,London Blues,1.94,4.17,3.27,0-5,0.0,5.0,5.0,E,
Manchester Red,N. Forest,1.53,4.37,5.62,1-1,1.0,1.0,2.0,N,
Leeds,Brighton,6.11,4.88,1.45,1-0,1.0,0.0,1.0,D,
Sunderland,Bournemouth,5.45,4.36,1.55,2-2,2.0,2.0,4.0,N,
Manchester Blue,Wolverhampton,1.17,7.64,13.7,2-1,2.0,1.0,3.0,D,
N. Forest,Newcastle,2.54,3.63,2.56,1-0,1.0,0.0,1.0,D,
Everton,C. Palace,2.52,3.01,3.03,1-1,1.0,1.0,2.0,N,
Fulham,Sunderland,1.65,4.28,4.57,0-0,0.0,0.0,0.0,N,
Brentford,Liverpool,2.77,4.22,2.17,1-1,1.0,1.0,2.0,N,
Bournemouth,Manchester Red,2.24,3.27,3.25,1-1,1.0,1.0,2.0,N,
London Reds,West Ham,1.26,6.09,9.69,4-0,4.0,0.0,4.0,D,
Brighton,Burnley,1.44,5.01,6.04,2-4,2.0,4.0,6.0,E,
A. Villa,Leeds,1.24,6.0,11.52,0-1,0.0,1.0,1.0,E,
London Blues,Spurs,1.79,4.18,3.83,1-2,1.0,2.0,3.0,E,
Wolverhampton,London Reds,6.37,4.08,1.52,1-2,1.0,2.0,3.0,E,
Leeds,Brentford,6.08,4.25,1.51,1-3,1.0,3.0,4.0,E,
C. Palace,N. Forest,1.7000000000000002,3.99,4.54,0-2,0.0,2.0,2.0,E,
Burnley,A. Villa,3.16,3.33,2.25,1-2,1.0,2.0,3.0,E,
Manchester Blue,Everton,1.23,5.99,12.06,3-0,3.0,0.0,3.0,D,
Spurs,Liverpool,2.56,4.22,2.31,0-3,0.0,3.0,3.0,E,
Newcastle,Bournemouth,1.3,5.86,8.38,3-1,3.0,1.0,4.0,D,
Sunderland,London Blues,6.89,4.57,1.44,1-4,1.0,4.0,5.0,E,
Manchester Red,Fulham,1.96,3.6,3.66,5-1,5.0,1.0,6.0,D,
West Ham,Brighton,2.54,3.97,2.41,1-2,1.0,2.0,3.0,E,
Bournemouth,C. Palace,2.37,3.13,3.13,2-2,2.0,2.0,4.0,N,
Fulham,Newcastle,2.65,3.9,2.34,3-0,3.0,0.0,3.0,D,
A. Villa,West Ham,1.42,4.98,6.35,2-2,2.0,2.0,4.0,N,
London Blues,Manchester Red,1.64,3.99,5.0,1-4,1.0,4.0,5.0,E,
Brentford,Burnley,1.51,5.03,5.03,6-0,6.0,0.0,6.0,D,
Liverpool,Sunderland,1.19,7.03,12.71,2-0,2.0,0.0,2.0,D,
Brighton,Wolverhampton,1.52,4.53,5.49,1-1,1.0,1.0,2.0,N,
Everton,N. Forest,1.94,3.42,3.95,3-2,3.0,2.0,5.0,D,
London Reds,Manchester Blue,2.2,3.7,2.99,2-2,2.0,2.0,4.0,N,
Spurs,Leeds,1.32,5.46,8.44,5-0,5.0,0.0,5.0,D,
N. Forest,Bournemouth,1.86,3.94,3.72,1-1,1.0,1.0,2.0,N,
Manchester Blue,Brighton,1.35,5.82,6.78,4-0,4.0,0.0,4.0,D,
Sunderland,Leeds,3.23,3.26,2.25,2-1,2.0,1.0,3.0,D,
Manchester Red,Liverpool,2.55,3.69,2.53,2-2,2.0,2.0,4.0,N,
C. Palace,Fulham,2.21,3.51,3.1,2-1,2.0,1.0,3.0,D,
Newcastle,London Blues,1.48,4.62,5.96,4-0,4.0,0.0,4.0,D,
London Reds,Everton,1.28,5.4,10.38,3-1,3.0,1.0,4.0,D,
Burnley,Spurs,3.63,3.94,1.89,2-3,2.0,3.0,5.0,E,
West Ham,Brentford,2.64,3.53,2.51,1-2,1.0,2.0,3.0,E,
Wolverhampton,A. Villa,2.42,3.41,2.8200000000000003,2-0,2.0,0.0,2.0,D,
Sunderland,Burnley,3.93,3.96,1.81,1-3,1.0,3.0,4.0,E,
Leeds,Manchester Red,4.99,3.84,1.67,0-2,0.0,2.0,2.0,E,
Brighton,London Reds,4.28,3.77,1.78,1-2,1.0,2.0,3.0,E,
Fulham,N. Forest,1.69,4.22,4.33,2-1,2.0,1.0,3.0,D,
Spurs,West Ham,1.62,4.52,4.54,3-3,3.0,3.0,6.0,N,
Everton,Bournemouth,2.06,3.51,3.45,0-0,0.0,0.0,0.0,N,
Liverpool,Newcastle,1.42,5.02,6.32,1-0,1.0,0.0,1.0,D,
Brentford,Wolverhampton,1.52,4.71,5.25,1-1,1.0,1.0,2.0,N,
A. Villa,Manchester Blue,3.08,3.72,2.14,0-2,0.0,2.0,2.0,E,
London Blues,C. Palace,1.72,3.75,4.69,3-0,3.0,0.0,3.0,D,
Manchester Red,Burnley,1.44,4.85,6.21,2-1,2.0,1.0,3.0,D,
Newcastle,Leeds,1.18,6.78,15.87,0-1,0.0,1.0,1.0,E,
Brighton,Everton,1.65,3.78,5.26,1-3,1.0,3.0,4.0,E,
Manchester Blue,Brentford,1.36,5.26,7.45,1-1,1.0,1.0,2.0,N,
West Ham,Sunderland,1.8,4.01,3.92,2-3,2.0,3.0,5.0,E,
Wolverhampton,Spurs,2.68,3.92,2.32,4-2,4.0,2.0,6.0,D,
London Reds,A. Villa,1.34,5.32,7.99,1-2,1.0,2.0,3.0,E,
N. Forest,London Blues,2.1,3.56,3.3,1-4,1.0,4.0,5.0,E,
Bournemouth,Fulham,2.4,3.34,2.9,1-2,1.0,2.0,3.0,E,
C. Palace,Liverpool,3.02,3.83,2.14,1-3,1.0,3.0,4.0,E,
Sunderland,Wolverhampton,4.39,3.78,1.76,1-1,1.0,1.0,2.0,N,
Leeds,C. Palace,4.99,3.81,1.67,0-3,0.0,3.0,3.0,E,
Burnley,Newcastle,4.3,3.86,1.76,1-1,1.0,1.0,2.0,N,
Brentford,London Reds,4.66,4.15,1.66,1-3,1.0,3.0,4.0,E,
Liverpool,N. Forest,1.2,6.85,12.78,3-0,3.0,0.0,3.0,D,
Spurs,Manchester Blue,3.71,4.12,1.83,1-1,1.0,1.0,2.0,N,
Everton,Fulham,2.6,3.1,2.84,5-0,5.0,0.0,5.0,D,
London Blues,Bournemouth,1.55,4.48,5.2,1-2,1.0,2.0,3.0,E,
Manchester Red,West Ham,1.59,4.19,5.19,5-1,5.0,1.0,6.0,D,
A. Villa,Brighton,1.71,4.52,3.93,5-1,5.0,1.0,6.0,D,
Bournemouth,Liverpool,3.61,3.74,1.94,0-1,0.0,1.0,1.0,E,
N. Forest,Leeds,1.49,4.02,7.2,3-1,3.0,1.0,4.0,D,
London Reds,Spurs,1.44,5.23,5.78,3-0,3.0,0.0,3.0,D,
Manchester Blue,Sunderland,1.18,7.64,12.3,2-1,2.0,1.0,3.0,D,
Newcastle,West Ham,1.28,5.8100000000000005,9.12,2-1,2.0,1.0,3.0,D,
Brighton,Brentford,1.97,3.74,3.51,0-2,0.0,2.0,2.0,E,
Fulham,London Blues,2.24,3.82,2.84,2-0,2.0,0.0,2.0,D,
Wolverhampton,Manchester Red,2.43,3.41,2.8200000000000003,2-1,2.0,1.0,3.0,D,
C. Palace,Burnley,1.56,4.49,5.07,3-1,3.0,1.0,4.0,D,
A. Villa,Everton,1.5,4.18,6.52,1-0,1.0,0.0,1.0,D,
West Ham,C. Palace,2.31,3.47,2.94,1-0,1.0,0.0,1.0,D,
Leeds,Bournemouth,4.37,4.18,1.69,1-1,1.0,1.0,2.0,N,
Manchester Red,Manchester Blue,3.52,3.45,2.06,3-0,3.0,0.0,3.0,D,
Newcastle,Wolverhampton,1.25,6.08,10.29,4-0,4.0,0.0,4.0,D,
Sunderland,London Reds,22.4,7.8,1.13,0-4,0.0,4.0,4.0,E,
Brentford,A. Villa,1.8,4.09,3.84,1-2,1.0,2.0,3.0,E,
Burnley,N. Forest,2.51,3.49,2.66,4-1,4.0,1.0,5.0,D,
Spurs,Brighton,1.96,4.46,3.07,3-1,3.0,1.0,4.0,D,
Liverpool,Fulham,1.36,5.09,7.9,1-3,1.0,3.0,4.0,E,
Everton,London Blues,2.5,3.23,2.85,3-2,3.0,2.0,5.0,D,
Newcastle,West Ham,1.28,5.9,9.41,0-2,0.0,2.0,2.0,E,
Liverpool,Bournemouth,1.24,6.51,10.06,5-1,5.0,1.0,6.0,D,
Leeds,Everton,4.18,3.27,1.94,0-1,0.0,1.0,1.0,E,
Wolverhampton,London Blues,2.63,3.56,2.51,3-1,3.0,1.0,4.0,D,
Burnley,London Reds,10.18,4.88,1.32,0-1,0.0,1.0,1.0,E,
Brentford,C. Palace,1.89,3.95,3.59,1-3,1.0,3.0,4.0,E,
Spurs,N. Forest,1.52,4.87,5.07,1-3,1.0,3.0,4.0,E,
Fulham,Manchester Blue,4.53,4.07,1.69,4-1,4.0,1.0,5.0,D,
A. Villa,Sunderland,1.35,5.41,7.36,3-0,3.0,0.0,3.0,D,
Brighton,Manchester Red,1.81,3.87,4.01,,,,,,
London Blues,Leeds,1.29,5.28,10.71,1-0,1.0,0.0,1.0,D,
N. Forest,Brentford,2.28,3.37,3.09,2-2,2.0,2.0,4.0,N,
Manchester Blue,A. Villa,1.28,5.87,9.09,3-1,3.0,1.0,4.0,D,
C. Palace,Brighton,2.3,3.84,2.74,2-1,2.0,1.0,3.0,D,
Sunderland,Everton,4.95,3.39,1.78,0-2,0.0,2.0,2.0,E,
Bournemouth,Fulham,2.45,3.29,2.87,1-0,1.0,0.0,1.0,D,
Spurs,Newcastle,2.2,4.21,2.72,1-1,1.0,1.0,2.0,N,
London Reds,Liverpool,1.71,4.44,4.02,1-2,1.0,2.0,3.0,E,
Manchester Red,Wolverhampton,1.52,4.36,5.8100000000000005,1-1,1.0,1.0,2.0,N,
West Ham,Burnley,1.73,4.28,4.05,2-1,2.0,1.0,3.0,D,
Fulham,London Reds,5.31,4.13,1.59,0-0,0.0,0.0,0.0,N,
Burnley,Spurs,3.63,3.94,1.88,4-0,4.0,0.0,4.0,D,
Everton,London Blues,2.54,3.24,2.8,1-0,1.0,0.0,1.0,D,
Leeds,Manchester Red,4.99,3.92,1.65,2-2,2.0,2.0,4.0,N,
A. Villa,Bournemouth,1.45,5.11,5.71,1-1,1.0,1.0,2.0,N,
Wolverhampton,C. Palace,2.49,3.29,2.83,0-3,0.0,3.0,3.0,E,
Manchester Blue,Sunderland,1.17,7.81,13.41,5-0,5.0,0.0,5.0,D,
Liverpool,West Ham,1.2,6.75,12.34,3-2,3.0,2.0,5.0,D,
Brighton,N. Forest,1.51,4.57,5.58,2-2,2.0,2.0,4.0,N,
Brentford,Newcastle,2.26,4.19,2.64,1-4,1.0,4.0,5.0,E,
C. Palace,Leeds,1.47,4.25,6.88,2-3,2.0,3.0,5.0,E,
West Ham,Fulham,2.45,3.58,2.69,1-2,1.0,2.0,3.0,E,
Newcastle,Brighton,1.46,4.94,5.72,4-2,4.0,2.0,6.0,D,
Manchester Red,Everton,1.66,3.61,5.48,1-1,1.0,1.0,2.0,N,
Brentford,Burnley,1.47,5.22,5.27,3-1,3.0,1.0,4.0,D,
N. Forest,Wolverhampton,1.66,3.9,4.96,1-0,1.0,0.0,1.0,D,
Spurs,Liverpool,2.67,4.25,2.22,3-2,3.0,2.0,5.0,D,
Sunderland,London Blues,6.98,4.64,1.43,0-4,0.0,4.0,4.0,E,
Bournemouth,Manchester Blue,5.1,3.62,1.7000000000000002,1-2,1.0,2.0,3.0,E,
London Reds,A. Villa,1.35,5.27,7.83,0-1,0.0,1.0,1.0,E,
A. Villa,West Ham,1.4,5.05,6.66,2-3,2.0,3.0,5.0,E,
Fulham,Spurs,2.32,4.06,2.61,1-2,1.0,2.0,3.0,E,
Manchester Blue,London Reds,2.38,3.62,2.75,2-1,2.0,1.0,3.0,D,
Leeds,N. Forest,3.63,3.72,1.94,0-0,0.0,0.0,0.0,N,
Bournemouth,Sunderland,1.83,3.71,4.11,1-0,1.0,0.0,1.0,D,
Wolverhampton,Newcastle,3.1,3.76,2.12,0-2,0.0,2.0,2.0,E,
Liverpool,Brentford,1.38,4.92,7.66,0-3,0.0,3.0,3.0,E,
Brighton,Burnley,1.46,5.0,5.73,0-0,0.0,0.0,0.0,N,
Everton,C. Palace,2.48,3.0,3.09,2-0,2.0,0.0,2.0,D,
London Blues,Manchester Red,1.65,3.99,4.88,0-3,0.0,3.0,3.0,E,
Burnley,Wolverhampton,2.47,3.4,2.77,1-1,1.0,1.0,2.0,N,
N. Forest,Everton,1.82,3.39,4.62,1-0,1.0,0.0,1.0,D,
Newcastle,Leeds,1.18,6.77,15.48,4-0,4.0,0.0,4.0,D,
Brighton,Liverpool,2.59,3.97,2.37,3-1,3.0,1.0,4.0,D,
Brentford,Fulham,1.98,3.97,3.29,1-3,1.0,3.0,4.0,E,
West Ham,Manchester Blue,5.22,4.18,1.59,1-1,1.0,1.0,2.0,N,
C. Palace,London Blues,2.12,3.63,3.2,1-1,1.0,1.0,2.0,N,
Spurs,A. Villa,1.72,4.26,4.08,2-0,2.0,0.0,2.0,D,
London Reds,Bournemouth,1.29,6.1,8.27,1-0,1.0,0.0,1.0,D,
Sunderland,Manchester Red,5.82,3.97,1.57,2-2,2.0,2.0,4.0,N,
Leeds,Burnley,3.24,3.96,2.0,3-2,3.0,2.0,5.0,D,
Manchester Blue,Spurs,1.36,5.88,6.57,2-3,2.0,3.0,5.0,E,
Fulham,Brighton,2.16,4.11,2.83,3-3,3.0,3.0,6.0,N,
Wolverhampton,Liverpool,3.64,3.89,1.89,0-1,0.0,1.0,1.0,E,
Manchester Red,C. Palace,1.83,3.58,4.29,1-0,1.0,0.0,1.0,D,
Everton,Newcastle,3.04,3.44,2.27,2-2,2.0,2.0,4.0,N,
Bournemouth,West Ham,1.96,3.59,3.7,0-0,0.0,0.0,0.0,N,
London Reds,Sunderland,1.23,6.66,10.64,2-1,2.0,1.0,3.0,D,
London Blues,N. Forest,1.45,4.63,6.5,2-1,2.0,1.0,3.0,D,
A. Villa,Brentford,1.72,4.06,4.29,1-2,1.0,2.0,3.0,E,
Burnley,Everton,2.8200000000000003,2.95,2.73,1-0,1.0,0.0,1.0,D,
Liverpool,Leeds,1.11,8.48,22.25,6-0,6.0,0.0,6.0,D,
Spurs,Bournemouth,1.63,4.79,4.19,2-0,2.0,0.0,2.0,D,
West Ham,London Reds,5.85,4.14,1.54,0-2,0.0,2.0,2.0,E,
Newcastle,London Blues,1.43,4.86,6.42,2-1,2.0,1.0,3.0,D,
Brighton,A. Villa,1.84,3.86,3.9,0-2,0.0,2.0,2.0,E,
N. Forest,Manchester Red,2.05,3.43,3.56,1-1,1.0,1.0,2.0,N,
Sunderland,C. Palace,6.01,3.94,1.56,1-5,1.0,5.0,6.0,E,
Wolverhampton,Fulham,2.6,3.41,2.62,2-1,2.0,1.0,3.0,D,
Brentford,Manchester Blue,3.82,4.06,1.81,0-1,0.0,1.0,1.0,E,
A. Villa,Wolverhampton,1.36,5.3,7.33,0-0,0.0,0.0,0.0,N,
C. Palace,N. Forest,1.73,3.95,4.37,3-0,3.0,0.0,3.0,D,
Manchester Red,Newcastle,2.2,3.72,2.96,3-0,3.0,0.0,3.0,D,
Everton,Liverpool,3.88,3.62,1.9,2-4,2.0,4.0,6.0,E,
London Blues,Burnley,1.34,5.42,7.72,3-1,3.0,1.0,4.0,D,
Manchester Blue,Brighton,1.33,5.92,7.06,3-0,3.0,0.0,3.0,D,
West Ham,Sunderland,1.81,4.0,3.88,3-2,3.0,2.0,5.0,D,
Bournemouth,Brentford,2.61,3.27,2.7,3-1,3.0,1.0,4.0,D,
London Reds,Spurs,1.43,5.25,5.88,4-0,4.0,0.0,4.0,D,
Leeds,Fulham,5.71,4.2,1.55,0-3,0.0,3.0,3.0,E,
Burnley,Manchester Red,3.24,3.33,2.22,2-2,2.0,2.0,4.0,N,
Sunderland,N. Forest,4.48,3.84,1.73,1-2,1.0,2.0,3.0,E,
Fulham,Everton,1.89,3.51,4.07,0-2,0.0,2.0,2.0,E,
Liverpool,London Blues,1.33,5.37,8.13,2-0,2.0,0.0,2.0,D,
Brentford,London Reds,4.75,4.27,1.63,1-2,1.0,2.0,3.0,E,
Spurs,West Ham,1.61,4.55,4.53,1-1,1.0,1.0,2.0,N,
Wolverhampton,Manchester Blue,5.53,3.99,1.59,3-1,3.0,1.0,4.0,D,
Brighton,Bournemouth,1.6,4.54,4.64,1-1,1.0,1.0,2.0,N,
Leeds,A. Villa,5.06,4.01,1.63,1-5,1.0,5.0,6.0,E,
Newcastle,C. Palace,1.43,4.55,7.06,2-0,2.0,0.0,2.0,D,
Everton,A. Villa,2.37,3.15,3.13,0-2,0.0,2.0,2.0,E,
London Blues,Fulham,1.79,3.8,4.2,1-2,1.0,2.0,3.0,E,
N. Forest,Newcastle,2.45,3.59,2.69,2-0,2.0,0.0,2.0,D,
West Ham,Brentford,2.5700000000000003,3.5700000000000003,2.56,3-2,3.0,2.0,5.0,D,
Bournemouth,Wolverhampton,1.85,3.6,4.11,0-1,0.0,1.0,1.0,E,
Manchester Blue,Leeds,1.11,8.76,20.97,6-0,6.0,0.0,6.0,D,
Manchester Red,Liverpool,2.55,3.72,2.51,0-2,0.0,2.0,2.0,E,
C. Palace,Burnley,1.6,4.38,4.8100000000000005,5-1,5.0,1.0,6.0,D,
Spurs,Sunderland,1.51,4.88,5.17,4-1,4.0,1.0,5.0,D,
London Reds,Brighton,1.46,5.17,5.5600000000000005,0-3,0.0,3.0,3.0,E,
Spurs,Burnley,1.41,5.52,5.84,2-3,,,,E,5.0
A. Villa,Sunderland,1.38,5.27,6.93,0-2,,,,E,2.0
West Ham,London Blues,2.54,3.69,2.54,2-0,,,,D,2.0
Manchester Red,London Reds,4.21,3.55,1.85,1-2,,,,E,3.0
Everton,Wolverhampton,1.91,3.42,4.08,0-1,,,,E,1.0
Brentford,Leeds,1.37,5.12,7.57,4-1,,,,D,5.0
Manchester Blue,Liverpool,1.58,4.81,4.58,1-3,,,,E,4.0
Bournemouth,Newcastle,2.88,3.54,2.32,1-2,,,,E,3.0
Fulham,C. Palace,2.1,3.63,3.23,1-0,,,,D,1.0
N. Forest,Brighton,2.26,3.81,2.82,1-3,,,,E,4.0
Wolverhampton,Spurs,2.76,3.86,2.28,0-1,,,,E,1.0
Leeds,Manchester Blue,14.52,6.46,1.2,1-4,,,,E,5.0
C. Palace,A. Villa,2.04,3.55,3.46,1-3,,,,E,4.0
Sunderland,Everton,5.06,3.35,1.77,0-4,,,,E,4.0
Burnley,Manchester Red,3.12,3.29,2.3,0-2,,,,E,2.0
Brighton,Bournemouth,1.64,4.42,4.43,1-0,,,,D,1.0
Fulham,N. Forest,1.69,4.21,4.33,2-0,,,,D,2.0
Liverpool,Everton,1.25,5.56,12.45,6-0,,,,D,6.0
Manchester Red,Manchester Blue,3.71,3.56,1.96,1-4,,,,E,5.0
Sunderland,C. Palace,5.97,3.9,1.57,1-0,,,,D,1.0
Burnley,Bournemouth,2.86,3.69,2.28,2-1,,,,D,3.0
London Blues,Leeds,1.28,5.28,11.08,1-1,,,,N,2.0
Brentford,Brighton,2.03,4.37,2.95,3-3,,,,N,6.0
Spurs,Sunderland,1.54,4.82,4.92,3-2,,,,D,5.0
Manchester Blue,Newcastle,1.43,5.17,5.96,1-1,,,,N,2.0
Bournemouth,Fulham,2.5,3.31,2.79,0-3,,,,E,3.0
London Reds,Burnley,1.18,7.53,12.02,4-2,,,,D,6.0
Everton,C. Palace,2.47,3.05,3.06,1-2,,,,E,3.0
Manchester Red,Wolverhampton,1.51,4.31,6.0,2-1,,,,D,3.0
C. Palace,Spurs,2.27,3.89,2.76,0-3,,,,E,3.0
Sunderland,Manchester Red,5.9,4.07,1.55,0-3,,,,E,3.0
N. Forest,Everton,1.83,3.38,4.61,4-0,,,,D,4.0
Wolverhampton,London Reds,6.94,4.28,1.47,2-1,,,,D,3.0
Newcastle,London Blues,1.43,4.88,6.43,2-0,,,,D,2.0
A. Villa,Bournemouth,1.43,5.22,5.85,4-0,,,,D,4.0
Fulham,Brentford,2.36,3.65,2.76,3-1,,,,D,4.0
Brighton,Manchester Blue,3.62,3.74,1.94,3-3,,,,N,6.0
Leeds,Liverpool,9.6,5.95,1.27,0-4,,,,E,4.0
Manchester Red,C. Palace,1.87,3.49,4.17,2-0,,,,D,2.0
Spurs,N. Forest,1.52,4.79,5.19,5-1,,,,D,6.0
London Blues,Brighton,1.81,4.15,3.77,3-2,,,,D,5.0
Brentford,A. Villa,1.88,4.06,3.55,4-1,,,,D,5.0
Burnley,Wolverhampton,2.49,3.4,2.75,1-1,,,,N,2.0
Fulham,London Blues,2.2,3.8,2.93,0-1,,,,E,1.0
C. Palace,London Reds,5.37,3.88,1.62,0-0,,,,N,0.0
Sunderland,Burnley,4.08,4.0,1.77,0-2,,,,E,2.0
A. Villa,Manchester Blue,2.84,3.65,2.3,1-1,,,,N,2.0
Everton,Brentford,2.64,3.07,2.81,0-3,,,,E,3.0
Newcastle,Leeds,1.17,6.87,16.23,4-0,,,,D,4.0
N. Forest,Manchester Red,2.06,3.43,3.54,2-1,,,,D,3.0
Leeds,Brighton,6.01,4.91,1.45,0-4,,,,E,4.0
Spurs,Brentford,1.98,3.97,3.29,3-2,,,,D,5.0
Manchester Blue,Everton,1.24,5.91,11.65,0-0,,,,N,0.0
London Blues,A. Villa,1.69,3.88,4.74,4-0,,,,D,4.0
Burnley,C. Palace,3.42,3.2,2.2,0-1,,,,E,1.0
Wolverhampton,Sunderland,1.91,3.8,3.68,2-0,,,,D,2.0
Manchester Red,Bournemouth,1.61,4.31,4.79,2-2,,,,N,4.0
Liverpool,Fulham,1.34,5.17,8.36,3-1,,,,D,4.0
London Reds,N. Forest,1.23,6.49,10.59,0-0,,,,N,0.0
Everton,Bournemouth,2.1,3.51,3.35,1-1,,,,N,2.0
London Blues,London Reds,3.64,3.48,2.01,3-1,,,,D,4.0
N. Forest,Brentford,2.3,3.38,3.04,1-1,,,,N,2.0
C. Palace,Sunderland,1.64,4.15,4.76,0-3,,,,E,3.0
Wolverhampton,Manchester Blue,5.82,4.05,1.56,2-3,,,,E,5.0
Fulham,Newcastle,2.57,3.88,2.42,2-1,,,,D,3.0
Burnley,London Blues,3.49,3.52,2.04,0-3,,,,E,3.0
Leeds,Everton,4.29,3.3,1.91,1-2,,,,E,3.0
Liverpool,Manchester Red,1.3,5.4,9.26,3-0,,,,D,3.0
London Reds,Brighton,1.44,5.23,5.69,2-1,,,,D,3.0
Bournemouth,A. Villa,2.33,3.29,3.06,3-0,,,,D,3.0
Manchester Red,Everton,1.68,3.61,5.34,1-2,,,,E,3.0
Brentford,Wolverhampton,1.55,4.62,5.08,3-0,,,,D,3.0
Bournemouth,Sunderland,1.83,3.69,4.12,0-0,,,,N,0.0
Liverpool,Brentford,1.39,4.92,7.31,2-2,,,,N,4.0
N. Forest,London Reds,4.95,3.71,1.7,0-5,,,,E,5.0
Everton,Manchester Blue,5.13,3.54,1.72,1-2,,,,E,3.0
Manchester Red,A. Villa,1.81,3.74,4.18,1-1,,,,N,2.0
Spurs,Newcastle,2.21,4.26,2.69,3-0,,,,D,3.0
Wolverhampton,London Blues,2.55,3.56,2.58,4-0,,,,D,4.0
Burnley,N. Forest,2.52,3.47,2.67,1-1,,,,N,2.0
London Reds,Wolverhampton,1.22,6.68,11.05,5-1,,,,D,6.0
West Ham,Manchester Red,2.26,3.51,3.0,2-2,,,,N,4.0
Fulham,Spurs,2.26,4.08,2.68,1-2,,,,E,3.0
Newcastle,Bournemouth,1.31,5.92,7.98,2-0,,,,D,2.0
London Blues,Liverpool,2.25,3.8,2.83,2-2,,,,N,4.0
Brighton,C. Palace,1.85,3.71,4.0,0-1,,,,E,1.0
Manchester Blue,A. Villa,1.31,5.65,8.5,4-1,,,,D,5.0
N. Forest,Brighton,2.27,3.77,2.83,4-0,,,,D,4.0
Manchester Red,Sunderland,1.52,4.4,5.66,1-0,,,,D,1.0
Spurs,C. Palace,1.76,4.1,4.05,3-1,,,,D,4.0
Fulham,Leeds,1.44,4.48,6.96,2-2,,,,N,4.0
N. Forest,Wolverhampton,1.67,3.91,4.83,1-0,,,,D,1.0
Sunderland,Manchester Blue,19.57,7.54,1.14,1-3,,,,E,4.0
Brighton,Spurs,2.02,4.17,3.07,1-3,,,,E,4.0
Leeds,C. Palace,5.2,3.78,1.66,0-5,,,,E,5.0
Everton,Burnley,1.75,3.83,4.38,2-1,,,,D,3.0
Manchester Red,Fulham,1.9,3.63,3.88,1-3,,,,E,4.0
Manchester Blue,Newcastle,1.46,5.09,5.67,2-0,,,,D,2.0
Brentford,Sunderland,1.58,4.65,4.68,5-0,,,,D,5.0
West Ham,London Blues,2.47,3.66,2.62,0-3,,,,E,3.0
Newcastle,Brentford,1.54,4.27,5.72,1-0,,,,D,1.0
C. Palace,Manchester Red,2.11,3.48,3.36,2-0,,,,D,2.0
Wolverhampton,Liverpool,3.9,4.06,1.79,1-0,,,,D,1.0
Brighton,Bournemouth,1.67,4.41,4.28,3-1,,,,D,4.0
N. Forest,Everton,1.9,3.22,4.5,1-1,,,,N,2.0
Burnley,A. Villa,3.18,3.36,2.23,0-2,,,,E,2.0
London Blues,Sunderland,1.44,4.76,6.47,3-0,,,,D,3.0
Fulham,Manchester Blue,4.57,3.95,1.7,0-5,,,,E,5.0
Spurs,Leeds,1.32,5.47,8.3,2-0,,,,D,2.0
Liverpool,Brighton,1.34,5.72,7.34,4-0,,,,D,4.0
A. Villa,N. Forest,1.36,5.39,7.11,2-1,,,,D,3.0
Manchester Blue,C. Palace,1.3,5.59,8.9,3-3,,,,N,6.0
Manchester Red,Spurs,1.98,4.0,3.29,1-1,,,,N,2.0
Brentford,Fulham,2.07,3.92,3.11,1-1,,,,N,2.0
Leeds,Bournemouth,4.4,4.22,1.68,2-3,,,,E,5.0
West Ham,Burnley,1.7,4.36,4.11,0-0,,,,N,0.0
Sunderland,London Reds,21.64,7.73,1.13,0-5,,,,E,5.0
Spurs,Manchester Blue,3.73,4.09,1.83,1-3,,,,E,4.0
N. Forest,West Ham,1.8,3.78,4.18,2-0,,,,D,2.0
Bournemouth,Manchester Red,2.23,3.31,3.23,3-0,,,,D,3.0
Burnley,Sunderland,2.43,3.52,2.75,0-2,,,,E,2.0
Wolverhampton,A. Villa,2.38,3.42,2.88,0-1,,,,E,1.0
Fulham,London Blues,2.11,3.84,3.08,3-1,,,,D,4.0
Liverpool,Everton,1.26,5.47,11.63,3-1,,,,D,4.0
Brighton,Leeds,1.32,5.14,9.18,3-0,,,,D,3.0
C. Palace,Brentford,2.33,3.47,2.92,3-1,,,,D,4.0
London Reds,Newcastle,1.49,4.85,5.42,3-0,,,,D,3.0
N. Forest,Everton,1.88,3.27,4.49,0-1,,,,E,1.0
Leeds,Liverpool,9.29,5.89,1.28,0-0,,,,N,0.0
London Reds,A. Villa,1.39,5.04,7.12,1-3,,,,E,4.0
London Blues,West Ham,1.48,4.5,6.22,3-2,,,,D,5.0
Brentford,Manchester Blue,3.81,4.02,1.82,1-0,,,,D,1.0
Manchester Red,Wolverhampton,1.51,4.35,5.98,4-1,,,,D,5.0
Sunderland,C. Palace,6.25,3.98,1.54,0-2,,,,E,2.0
Bournemouth,Burnley,1.73,4.02,4.27,5-1,,,,D,6.0
Brighton,Spurs,1.96,4.22,3.19,0-3,,,,E,3.0
Burnley,A. Villa,3.24,3.25,2.25,0-0,,,,N,0.0
Newcastle,Leeds,1.15,7.37,17.6,2-0,,,,D,2.0
Everton,Brentford,2.68,3.12,2.72,0-0,,,,N,0.0
Manchester Blue,Sunderland,1.18,7.63,12.64,1-1,,,,N,2.0
Manchester Red,Fulham,1.87,3.66,3.98,4-1,,,,D,5.0
Spurs,Bournemouth,1.64,4.74,4.16,3-0,,,,D,3.0
Liverpool,Brighton,1.37,5.48,6.85,1-0,,,,D,1.0
London Reds,Burnley,1.2,7.46,11.2,5-0,,,,D,5.0
London Blues,Fulham,1.73,3.83,4.53,0-1,,,,E,1.0
Everton,C. Palace,2.48,3.03,3.07,0-0,,,,N,0.0
Newcastle,Bournemouth,1.31,5.82,7.91,0-2,,,,E,2.0
Fulham,N. Forest,1.74,4.13,4.13,1-1,,,,N,2.0
Manchester Red,Brighton,1.95,3.95,3.41,2-1,,,,D,3.0
London Blues,Leeds,1.31,5.05,10.4,0-0,,,,N,0.0
Liverpool,A. Villa,1.32,5.24,9.02,2-1,,,,D,3.0
Wolverhampton,Brentford,2.63,3.41,2.58,1-2,,,,E,3.0
Spurs,Burnley,1.43,5.37,5.77,2-2,,,,N,4.0
Manchester Blue,London Reds,2.3,3.66,2.83,1-1,,,,N,2.0
Brighton,London Blues,1.95,3.89,3.44,3-1,,,,D,4.0
Burnley,Liverpool,5.31,4.3,1.56,1-3,,,,E,4.0
Bournemouth,Manchester Red,2.31,3.28,3.1,1-1,,,,N,2.0
Sunderland,Wolverhampton,4.39,3.81,1.75,2-1,,,,D,3.0
N. Forest,Leeds,1.47,4.16,7.24,3-1,,,,D,4.0
Manchester Blue,Everton,1.24,5.98,11.98,1-0,,,,D,1.0
London Reds,Spurs,1.44,5.29,5.66,0-0,,,,N,0.0
Newcastle,Burnley,1.21,6.98,11.5,4-2,,,,D,6.0
Wolverhampton,C. Palace,2.53,3.27,2.78,1-2,,,,E,3.0
Fulham,Sunderland,1.7,4.24,4.23,2-1,,,,D,3.0
Bournemouth,N. Forest,1.83,3.7,4.09,3-1,,,,D,4.0
Spurs,Newcastle,2.09,4.22,2.89,2-1,,,,D,3.0
Sunderland,Leeds,3.12,3.14,2.38,0-2,,,,E,2.0
C. Palace,Fulham,2.3,3.49,2.95,2-0,,,,D,2.0
Manchester Blue,Wolverhampton,1.18,7.51,13.04,4-0,,,,D,4.0
London Reds,Liverpool,1.7,4.43,4.08,0-1,,,,E,1.0
Everton,West Ham,2.04,3.39,3.64,1-1,,,,N,2.0
Burnley,Manchester Red,3.23,3.34,2.21,1-1,,,,N,2.0
Brentford,Brighton,2.1,4.31,2.85,1-2,,,,E,3.0
Newcastle,Liverpool,1.83,4.09,3.73,1-0,,,,D,1.0
Spurs,London Blues,1.92,4.22,3.31,2-2,,,,N,4.0
Manchester Blue,Leeds,1.12,8.54,19.81,5-0,,,,D,5.0
Burnley,N. Forest,2.43,3.42,2.81,3-1,,,,D,4.0
Sunderland,Bournemouth,5.83,4.56,1.49,1-4,,,,E,5.0
Everton,Fulham,2.65,3.12,2.76,1-2,,,,E,3.0
Leeds,Everton,4.17,3.24,1.95,1-1,,,,N,2.0
Manchester Red,Newcastle,2.2,3.76,2.93,1-3,,,,E,4.0
Wolverhampton,London Reds,6.39,4.17,1.51,0-4,,,,E,4.0
Brighton,Manchester Blue,3.74,3.7,1.92,0-3,,,,E,3.0
Bournemouth,C. Palace,2.3,3.17,3.23,1-0,,,,D,1.0
Sunderland,A. Villa,6.07,4.1,1.53,1-1,,,,N,2.0
C. Palace,A. Villa,2.02,3.57,3.5,2-2,,,,N,4.0
Everton,Brighton,2.53,3.53,2.62,3-0,,,,D,3.0
Wolverhampton,Fulham,2.67,3.38,2.57,2-1,,,,D,3.0
Spurs,Brentford,2.07,3.96,3.08,2-2,,,,N,4.0
Liverpool,N. Forest,1.17,7.31,14.07,4-1,,,,D,5.0
London Reds,Manchester Red,1.34,5.3,7.83,5-0,,,,D,5.0
West Ham,Leeds,1.59,3.95,5.64,0-0,,,,N,0.0
Manchester Blue,Bournemouth,1.23,6.92,10.05,3-1,,,,D,4.0
Burnley,Sunderland,2.54,3.49,2.63,2-0,,,,D,2.0
Everton,C. Palace,1.57,4.5,4.95,3-1,,,,D,4.0
London Blues,Brighton,1.81,4.17,3.74,2-1,,,,D,3.0
Brentford,Manchester Red,1.82,4.08,3.75,3-0,,,,D,3.0
Everton,C. Palace,2.43,3.02,3.15,2-0,,,,D,2.0
N. Forest,London Reds,5.12,3.67,1.69,0-0,,,,N,0.0
Wolverhampton,London Blues,2.54,3.53,2.61,1-2,,,,E,3.0
West Ham,Brentford,2.55,3.59,2.57,3-1,,,,D,4.0
Brighton,Manchester Blue,3.74,3.74,1.9,1-2,,,,E,3.0
N. Forest,Liverpool,2.91,3.7,2.24,3-2,,,,D,5.0
Newcastle,Bournemouth,1.31,5.83,8.02,2-2,,,,N,4.0
London Reds,A. Villa,1.36,5.18,7.7,2-2,,,,N,4.0
Spurs,Burnley,1.42,5.47,5.79,0-2,,,,E,2.0
Fulham,Everton,1.84,3.55,4.27,1-0,,,,D,1.0
C. Palace,Leeds,1.5,4.11,6.67,3-0,,,,D,3.0
Bournemouth,Spurs,2.54,3.7,2.52,1-1,,,,N,2.0
Leeds,Manchester Red,5.11,3.97,1.63,0-0,,,,N,0.0
Brentford,Newcastle,2.3,4.08,2.63,1-5,,,,E,6.0
Sunderland,West Ham,5.01,3.99,1.64,3-2,,,,D,5.0
Manchester Blue,Wolverhampton,1.17,7.63,13.18,3-1,,,,D,4.0
Everton,Brighton,2.61,3.49,2.56,2-0,,,,D,2.0
N. Forest,Bournemouth,1.83,3.89,3.88,0-1,,,,E,1.0
London Reds,Manchester Blue,2.15,3.68,3.09,1-2,,,,E,3.0
Leeds,West Ham,4.07,3.79,1.82,1-1,,,,N,2.0
Burnley,Manchester Blue,8.17,4.48,1.4,1-2,,,,E,3.0
London Blues,Bournemouth,1.54,4.54,5.23,0-1,,,,E,1.0
Fulham,London Reds,1.4,4.82,7.23,0-0,,,,N,0.0
Everton,Manchester Blue,5.13,3.5,1.73,0-3,,,,E,3.0
Spurs,Brentford,2.02,3.99,3.19,3-3,,,,N,6.0
Burnley,London Reds,10.17,4.89,1.32,0-1,,,,E,1.0
C. Palace,N. Forest,1.7,3.98,4.49,3-1,,,,D,4.0
Liverpool,Spurs,1.35,5.61,7.13,1-1,,,,N,2.0
London Reds,Everton,1.29,5.42,10.28,2-0,,,,D,2.0
Newcastle,Wolverhampton,1.27,5.91,9.65,1-1,,,,N,2.0
Brentford,Leeds,1.36,5.07,7.91,1-1,,,,N,2.0
Manchester Blue,Brighton,1.35,5.81,6.86,3-0,,,,D,3.0
Manchester Red,Burnley,1.41,4.95,6.63,1-0,,,,D,1.0
Bournemouth,Sunderland,1.86,3.68,3.99,2-2,,,,N,4.0
Fulham,London Blues,2.14,3.83,3.01,1-2,,,,E,3.0
Sunderland,Manchester Blue,17.48,7.05,1.16,0-1,,,,E,1.0
C. Palace,Wolverhampton,1.7,3.92,4.59,5-1,,,,D,6.0
Liverpool,London Blues,1.33,5.37,8.11,5-0,,,,D,5.0
Brighton,Spurs,1.95,4.18,3.23,1-2,,,,E,3.0
Newcastle,Brentford,1.55,4.26,5.6,3-1,,,,D,4.0
Leeds,Everton,3.96,3.26,2.0,2-1,,,,D,3.0
N. Forest,Liverpool,3.03,3.67,2.19,2-3,,,,E,5.0
London Blues,Burnley,1.38,5.24,6.93,5-0,,,,D,5.0
Sunderland,Manchester Red,6.03,4.17,1.53,2-2,,,,N,4.0
A. Villa,London Reds,3.43,3.65,2.02,0-2,,,,E,2.0
West Ham,Manchester Blue,5.18,4.16,1.6,0-1,,,,E,1.0
Wolverhampton,Bournemouth,2.11,3.86,3.06,3-1,,,,D,4.0
Spurs,Sunderland,1.52,4.91,5.07,2-1,,,,D,3.0
Liverpool,Newcastle,1.42,4.98,6.38,1-4,,,,E,5.0
Everton,London Blues,2.46,3.23,2.9,2-1,,,,D,3.0
Manchester Blue,Bournemouth,1.21,7.22,10.51,0-3,,,,E,3.0
Fulham,Wolverhampton,1.63,4.29,4.67,0-0,,,,N,0.0
Burnley,N. Forest,2.49,3.41,2.74,2-1,,,,D,3.0
London Reds,Manchester Blue,2.25,3.71,2.89,2-1,,,,D,3.0
Burnley,C. Palace,3.47,3.22,2.17,3-0,,,,D,3.0
Brighton,N. Forest,1.5,4.6,5.7,2-1,,,,D,3.0
Leeds,A. Villa,5.07,3.95,1.64,1-0,,,,D,1.0
Spurs,West Ham,1.59,4.66,4.61,3-0,,,,D,3.0
Manchester Red,Bournemouth,1.61,4.32,4.81,1-1,,,,N,2.0
London Blues,Sunderland,1.45,4.69,6.31,3-2,,,,D,5.0
Manchester Blue,Manchester Red,1.25,6.16,10.03,4-1,,,,D,5.0
A. Villa,London Blues,1.67,4.23,4.43,3-0,,,,D,3.0
Wolverhampton,London Reds,6.81,4.27,1.47,1-1,,,,N,2.0
N. Forest,A. Villa,2.02,3.48,3.61,4-2,,,,D,6.0
Manchester Red,London Reds,4.4,3.61,1.8,2-1,,,,D,3.0
Brighton,C. Palace,1.84,3.77,3.97,2-1,,,,D,3.0
London Blues,West Ham,1.47,4.57,6.19,3-1,,,,D,4.0
Spurs,Manchester Blue,3.67,4.08,1.84,4-1,,,,D,5.0
Bournemouth,London Blues,2.39,3.4,2.88,0-0,,,,N,0.0
Wolverhampton,Manchester Red,2.38,3.39,2.89,1-1,,,,N,2.0
Manchester Blue,Leeds,1.12,8.58,20.27,4-1,,,,D,5.0
West Ham,N. Forest,1.81,3.98,3.9,2-2,,,,N,4.0
Newcastle,A. Villa,1.42,4.73,6.88,1-2,,,,E,3.0
London Reds,London Blues,1.42,5.04,6.41,1-0,,,,D,1.0
C. Palace,Wolverhampton,1.65,4.09,4.81,0-0,,,,N,0.0
Burnley,Liverpool,5.37,4.28,1.56,0-5,,,,E,5.0
West Ham,N. Forest,1.79,3.97,4.0,1-1,,,,N,2.0
Everton,Fulham,2.6,3.14,2.8,0-0,,,,N,0.0
Manchester Red,Spurs,1.95,4.02,3.34,2-2,,,,N,4.0
A. Villa,Brighton,1.68,4.54,4.08,3-3,,,,N,6.0
Newcastle,Sunderland,1.26,5.98,9.79,2-0,,,,D,2.0
Bournemouth,Manchester Blue,5.07,3.64,1.7,1-2,,,,E,3.0
Leeds,Brentford,6.37,4.3,1.49,1-3,,,,E,4.0
N. Forest,Manchester Red,2.07,3.45,3.48,3-1,,,,D,4.0
Manchester Blue,Sunderland,1.18,7.49,12.6,0-0,,,,N,0.0
London Blues,C. Palace,1.7,3.78,4.83,1-1,,,,N,2.0
Liverpool,West Ham,1.23,6.33,11.39,2-0,,,,D,2.0
Newcastle,Manchester Blue,2.35,3.51,2.87,0-0,,,,N,0.0
Everton,London Reds,6.08,3.54,1.63,1-2,,,,E,3.0
Spurs,N. Forest,1.56,4.72,4.81,2-3,,,,E,5.0
Manchester Red,Liverpool,2.49,3.77,2.54,0-2,,,,E,2.0
Leeds,London Blues,5.64,4.27,1.54,0-1,,,,E,1.0
London Blues,Bournemouth,1.48,4.75,5.77,1-0,,,,D,1.0
Brentford,Manchester Blue,3.82,4.03,1.82,0-2,,,,E,2.0
Liverpool,Spurs,1.35,5.54,7.09,3-0,,,,D,3.0
London Reds,Burnley,1.2,7.3,11.3,2-1,,,,D,3.0
A. Villa,Leeds,1.27,5.66,10.5,6-0,,,,D,6.0
Sunderland,London Blues,7.18,4.75,1.41,0-5,,,,E,5.0
Manchester Red,Brighton,1.96,3.98,3.37,0-2,,,,E,2.0
Manchester Blue,Wolverhampton,1.19,7.33,12.37,1-1,,,,N,2.0
West Ham,London Reds,6.13,4.17,1.52,1-1,,,,N,2.0
C. Palace,West Ham,1.77,3.91,4.16,1-3,,,,E,4.0
Fulham,N. Forest,1.7,4.16,4.29,3-1,,,,D,4.0
London Reds,Manchester Red,1.37,5.03,7.55,2-0,,,,D,2.0
London Blues,Manchester Blue,3.16,3.4,2.23,1-2,,,,E,3.0
Manchester Red,C. Palace,1.9,3.48,4.07,0-1,,,,E,1.0
Manchester Blue,A. Villa,1.28,5.87,9.08,1-1,,,,N,2.0
Brentford,London Blues,1.92,4.14,3.36,1-3,,,,E,4.0
Newcastle,C. Palace,1.4,4.7,7.42,1-1,,,,N,2.0
Manchester Blue,Bournemouth,1.23,6.89,10.04,1-3,,,,E,4.0
London Blues,Leeds,1.28,5.32,10.79,1-0,,,,D,1.0
A. Villa,Manchester Red,1.58,4.29,5.12,4-1,,,,D,5.0
C. Palace,N. Forest,1.72,4.01,4.39,1-1,,,,N,2.0
Newcastle,West Ham,1.3,5.64,8.86,0-0,,,,N,0.0
Brighton,Manchester Blue,3.6,3.71,1.95,2-3,,,,E,5.0
Bournemouth,London Blues,2.51,3.39,2.74,0-3,,,,E,3.0
Liverpool,Manchester Red,1.31,5.32,9.14,5-1,,,,D,6.0
Brentford,A. Villa,1.84,4.03,3.72,1-2,,,,E,3.0
Manchester Blue,C. Palace,1.3,5.49,8.99,3-0,,,,D,3.0
Manchester Red,Everton,1.65,3.62,5.58,2-0,,,,D,2.0
N. Forest,West Ham,1.8,3.77,4.18,1-0,,,,D,1.0
Leeds,A. Villa,5.2,4.01,1.62,1-2,,,,E,3.0
C. Palace,London Blues,2.25,3.66,2.92,0-2,,,,E,2.0
Newcastle,London Reds,2.73,3.42,2.5,4-0,,,,D,4.0
Burnley,Manchester Red,3.21,3.29,2.25,3-1,,,,D,4.0
London Reds,Fulham,1.39,5.02,7.04,4-0,,,,D,4.0
Manchester Red,Newcastle,2.13,3.76,3.09,2-1,,,,D,3.0
Sunderland,N. Forest,4.54,3.93,1.71,1-3,,,,E,4.0
Brentford,Brighton,2.11,4.27,2.84,3-2,,,,D,5.0
Manchester Blue,West Ham,1.22,6.76,11.06,3-1,,,,D,4.0
A. Villa,Everton,1.45,4.45,6.88,0-1,,,,E,1.0
Spurs,C. Palace,1.86,3.91,3.73,1-3,,,,E,4.0
Liverpool,Burnley,1.15,8.1,14.36,2-0,,,,D,2.0
Leeds,Bournemouth,4.51,4.25,1.66,0-3,,,,E,3.0
Manchester Blue,Sunderland,1.18,7.53,12.15,1-0,,,,D,1.0
Bournemouth,A. Villa,2.25,3.3,3.21,1-0,,,,D,1.0
West Ham,London Blues,2.41,3.75,2.64,0-0,,,,N,0.0
N. Forest,London Reds,5.27,3.68,1.67,1-0,,,,D,1.0
Fulham,Manchester Red,2.02,3.7,3.38,1-1,,,,N,2.0
Newcastle,Liverpool,1.78,4.24,3.82,0-2,,,,E,2.0
C. Palace,Brentford,2.3,3.51,2.93,1-1,,,,N,2.0
Brighton,Leeds,1.36,4.93,8.21,1-0,,,,D,1.0
Leeds,C. Palace,4.92,3.78,1.69,1-5,,,,E,6.0
London Reds,Manchester Blue,2.23,3.73,2.92,3-1,,,,D,4.0
London Blues,Sunderland,1.41,4.84,6.87,4-1,,,,D,5.0
Spurs,West Ham,1.57,4.66,4.84,4-1,,,,D,5.0
Manchester Red,N. Forest,1.54,4.28,5.64,2-2,,,,N,4.0
London Blues,London Reds,3.72,3.47,1.99,1-1,,,,N,2.0
Manchester Blue,Manchester Red,1.27,5.91,9.61,2-0,,,,D,2.0
Brighton,A. Villa,1.81,3.88,4.0,3-0,,,,D,3.0
Liverpool,Manchester Blue,2.07,3.64,3.32,2-1,,,,D,3.0
Spurs,London Reds,4.27,4.07,1.72,1-1,,,,N,2.0
Everton,N. Forest,1.9,3.47,4.05,3-0,,,,D,3.0
Leeds,West Ham,4.09,3.88,1.79,2-1,,,,D,3.0
Brighton,C. Palace,1.86,3.64,4.01,3-1,,,,D,4.0
Manchester Red,London Blues,1.88,3.79,3.79,2-2,,,,N,4.0
C. Palace,A. Villa,2.07,3.52,3.41,2-0,,,,D,2.0
Spurs,Manchester Red,1.77,4.14,3.96,1-1,,,,N,2.0
Manchester Blue,Everton,1.23,5.98,12.13,2-1,,,,D,3.0
London Blues,Liverpool,2.35,3.79,2.69,3-2,,,,D,5.0
Brighton,West Ham,1.62,4.29,4.74,4-2,,,,D,6.0
Newcastle,N. Forest,1.25,6.15,10.37,3-0,,,,D,3.0
Everton,London Blues,2.61,3.23,2.72,1-2,,,,E,3.0
Leeds,London Reds,17.02,6.85,1.17,0-4,,,,E,4.0
Brentford,Manchester Red,1.85,4.07,3.65,4-2,,,,D,6.0
West Ham,C. Palace,2.3,3.46,2.97,0-1,,,,E,1.0
Wolverhampton,A. Villa,2.4,3.39,2.87,0-0,,,,N,0.0
Manchester Blue,Newcastle,1.45,5.09,5.71,3-0,,,,D,3.0
Manchester Red,Leeds,1.35,4.76,9.27,1-1,,,,N,2.0
Newcastle,Manchester Red,1.41,4.77,6.99,1-0,,,,D,1.0
Leeds,Manchester Blue,14.04,6.37,1.2,1-3,,,,E,4.0
A. Villa,Bournemouth,1.45,5.17,5.72,2-3,,,,E,5.0
Sunderland,Everton,5.06,3.36,1.77,2-1,,,,D,3.0
West Ham,London Blues,2.34,3.71,2.76,2-1,,,,D,3.0
Liverpool,Burnley,1.16,8.07,13.8,2-1,,,,D,3.0
Fulham,N. Forest,1.72,4.17,4.16,1-3,,,,E,4.0
C. Palace,London Reds,5.2,3.8,1.65,2-3,,,,E,5.0
Brighton,Spurs,1.97,4.18,3.19,0-1,,,,E,1.0
Fulham,Manchester Red,2.0,3.75,3.41,2-3,,,,E,5.0
Fulham,Liverpool,3.15,4.07,2.02,1-2,,,,E,3.0
Brighton,Sunderland,1.54,4.54,5.28,1-0,,,,D,1.0
Brentford,Leeds,1.36,5.14,7.75,5-0,,,,D,5.0
Bournemouth,West Ham,1.98,3.52,3.7,1-2,,,,E,3.0
Newcastle,A. Villa,1.43,4.71,6.78,0-2,,,,E,2.0
C. Palace,N. Forest,1.69,4.02,4.58,0-0,,,,N,0.0
London Blues,Manchester Blue,3.18,3.48,2.18,2-2,,,,N,4.0
Everton,Wolverhampton,1.96,3.37,3.95,2-1,,,,D,3.0
London Reds,Spurs,1.43,5.31,5.76,2-0,,,,D,2.0
Burnley,Manchester Red,3.09,3.3,2.3,2-3,,,,E,5.0
Burnley,C. Palace,3.3,3.2,2.25,3-1,,,,D,4.0
A. Villa,Fulham,1.65,4.22,4.57,1-0,,,,D,1.0
Manchester Blue,Brighton,1.36,5.79,6.61,5-1,,,,D,6.0
Brentford,Liverpool,2.85,4.21,2.12,1-2,,,,E,3.0
London Blues,Newcastle,1.98,3.87,3.35,2-0,,,,D,2.0
Everton,Wolverhampton,1.96,3.39,3.93,1-3,,,,E,4.0
London Reds,Spurs,1.44,5.27,5.66,3-2,,,,D,5.0
N. Forest,Sunderland,1.64,4.04,4.93,2-0,,,,D,2.0
Manchester Red,Bournemouth,1.63,4.29,4.64,2-1,,,,D,3.0
Brentford,Manchester Blue,3.98,4.09,1.77,3-3,,,,N,6.0
West Ham,London Reds,6.39,4.27,1.49,0-3,,,,E,3.0
Liverpool,Burnley,1.16,7.86,13.76,3-1,,,,D,4.0
Brighton,Spurs,1.98,4.19,3.15,3-1,,,,D,4.0
Leeds,London Blues,5.94,4.42,1.5,0-3,,,,E,3.0
Manchester Blue,Leeds,1.12,8.7,20.3,3-1,,,,D,4.0
Sunderland,Manchester Red,5.7,3.98,1.58,0-0,,,,N,0.0
Everton,Brentford,2.61,3.12,2.81,1-1,,,,N,2.0
London Reds,Liverpool,1.68,4.48,4.11,2-0,,,,D,2.0
A. Villa,West Ham,1.44,4.91,6.13,4-0,,,,D,4.0
London Blues,Bournemouth,1.55,4.54,5.12,4-1,,,,D,5.0
N. Forest,Fulham,2.15,3.41,3.3,1-0,,,,D,1.0
Burnley,Wolverhampton,2.44,3.4,2.81,2-3,,,,E,5.0
Newcastle,Spurs,1.45,5.13,5.65,2-0,,,,D,2.0
Liverpool,A. Villa,1.29,5.54,9.5,2-0,,,,D,2.0
Brentford,Sunderland,1.57,4.64,4.82,2-1,,,,D,3.0
Newcastle,C. Palace,1.44,4.49,6.9,5-1,,,,D,6.0
Brighton,Burnley,1.44,5.01,5.99,2-1,,,,D,3.0
Wolverhampton,London Reds,6.34,4.15,1.51,1-2,,,,E,3.0
West Ham,Manchester Red,2.21,3.58,3.04,2-0,,,,D,2.0
London Reds,Brighton,1.45,5.25,5.61,3-2,,,,D,5.0
N. Forest,C. Palace,2.03,3.34,3.72,1-1,,,,N,2.0
London Blues,Spurs,1.79,4.23,3.79,1-0,,,,D,1.0
Manchester Red,Liverpool,2.71,3.74,2.36,3-2,,,,D,5.0
Everton,Bournemouth,2.1,3.51,3.34,3-1,,,,D,4.0
Brentford,Leeds,1.37,5.05,7.58,2-2,,,,N,4.0
A. Villa,Wolverhampton,1.36,5.3,7.23,2-2,,,,N,4.0
Burnley,Newcastle,4.19,3.93,1.76,0-1,,,,E,1.0
Manchester Blue,Fulham,1.32,5.6,8.13,4-1,,,,D,5.0
Sunderland,West Ham,4.98,4.04,1.63,2-1,,,,D,3.0
London Reds,West Ham,1.27,6.1,9.09,0-1,,,,E,1.0
Fulham,Brighton,2.28,4.09,2.65,2-4,,,,E,6.0
Sunderland,Manchester Blue,18.07,7.08,1.16,0-3,,,,E,3.0
Brentford,Burnley,1.47,5.16,5.4,1-1,,,,N,2.0
Brighton,Leeds,1.38,4.77,8.13,2-0,,,,D,2.0
Wolverhampton,Liverpool,3.75,3.93,1.86,1-1,,,,N,2.0
Manchester Blue,London Blues,1.32,5.72,7.85,3-1,,,,D,4.0
Spurs,Brentford,2.02,4.01,3.16,1-2,,,,E,3.0
Newcastle,C. Palace,1.43,4.55,7.03,2-2,,,,N,4.0
Burnley,London Reds,9.3,4.67,1.35,1-2,,,,E,3.0
Bournemouth,A. Villa,2.26,3.35,3.13,1-1,,,,N,2.0
Everton,Fulham,2.49,3.13,2.96,3-0,,,,D,3.0
Bournemouth,Manchester Blue,5.03,3.64,1.71,1-1,,,,N,2.0
London Blues,Manchester Red,1.7,3.87,4.67,0-1,,,,E,1.0
C. Palace,Brentford,2.37,3.43,2.88,2-1,,,,D,3.0
Sunderland,Wolverhampton,4.4,3.79,1.76,1-2,,,,E,3.0
Fulham,West Ham,1.79,4.03,3.96,1-1,,,,N,2.0
Liverpool,Newcastle,1.5,4.69,1.46,1-0,,,,D,1.0
A. Villa,Brighton,1.65,4.64,4.18,2-2,,,,N,4.0
N. Forest,Burnley,1.56,4.43,5.16,0-2,,,,E,2.0
Manchester Red,Bournemouth,1.61,4.32,4.84,0-2,,,,E,2.0
Wolverhampton,London Blues,2.56,3.53,2.59,1-1,,,,N,2.0
Burnley,Fulham,3.45,3.4,2.1,2-1,,,,D,3.0
Manchester Blue,A. Villa,1.28,5.96,9.06,2-1,,,,D,3.0
West Ham,Leeds,1.59,3.98,5.54,1-0,,,,D,1.0
Spurs,N. Forest,1.51,4.88,5.16,3-2,,,,D,5.0
C. Palace,London Reds,5.14,3.77,1.67,0-2,,,,E,2.0
Newcastle,Sunderland,1.24,6.29,10.53,1-0,,,,D,1.0
Brentford,Liverpool,2.72,4.18,2.2,2-2,,,,N,4.0
Bournemouth,Wolverhampton,1.87,3.58,4.08,0-1,,,,E,1.0
Sunderland,Brentford,7.1,4.41,1.44,3-2,,,,D,5.0
Leeds,Burnley,3.39,3.95,1.96,1-1,,,,N,2.0
Fulham,Spurs,2.33,4.11,2.58,3-3,,,,N,6.0
Brighton,West Ham,1.66,4.22,4.52,2-1,,,,D,3.0
Liverpool,London Reds,2.35,3.4,2.94,2-0,,,,D,2.0
N. Forest,C. Palace,2.08,3.3,3.64,0-1,,,,E,1.0
West Ham,Spurs,2.48,4.03,2.45,3-1,,,,D,4.0
Leeds,Sunderland,3.56,3.83,1.93,1-4,,,,E,5.0
Manchester Red,Brentford,2.03,3.53,3.51,2-2,,,,N,4.0
Brighton,Liverpool,2.56,3.93,2.41,4-0,,,,D,4.0
Manchester Blue,London Reds,2.23,3.69,2.94,1-2,,,,E,3.0
A. Villa,Burnley,1.3,6.13,7.99,0-0,,,,N,0.0
London Blues,Fulham,1.79,3.78,4.2,1-0,,,,D,1.0
Everton,C. Palace,2.55,3.02,2.96,0-1,,,,E,1.0
Wolverhampton,Newcastle,3.15,3.75,2.1,1-1,,,,N,2.0
Bournemouth,N. Forest,1.84,3.65,4.1,4-1,,,,D,5.0
Brentford,Manchester Blue,3.79,4.07,1.82,2-3,,,,E,5.0
N. Forest,London Blues,3.56,3.04,2.27,1-3,,,,E,4.0
Liverpool,Leeds,1.13,8.03,20.65,4-0,,,,D,4.0
Burnley,West Ham,2.69,3.42,2.53,2-0,,,,D,2.0
Newcastle,Manchester Red,1.41,4.79,7.11,2-2,,,,N,4.0
Spurs,Everton,1.67,4.0,4.74,2-2,,,,N,4.0
Manchester Red,Wolverhampton,1.49,4.43,6.19,3-2,,,,D,5.0
Fulham,Liverpool,3.16,4.1,2.0,1-1,,,,N,2.0
Everton,Burnley,1.79,3.75,4.24,1-1,,,,N,2.0
London Blues,London Reds,3.8,3.47,1.96,0-1,,,,E,1.0
Sunderland,N. Forest,4.59,3.9,1.71,1-2,,,,E,3.0
A. Villa,West Ham,1.43,4.93,6.24,2-1,,,,D,3.0
Leeds,C. Palace,5.13,3.75,1.67,3-0,,,,D,3.0
Manchester Blue,Newcastle,1.46,5.04,5.59,0-0,,,,N,0.0
Bournemouth,Brentford,2.57,3.22,2.77,1-0,,,,D,1.0
Newcastle,Bournemouth,1.31,5.82,8.16,5-0,,,,D,5.0
Liverpool,N. Forest,1.19,7.0,12.75,5-1,,,,D,6.0
Spurs,Leeds,1.32,5.43,8.43,2-1,,,,D,3.0
Manchester Red,A. Villa,1.79,3.69,4.34,1-2,,,,E,3.0
Wolverhampton,Manchester Blue,5.33,3.94,1.62,3-1,,,,D,4.0
Brentford,London Blues,1.96,4.08,3.27,3-0,,,,D,3.0
Burnley,Brighton,3.57,3.87,1.92,1-3,,,,E,4.0
Newcastle,C. Palace,1.41,4.63,7.32,2-1,,,,D,3.0
Liverpool,West Ham,1.23,6.35,11.35,0-0,,,,N,0.0
Brentford,Brighton,2.04,4.29,2.96,1-0,,,,D,1.0
Burnley,Wolverhampton,2.36,3.39,2.92,2-2,,,,N,4.0
N. Forest,Fulham,2.21,3.43,3.17,1-1,,,,N,2.0
London Blues,Sunderland,1.39,4.99,7.13,4-0,,,,D,4.0
London Reds,A. Villa,1.36,5.18,7.56,4-1,,,,D,5.0
Manchester Blue,Liverpool,1.64,4.63,4.3,1-2,,,,E,3.0
Everton,Brighton,2.7,3.52,2.47,0-1,,,,E,1.0
Manchester Red,Fulham,1.88,3.68,3.88,0-1,,,,E,1.0
Newcastle,Burnley,1.21,6.97,11.29,0-2,,,,E,2.0
London Reds,C. Palace,1.38,5.03,7.41,2-0,,,,D,2.0
N. Forest,West Ham,1.77,3.81,4.31,0-1,,,,E,1.0
Brentford,Sunderland,1.57,4.67,4.76,2-2,,,,N,4.0
London Blues,Wolverhampton,1.4,4.8,7.15,5-0,,,,D,5.0
Wolverhampton,Manchester Blue,5.78,4.09,1.56,0-2,,,,E,2.0
Liverpool,N. Forest,1.19,6.88,12.88,2-3,,,,E,5.0
Sunderland,London Reds,23.05,8.02,1.12,0-3,,,,E,3.0
London Blues,Newcastle,1.96,3.87,3.44,3-0,,,,D,3.0
Leeds,Manchester Red,4.89,3.9,1.67,4-1,,,,D,5.0
Burnley,Brentford,3.56,3.43,2.05,0-0,,,,N,0.0
C. Palace,Everton,1.84,3.44,4.43,1-1,,,,N,2.0
Brighton,Bournemouth,1.7,4.33,4.14,1-2,,,,E,3.0
Fulham,A. Villa,2.06,3.76,3.23,0-1,,,,E,1.0
Newcastle,Wolverhampton,1.25,6.16,10.51,2-2,,,,N,4.0
Manchester Red,West Ham,1.64,4.07,4.87,2-2,,,,N,4.0
N. Forest,Manchester Blue,4.35,3.57,1.82,3-0,,,,D,3.0
Brighton,Fulham,1.97,3.73,3.51,2-1,,,,D,3.0
Everton,Sunderland,1.96,3.43,3.88,2-3,,,,E,5.0
Spurs,Liverpool,2.57,4.24,2.3,2-3,,,,E,5.0
Brentford,London Blues,2.01,4.04,3.18,1-1,,,,N,2.0
Bournemouth,C. Palace,2.38,3.15,3.09,1-3,,,,E,4.0
Leeds,Brighton,6.38,5.05,1.42,0-1,,,,E,1.0
Newcastle,Brentford,1.5,4.46,5.95,3-0,,,,D,3.0
Wolverhampton,N. Forest,1.93,3.69,3.68,3-1,,,,D,4.0
Sunderland,Bournemouth,5.62,4.58,1.51,3-2,,,,D,5.0
Burnley,Everton,2.7,3.0,2.81,1-1,,,,N,2.0
West Ham,A. Villa,2.23,3.57,3.02,4-1,,,,D,5.0
Fulham,Sunderland,1.69,4.27,4.3,4-2,,,,D,6.0
Everton,London Blues,2.53,3.22,2.83,1-1,,,,N,2.0
Bournemouth,Burnley,1.71,4.05,4.39,1-4,,,,E,5.0
Spurs,N. Forest,1.53,4.83,5.04,1-1,,,,N,2.0
Brighton,West Ham,1.62,4.25,4.84,3-2,,,,D,5.0
Manchester Red,Manchester Blue,3.51,3.52,2.04,0-2,,,,E,2.0
Brentford,Wolverhampton,1.53,4.74,5.08,1-2,,,,E,3.0
Sunderland,Leeds,3.31,3.21,2.24,0-1,,,,E,1.0
Brentford,London Reds,4.81,4.17,1.63,3-1,,,,D,4.0
Burnley,Fulham,3.6,3.44,2.04,3-1,,,,D,4.0
Liverpool,Brighton,1.33,5.67,7.52,4-1,,,,D,5.0
N. Forest,☐ Manchester Red,2.04,3.47,3.53,3-0,,,,D,3.0
Wolverhampton,Spurs,2.68,3.84,2.35,3-0,,,,D,3.0
London Blues,Bournemouth,1.5,4.67,5.63,2-0,,,,D,2.0
West Ham,C. Palace,2.31,3.49,2.93,1-0,,,,D,1.0
A. Villa,N. Forest,1.36,5.33,7.39,2-0,,,,D,2.0
London Reds,Wolverhampton,1.21,6.82,11.55,3-0,,,,D,3.0
Sunderland,West Ham,4.98,4.0,1.64,0-3,,,,E,3.0
Leeds,Burnley,3.49,3.98,1.92,1-3,,,,E,4.0
Everton,Brentford,2.67,3.13,2.73,4-1,,,,D,5.0
Manchester Red,Spurs,1.89,4.04,3.52,2-3,,,,E,5.0
Fulham,London Blues,2.2,3.84,2.9,1-0,,,,D,1.0
C. Palace,Liverpool,3.14,3.82,2.08,0-3,,,,E,3.0
Brighton,Manchester Blue,3.69,3.75,1.91,1-3,,,,E,4.0
Newcastle,Fulham,1.46,4.6,6.25,1-2,,,,E,3.0
Spurs,A. Villa,1.79,4.18,3.83,2-0,,,,D,2.0
Brentford,Bournemouth,1.66,4.62,4.16,3-0,,,,D,3.0
Liverpool,Sunderland,1.17,7.36,14.01,4-0,,,,D,4.0
Burnley,West Ham,2.7,3.4,2.53,3-1,,,,D,4.0
Wolverhampton,Manchester Red,2.3,3.43,3.0,4-2,,,,D,6.0
A. Villa,Manchester Red,1.56,4.36,5.24,2-2,,,,N,4.0
Bournemouth,London Reds,6.11,3.81,1.58,2-2,,,,N,4.0
West Ham,London Blues,2.43,3.69,2.65,0-2,,,,E,2.0
Fulham,Brentford,3.64,2.99,7.58,0-1,,,,E,1.0
Sunderland,Manchester Blue,19.01,7.38,1.15,0-0,,,,N,0.0
Brighton,Spurs,1.94,4.18,3.28,2-1,,,,D,3.0
C. Palace,N. Forest,1.69,4.05,4.53,1-0,,,,D,1.0
Manchester Blue,Burnley,1.17,8.02,12.45,1-0,,,,D,1.0
Manchester Red,Brighton,1.95,4.01,3.37,4-2,,,,D,6.0
N. Forest,Sunderland,1.65,4.06,4.78,3-1,,,,D,4.0
Wolverhampton,A. Villa,2.46,3.44,2.76,2-0,,,,D,2.0
London Blues,Liverpool,2.27,3.82,2.79,2-1,,,,D,3.0
Spurs,C. Palace,1.88,3.95,3.63,2-1,,,,D,3.0
Newcastle,West Ham,1.29,5.72,9.17,3-2,,,,D,5.0
Brentford,Leeds,1.37,5.09,7.58,2-1,,,,D,3.0
Everton,Bournemouth,2.12,3.52,3.3,2-2,,,,N,4.0
London Reds,Fulham,1.43,4.83,6.58,0-2,,,,E,2.0
Bournemouth,Sunderland,1.8,3.72,4.24,2-1,,,,D,3.0
Leeds,Fulham,5.71,4.2,1.55,1-3,,,,E,4.0
Burnley,West Ham,2.63,3.45,2.56,3-0,,,,D,3.0
C. Palace,A. Villa,2.02,3.55,3.51,1-0,,,,D,1.0
Wolverhampton,Brentford,2.67,3.41,2.54,0-1,,,,E,1.0
Everton,London Blues,2.41,3.27,2.95,3-2,,,,D,5.0
Liverpool,Newcastle,1.45,4.89,6.03,2-0,,,,D,2.0
Manchester Red,N. Forest,1.56,4.24,5.44,1-2,,,,E,3.0
N. Forest,Liverpool,2.95,3.7,1.16,1-1,,,,N,2.0
A. Villa,Burnley,1.32,5.9,7.54,2-1,,,,D,3.0
London Blues,Wolverhampton,1.42,4.72,6.89,0-0,,,,N,0.0
Fulham,Manchester Blue,4.57,4.03,1.69,0-3,,,,E,3.0
Sunderland,West Ham,5.12,4.08,1.61,0-4,,,,E,4.0
Manchester Red,London Reds,4.08,3.48,1.89,3-1,,,,D,4.0
Brentford,Bournemouth,1.69,4.6,4.01,1-2,,,,E,3.0
Spurs,Everton,1.59,4.14,5.29,1-2,,,,E,3.0
Leeds,Liverpool,9.39,5.93,1.27,1-4,,,,E,5.0
Burnley,Brighton,3.85,3.96,1.83,2-1,,,,D,3.0
C. Palace,Fulham,2.14,3.57,3.21,2-2,,,,N,4.0
West Ham,Brentford,2.59,3.53,2.56,1-1,,,,N,2.0
Wolverhampton,Spurs,2.56,3.86,2.44,4-1,,,,D,5.0
Bournemouth,London Blues,2.45,3.43,2.77,0-4,,,,E,4.0
Everton,Manchester Red,2.35,3.1,3.21,0-0,,,,N,0.0
London Reds,N. Forest,1.23,6.54,10.39,5-0,,,,D,5.0
Manchester Blue,Newcastle,1.44,5.2,5.8,5-1,,,,D,6.0
Sunderland,A. Villa,6.13,4.16,1.52,0-4,,,,E,4.0
Spurs,Bournemouth,1.65,4.72,4.11,3-2,,,,D,5.0
London Blues,West Ham,1.51,4.46,5.79,3-0,,,,D,3.0
Fulham,Burnley,1.57,4.61,4.83,1-1,,,,N,2.0
Newcastle,C. Palace,1.44,4.58,6.9,3-0,,,,D,3.0
Brighton,Sunderland,1.51,4.64,5.46,2-2,,,,N,4.0
N. Forest,Leeds,1.46,4.16,7.42,3-0,,,,D,3.0
Liverpool,Manchester Blue,2.05,3.64,3.37,1-1,,,,N,2.0
Manchester Red,Wolverhampton,1.52,4.33,5.87,2-0,,,,D,2.0
Everton,N. Forest,1.86,3.5,4.24,3-1,,,,D,4.0
C. Palace,Liverpool,3.1,3.83,2.1,1-2,,,,E,3.0
Sunderland,Fulham,6.85,1.45,1.68,1-1,,,,N,2.0
Brentford,Brighton,2.06,4.34,2.91,1-3,,,,E,4.0
West Ham,Spurs,2.55,3.97,2.4,1-4,,,,E,5.0
Burnley,Newcastle,4.42,3.93,1.73,2-3,,,,E,5.0
Fulham,Brentford,2.24,3.66,2.93,3-2,,,,D,5.0
Leeds,C. Palace,5.31,3.87,1.63,0-1,,,,E,1.0
Liverpool,Burnley,1.16,8.02,14.14,1-1,,,,N,2.0
Everton,Wolverhampton,1.98,3.4,3.82,0-2,,,,E,2.0
Manchester Red,West Ham,1.64,4.04,4.96,1-2,,,,E,3.0
N. Forest,Manchester Blue,4.36,3.62,1.8,0-0,,,,N,0.0
Wolverhampton,N. Forest,1.95,3.72,3.58,0-2,,,,E,2.0
Brentford,Newcastle,2.35,4.09,2.57,3-2,,,,D,5.0
Brighton,Spurs,1.96,4.15,3.25,4-1,,,,D,5.0
A. Villa,Manchester Red,1.57,4.32,5.18,2-1,,,,D,3.0
London Blues,Fulham,1.77,3.81,4.28,1-3,,,,E,4.0
Burnley,Leeds,2.02,3.2,3.97,2-0,,,,D,2.0
Bournemouth,Everton,2.04,3.08,4.1,2-0,,,,D,2.0
C. Palace,Manchester Blue,4.22,3.75,1.8,0-1,,,,E,1.0
Sunderland,Liverpool,11.98,6.49,1.22,1-2,,,,E,3.0
N. Forest,C. Palace,2.02,3.76,1.35,2-0,,,,D,2.0
Spurs,Fulham,1.92,3.99,3.46,1-0,,,,D,1.0
Leeds,Sunderland,3.69,3.8,1.9,2-2,,,,N,4.0
Liverpool,Brentford,1.43,4.69,6.8,2-0,,,,D,2.0
Everton,West Ham,2.04,3.38,3.65,2-3,,,,E,5.0
Wolverhampton,Bournemouth,2.17,3.81,2.97,1-1,,,,N,2.0
Newcastle,London Blues,1.43,4.84,6.55,1-1,,,,N,2.0
London Blues,Liverpool,2.33,3.79,2.72,1-3,,,,E,4.0
West Ham,Wolverhampton,1.81,3.93,3.94,3-2,,,,D,5.0
Spurs,Newcastle,2.24,4.2,2.67,4-1,,,,D,5.0
Fulham,Manchester Red,2.02,3.7,3.39,2-2,,,,N,4.0
A. Villa,Everton,1.49,4.28,6.49,1-1,,,,N,2.0
Bournemouth,N. Forest,1.87,3.65,4.0,1-3,,,,E,4.0
Brentford,Leeds,1.36,5.1,7.78,0-0,,,,N,0.0
Brighton,London Reds,4.26,3.79,1.78,1-1,,,,N,2.0
Leeds,London Blues,5.38,4.26,1.56,0-0,,,,N,0.0
Manchester Blue,Brentford,1.35,5.37,7.52,2-0,,,,D,2.0
Everton,Brighton,2.62,3.52,2.54,0-2,,,,E,2.0
Liverpool,Spurs,1.38,5.42,6.7,1-3,,,,E,4.0
C. Palace,Sunderland,1.66,4.08,4.74,1-2,,,,E,3.0
N. Forest,Burnley,1.57,4.36,5.22,3-3,,,,N,6.0
London Reds,Fulham,1.42,4.91,6.59,2-2,,,,N,4.0
Bournemouth,West Ham,1.98,3.56,3.67,4-0,,,,D,4.0
Manchester Red,Liverpool,2.55,3.73,2.5,4-2,,,,D,6.0
Sunderland,Burnley,3.85,3.97,1.82,1-0,,,,D,1.0
Fulham,Everton,1.85,3.56,4.21,2-3,,,,E,5.0
A. Villa,Bournemouth,1.44,5.17,5.76,3-2,,,,D,5.0
Spurs,Leeds,1.34,5.34,8.07,4-1,,,,D,5.0
Brighton,Wolverhampton,1.54,4.45,5.42,2-0,,,,D,2.0
West Ham,N. Forest,1.82,3.94,3.91,2-0,,,,D,2.0
London Blues,Manchester Blue,3.21,3.47,2.17,0-0,,,,N,0.0
Brentford,C. Palace,1.88,3.9,3.7,0-0,,,,N,0.0
Newcastle,London Reds,2.7,3.41,2.52,1-2,,,,E,3.0
Newcastle,N. Forest,1.25,6.13,10.11,2-2,,,,N,4.0
Liverpool,Fulham,1.34,5.18,8.44,3-0,,,,D,3.0
Everton,Brentford,2.74,3.07,2.71,3-2,,,,D,5.0
London Reds,London Blues,1.42,5.1,6.34,4-1,,,,D,5.0
C. Palace,West Ham,1.84,3.84,3.89,0-1,,,,E,1.0
Leeds,Brighton,6.4,5.1,1.41,0-3,,,,E,3.0
Wolverhampton,Sunderland,1.95,3.77,3.54,1-2,,,,E,3.0
Manchester Blue,A. Villa,1.29,5.83,8.95,3-1,,,,D,4.0
Bournemouth,Burnley,1.71,4.05,4.41,3-1,,,,D,4.0
Manchester Red,Spurs,1.98,4.04,3.24,4-2,,,,D,6.0
C. Palace,Fulham,2.35,3.47,2.89,4-1,,,,D,5.0
Manchester Red,Spurs,1.95,4.03,3.36,2-0,,,,D,2.0
Brentford,London Blues,1.97,4.07,3.27,1-2,,,,E,3.0
Bournemouth,Wolverhampton,1.92,3.55,3.88,0-2,,,,E,2.0
Brighton,Sunderland,1.51,4.62,5.48,2-1,,,,D,3.0
A. Villa,Liverpool,2.08,4.08,2.99,4-0,,,,D,4.0
Leeds,N. Forest,3.99,3.85,1.82,0-4,,,,E,4.0
London Reds,West Ham,1.26,6.14,9.42,1-1,,,,N,2.0
Everton,Newcastle,2.81,3.4,2.44,1-1,,,,N,2.0
Manchester Blue,Burnley,1.16,8.17,13.04,5-1,,,,D,6.0
Leeds,Newcastle,7.71,5.35,1.35,0-3,,,,E,3.0
Sunderland,C. Palace,6.18,3.91,1.56,1-1,,,,N,2.0
Bournemouth,Everton,2.03,3.1,4.06,2-2,,,,N,4.0
Manchester Red,London Reds,4.28,3.57,1.83,0-4,,,,E,4.0
Brentford,Fulham,1.99,3.99,3.27,3-0,,,,D,3.0
Liverpool,London Blues,1.34,5.28,8.0,2-0,,,,D,2.0
Burnley,N. Forest,2.46,3.44,2.76,1-3,,,,E,4.0
Brighton,West Ham,1.6,4.36,4.87,0-2,,,,E,2.0
Wolverhampton,Burnley,1.77,4.07,4.0,0-0,,,,N,0.0
Spurs,Liverpool,2.62,4.2,2.27,3-2,,,,D,5.0
C. Palace,N. Forest,1.73,3.97,4.37,3-2,,,,D,5.0
West Ham,A. Villa,2.31,3.57,2.88,3-2,,,,D,5.0
Newcastle,Manchester Blue,2.31,3.56,2.89,1-1,,,,N,2.0
Everton,Leeds,1.67,3.42,5.87,4-1,,,,D,5.0
Fulham,Brighton,2.33,4.04,2.61,2-1,,,,D,3.0
Leeds,Manchester Red,5.26,3.98,1.62,0-1,,,,E,1.0
London Blues,C. Palace,1.69,3.8,4.92,2-0,,,,D,2.0
Liverpool,Newcastle,1.48,4.78,5.77,2-2,,,,N,4.0
Brighton,London Reds,4.59,3.89,1.71,1-2,,,,E,3.0
Brentford,Bournemouth,1.74,4.56,3.76,4-1,,,,D,5.0
Sunderland,Spurs,7.31,5.33,1.36,1-1,,,,N,2.0
A. Villa,Fulham,1.63,4.29,4.73,1-1,,,,N,2.0
Burnley,West Ham,2.79,3.42,2.45,0-2,,,,E,2.0
Manchester Blue,Everton,1.22,6.25,12.5,4-0,,,,D,4.0
N. Forest,Wolverhampton,1.68,3.9,4.78,2-1,,,,D,3.0
Bournemouth,C. Palace,2.27,3.21,3.25,0-2,,,,E,2.0
West Ham,Fulham,2.32,3.59,2.85,1-3,,,,E,4.0
London Reds,N. Forest,1.22,6.79,10.96,1-0,,,,D,1.0
Burnley,Everton,2.7,2.97,2.83,1-2,,,,E,3.0
Leeds,Wolverhampton,3.68,3.74,1.92,0-2,,,,E,2.0
London Blues,Brentford,1.8,3.72,4.24,1-0,,,,D,1.0
Liverpool,Newcastle,1.45,4.89,5.97,4-0,,,,D,4.0
Manchester Red,Brighton,1.95,3.95,3.4,1-0,,,,D,1.0
Spurs,Sunderland,1.5,4.86,5.3,4-1,,,,D,5.0
A. Villa,Manchester Blue,2.89,3.67,2.26,2-3,,,,E,5.0
Fulham,Manchester Red,1.99,3.69,3.48,2-0,,,,D,2.0
N. Forest,Wolverhampton,1.65,3.99,4.89,1-3,,,,E,4.0
Everton,A. Villa,2.42,3.14,3.04,0-0,,,,N,0.0
Manchester Blue,Bournemouth,1.23,6.84,9.66,4-1,,,,D,5.0
Newcastle,London Reds,2.66,3.47,2.53,1-3,,,,E,4.0
C. Palace,London Blues,2.18,3.65,3.05,1-2,,,,E,3.0
Manchester Blue,Burnley,1.16,8.1,13.04,4-1,,,,D,5.0
N. Forest,Wolverhampton,1.69,3.85,4.78,0-2,,,,E,2.0
London Blues,Everton,1.59,3.75,6.08,0-1,,,,E,1.0
Newcastle,Liverpool,1.85,4.13,3.62,2-0,,,,D,2.0
C. Palace,Spurs,2.26,3.892,6.45,0-2,,,,E,2.0
Brentford,London Reds,4.91,4.24,1.61,0-1,,,,E,1.0
Brighton,Manchester Red,1.83,3.86,3.93,4-0,,,,D,4.0
Manchester Blue,West Ham,1.21,6.98,11.19,3-0,,,,D,3.0
C. Palace,Manchester Red,2.06,3.46,3.5,1-2,,,,E,3.0
N. Forest,Leeds,1.43,4.28,7.78,1-2,,,,E,3.0
London Reds,Spurs,1.43,5.32,5.81,3-0,,,,D,3.0
A. Villa,Liverpool,2.17,4.04,2.84,1-1,,,,N,2.0
Bournemouth,Wolverhampton,1.85,3.61,4.1,3-0,,,,D,3.0
Burnley,Brighton,3.83,3.96,1.83,2-3,,,,E,5.0
Sunderland,London Blues,7.03,4.67,1.42,0-3,,,,E,3.0
Brentford,Fulham,2.01,3.97,3.22,1-3,,,,E,4.0
Brighton,N. Forest,1.54,5.38,3.25,4-0,,,,D,4.0
Bournemouth,West Ham,2.0,3.53,3.61,1-1,,,,N,2.0
Brentford,Wolverhampton,1.55,4.67,4.94,0-2,,,,E,2.0
Burnley,Liverpool,5.16,4.29,1.58,1-2,,,,E,3.0
London Reds,Fulham,1.4,5.07,6.83,2-1,,,,D,3.0
C. Palace,London Blues,2.19,3.62,3.05,1-1,,,,N,2.0
A. Villa,Spurs,1.7,4.6,3.9,2-1,,,,D,3.0
Newcastle,Manchester Red,1.39,4.85,7.37,1-2,,,,E,3.0
Leeds,Everton,4.13,3.29,1.95,2-2,,,,N,4.0
Fulham,C. Palace,2.01,3.61,3.49,3-2,,,,D,5.0
A. Villa,London Reds,3.32,3.66,2.06,3-0,,,,D,3.0
Manchester Red,N. Forest,1.57,4.25,5.36,2-1,,,,D,3.0
Newcastle,Spurs,1.44,5.19,5.83,3-0,,,,D,3.0
Sunderland,West Ham,5.02,4.02,1.63,1-2,,,,E,3.0
Liverpool,Bournemouth,1.24,6.49,10.23,3-0,,,,D,3.0
Manchester Blue,Sunderland,1.17,7.69,13.03,4-1,,,,D,5.0
London Reds,Bournemouth,1.28,6.17,8.39,3-2,,,,D,5.0
Spurs,Fulham,1.99,4.02,3.25,0-2,,,,E,2.0
C. Palace,Burnley,1.61,4.38,4.77,0-0,,,,N,0.0
Brighton,Newcastle,2.19,3.94,2.86,3-0,,,,D,3.0
West Ham,Leeds,1.57,4.03,5.65,0-1,,,,E,1.0
Everton,Manchester Red,2.39,3.08,3.15,2-1,,,,D,3.0
N. Forest,London Blues,2.14,3.54,3.22,2-0,,,,D,2.0
Wolverhampton,Liverpool,3.75,3.97,1.85,1-3,,,,E,4.0
Brentford,A. Villa,1.85,4.05,3.67,2-0,,,,D,2.0
A. Villa,N. Forest,1.36,5.33,7.3,1-3,,,,E,4.0
Fulham,Brighton,2.24,4.08,2.71,3-0,,,,D,3.0
Burnley,Spurs,3.76,4.0,1.84,0-2,,,,E,2.0
London Blues,Everton,1.59,3.77,5.97,3-1,,,,D,4.0
Sunderland,Leeds,3.26,3.19,2.28,4-0,,,,D,4.0
Newcastle,Manchester Blue,2.37,3.51,2.83,1-0,,,,D,1.0
Liverpool,C. Palace,1.32,5.09,9.21,3-1,,,,D,4.0
Bournemouth,Brentford,2.6,3.24,2.73,0-0,,,,N,0.0
London Reds,Wolverhampton,1.22,6.74,11.01,3-1,,,,D,4.0
Bournemouth,Brighton,2.49,3.64,2.61,1-2,,,,E,3.0
Brentford,N. Forest,1.55,4.7,4.94,0-0,,,,N,0.0
Wolverhampton,Spurs,2.63,3.87,2.37,1-1,,,,N,2.0
A. Villa,Manchester Blue,2.9,3.6,2.29,0-5,,,,E,5.0
Burnley,Leeds,1.94,3.3,4.13,1-1,,,,N,2.0
Newcastle,Leeds,1.18,6.79,15.6,1-0,,,,D,1.0
London Reds,Brentford,1.46,4.72,6.1,1-0,,,,D,1.0
Burnley,Everton,2.78,2.95,2.77,0-0,,,,N,0.0
Wolverhampton,Sunderland,1.87,3.8,3.81,1-3,,,,E,4.0
Fulham,West Ham,1.79,4.0,3.97,2-0,,,,D,2.0
Bournemouth,C. Palace,2.38,3.12,3.14,2-1,,,,D,3.0
Manchester Red,Manchester Blue,3.56,3.51,2.02,1-1,,,,N,2.0
Wolverhampton,Everton,2.11,3.2,3.65,0-0,,,,N,0.0
Burnley,Newcastle,4.5,4.0,1.7,0-0,,,,N,0.0
Bournemouth,West Ham,1.97,3.57,3.67,3-1,,,,D,4.0
Brentford,Spurs,2.01,4.39,2.99,3-2,,,,D,5.0
London Blues,Manchester Red,1.66,3.92,4.94,2-1,,,,D,3.0
Sunderland,Fulham,6.89,4.36,1.46,0-1,,,,E,1.0
C. Palace,N. Forest,1.68,4.02,4.65,1-2,,,,E,3.0
West Ham,Wolverhampton,1.82,3.93,3.92,0-0,,,,N,0.0
Newcastle,Liverpool,1.76,4.23,3.9,3-2,,,,D,5.0
Manchester Red,A. Villa,1.84,3.64,4.12,2-1,,,,D,3.0
Spurs,N. Forest,1.49,4.92,5.4,3-1,,,,D,4.0
Leeds,Bournemouth,4.58,4.24,1.65,2-1,,,,D,3.0
Manchester Blue,London Reds,2.26,3.64,2.92,2-1,,,,D,3.0
Brighton,Brentford,1.96,3.73,3.55,1-1,,,,N,2.0
London Blues,Sunderland,1.42,4.81,6.88,1-1,,,,N,2.0
Fulham,Burnley,1.58,4.58,4.79,5-1,,,,D,6.0
A. Villa,London Blues,1.67,4.22,3.9,1-2,,,,E,3.0
London Reds,Newcastle,1.56,4.61,4.99,3-1,,,,D,4.0
Sunderland,Burnley,3.86,3.99,1.82,0-1,,,,E,1.0
Liverpool,Fulham,1.37,5.04,7.64,0-0,,,,N,0.0
C. Palace,West Ham,1.81,3.83,4.07,2-2,,,,N,4.0
N. Forest,Brighton,2.14,3.82,3.03,0-5,,,,E,5.0
Wolverhampton,Leeds,1.65,3.74,5.34,2-1,,,,D,3.0
Spurs,Everton,1.65,3.98,4.96,2-0,,,,D,2.0
Everton,Leeds,1.65,3.45,6.11,0-2,,,,E,2.0
Spurs,Newcastle,2.16,4.24,2.77,1-2,,,,E,3.0
Brighton,Manchester Blue,3.71,3.75,1.91,0-0,,,,N,0.0
Bournemouth,Liverpool,3.48,3.63,2.01,1-4,,,,E,5.0
Wolverhampton,Burnley,1.81,4.02,3.87,1-1,,,,N,2.0
Burnley,West Ham,2.56,3.43,2.65,1-2,,,,E,3.0
Brentford,Sunderland,1.54,4.79,4.97,1-1,,,,N,2.0
Manchester Red,Newcastle,2.23,3.69,2.94,1-4,,,,E,5.0
London Reds,N. Forest,1.23,6.61,10.72,4-1,,,,D,5.0
Liverpool,Everton,1.26,5.4,12.05,1-0,,,,D,1.0
A. Villa,Brighton,1.68,4.64,4.03,2-0,,,,D,2.0
Wolverhampton,C. Palace,2.42,3.26,2.94,0-0,,,,N,0.0
London Blues,Manchester Blue,3.21,3.46,2.18,0-3,,,,E,3.0
Wolverhampton,West Ham,2.14,3.57,3.2,2-0,,,,D,2.0
C. Palace,Everton,1.94,3.3,4.12,0-1,,,,E,1.0
Liverpool,Newcastle,1.48,4.77,5.8,3-0,,,,D,3.0
A. Villa,Manchester Red,1.54,4.39,5.46,3-0,,,,D,3.0
N. Forest,Spurs,2.23,3.84,2.85,2-0,,,,D,2.0
Bournemouth,Leeds,1.6,3.73,5.96,2-1,,,,D,3.0
Brentford,Brighton,2.08,4.35,2.85,4-0,,,,D,4.0
Sunderland,London Blues,7.08,4.65,1.42,0-2,,,,E,2.0
Burnley,Fulham,3.55,3.45,2.05,3-0,,,,D,3.0
London Blues,A. Villa,1.64,3.98,5.04,2-1,,,,D,3.0
Manchester Blue,Brentford,1.34,5.4,7.79,2-1,,,,D,3.0
Burnley,Sunderland,2.39,3.52,2.79,0-1,,,,E,1.0
Fulham,Liverpool,3.01,4.08,2.07,1-0,,,,D,1.0
West Ham,C. Palace,2.24,3.46,3.08,1-3,,,,E,4.0
Brighton,N. Forest,1.5,4.66,5.6,4-1,,,,D,5.0
Leeds,Wolverhampton,3.71,3.76,1.91,0-5,,,,E,5.0
Everton,Spurs,2.72,3.58,2.42,2-2,,,,N,4.0
Everton,Brighton,2.64,3.51,2.52,1-2,,,,E,3.0
C. Palace,Leeds,1.48,4.19,6.81,2-2,,,,N,4.0
Bournemouth,London Blues,2.44,3.39,2.81,3-0,,,,D,3.0
Brentford,Newcastle,2.21,4.13,2.73,2-4,,,,E,6.0
N. Forest,☐ Manchester Blue,4.45,3.61,1.79,1-1,,,,N,2.0
Liverpool,Burnley,1.16,8.05,14.21,3-2,,,,D,5.0
Wolverhampton,☐ Manchester Red,2.35,3.44,2.91,2-1,,,,D,3.0
London Reds,Fulham,1.44,4.74,6.53,1-0,,,,D,1.0
Spurs,West Ham,1.57,4.66,4.8,1-2,,,,E,3.0
Sunderland,A. Villa,5.87,4.12,1.55,2-1,,,,D,3.0
London Blues,Wolverhampton,1.39,4.89,7.22,1-2,,,,E,3.0
Liverpool,Sunderland,1.17,7.41,13.73,3-1,,,,D,4.0
Manchester Blue,Everton,1.22,6.23,12.55,3-0,,,,D,3.0
Burnley,London Reds,9.39,4.67,1.35,0-4,,,,E,4.0
Newcastle,N. Forest,1.26,5.98,9.9,3-1,,,,D,4.0
Leeds,Spurs,6.14,5.06,1.43,2-1,,,,D,3.0
Manchester Red,C. Palace,1.87,3.54,4.09,0-0,,,,N,0.0
A. Villa,Bournemouth,1.48,4.96,5.42,2-0,,,,D,2.0
West Ham,Brighton,2.58,3.99,2.37,0-3,,,,E,3.0
Brighton,Leeds,1.37,4.78,8.1,2-2,,,,N,4.0
West Ham,Manchester Blue,4.95,4.0,1.65,1-3,,,,E,4.0
Spurs,Manchester Red,1.79,4.17,3.83,2-0,,,,D,2.0
Sunderland,Bournemouth,5.62,4.52,1.51,3-1,,,,D,4.0
N. Forest,Fulham,2.18,3.5,3.18,2-2,,,,N,4.0
Everton,Newcastle,2.97,3.38,2.34,2-2,,,,N,4.0
Brentford,N. Forest,1.53,4.75,5.08,1-1,,,,N,2.0
Wolverhampton,Brighton,2.65,3.8,2.38,1-3,,,,E,4.0
Liverpool,Everton,1.25,5.63,12.14,2-0,,,,D,2.0
West Ham,A. Villa,2.29,3.59,2.9,2-3,,,,E,5.0
Burnley,Sunderland,2.48,3.49,2.7,0-0,,,,N,0.0
Fulham,Newcastle,2.54,3.95,2.42,0-1,,,,E,1.0
C. Palace,London Blues,2.23,3.67,2.95,0-4,,,,E,4.0
London Reds,Bournemouth,1.3,6.0,7.88,3-1,,,,D,4.0
Liverpool,Burnley,1.16,7.9,13.98,5-0,,,,D,5.0
N. Forest,London Blues,2.23,3.53,3.05,2-2,,,,N,4.0
Fulham,Brentford,2.32,3.61,2.85,1-1,,,,N,2.0
Leeds,A. Villa,4.9,3.92,1.66,3-1,,,,D,4.0
Newcastle,London Reds,2.65,3.46,2.54,1-1,,,,N,2.0
Spurs,West Ham,1.62,4.58,4.45,5-0,,,,D,5.0
Sunderland,Brighton,7.64,5.32,1.35,2-4,,,,E,6.0
Everton,Bournemouth,2.19,3.51,3.13,1-2,,,,E,3.0
Manchester Blue,C. Palace,1.32,5.4,8.53,2-1,,,,D,3.0
Wolverhampton,Leeds,1.65,3.7,5.44,1-3,,,,E,4.0
Burnley,London Blues,3.62,3.56,1.99,0-2,,,,E,2.0
Spurs,Sunderland,1.5,4.93,5.29,1-0,,,,D,1.0
Liverpool,A. Villa,1.3,5.51,9.19,1-0,,,,D,1.0
Fulham,N. Forest,1.67,4.26,4.39,0-2,,,,E,2.0
C. Palace,London Reds,5.29,3.81,1.64,1-3,,,,E,4.0
Brentford,Brighton,2.13,4.3,2.8,1-1,,,,N,2.0
Leeds,N. Forest,3.78,3.77,1.89,1-2,,,,E,3.0
A. Villa,Liverpool,2.06,4.09,3.03,3-1,,,,D,4.0
London Reds,Burnley,1.19,7.36,11.67,3-0,,,,D,3.0
West Ham,Newcastle,2.96,3.81,2.17,1-2,,,,E,3.0
Sunderland,Bournemouth,5.48,4.47,1.53,1-1,,,,N,2.0
Brighton,Manchester Red,1.79,3.89,4.12,2-1,,,,D,3.0
Brentford,Fulham,2.01,3.95,3.23,0-3,,,,E,3.0
Everton,London Blues,2.53,3.23,2.82,0-0,,,,N,0.0
Manchester Blue,A. Villa,1.27,6.09,9.49,3-0,,,,D,3.0
Liverpool,Sunderland,1.17,7.4,14.01,6-0,,,,D,6.0
Burnley,Leeds,2.0,3.24,3.97,0-2,,,,E,2.0
Newcastle,Brighton,1.47,4.93,5.58,2-1,,,,D,3.0
Spurs,Wolverhampton,1.51,4.81,5.23,1-0,,,,D,1.0
London Blues,Manchester Red,1.61,4.03,5.28,1-0,,,,D,1.0
Bournemouth,Brentford,2.54,3.28,2.77,0-1,,,,E,1.0
Fulham,West Ham,1.83,3.98,3.82,1-0,,,,D,1.0
C. Palace,London Reds,5.07,3.79,1.67,0-1,,,,E,1.0
Brighton,Fulham,1.92,3.75,3.67,2-0,,,,D,2.0
Wolverhampton,Manchester Blue,5.68,4.02,1.57,1-0,,,,D,1.0
Everton,Burnley,1.81,3.71,4.21,1-0,,,,D,1.0
London Blues,Newcastle,2.01,3.88,3.28,4-1,,,,D,5.0
Sunderland,A. Villa,5.74,4.04,1.57,0-2,,,,E,2.0
West Ham,Bournemouth,2.1,3.94,3.02,3-2,,,,D,5.0
Manchester Red,N. Forest,1.55,4.29,5.51,0-0,,,,N,0.0
Leeds,C. Palace,4.98,3.73,1.69,1-4,,,,E,5.0
Bournemouth,Brighton,2.56,3.66,2.53,2-2,,,,N,4.0
Fulham,London Blues,3.83,2.86,1.17,2-2,,,,N,4.0
Burnley,Manchester Red,3.22,3.35,1.76,0-1,,,,E,1.0
Liverpool,West Ham,1.23,6.34,11.07,4-1,,,,D,5.0
Everton,Spurs,2.56,3.59,2.56,0-0,,,,N,0.0
Leeds,Wolverhampton,3.66,3.62,1.96,3-1,,,,D,4.0
Brighton,Liverpool,2.57,3.94,2.4,2-1,,,,D,3.0
London Blues,Bournemouth,1.56,4.45,5.09,1-2,,,,E,3.0
Brentford,Sunderland,1.54,4.71,5.05,3-0,,,,D,3.0
Newcastle,Burnley,1.2,7.17,11.44,2-2,,,,N,4.0
N. Forest,Fulham,2.13,3.41,3.36,2-0,,,,D,2.0
C. Palace,Newcastle,2.63,3.7,2.44,1-2,,,,E,3.0
Liverpool,London Blues,1.36,5.18,7.74,3-2,,,,D,5.0
Bournemouth,N. Forest,1.8,3.69,4.26,5-0,,,,D,5.0
London Reds,Leeds,1.15,7.74,17.29,0-0,,,,N,0.0
Sunderland,West Ham,4.99,4.05,1.63,0-1,,,,E,1.0
Burnley,Fulham,3.58,3.38,2.06,1-1,,,,N,2.0
Wolverhampton,Everton,2.11,3.14,3.74,1-0,,,,D,1.0
A. Villa,Brighton,1.74,4.49,3.79,0-2,,,,E,2.0
Newcastle,Spurs,1.45,5.07,5.71,4-1,,,,D,5.0
Fulham,C. Palace,2.13,3.58,3.22,0-1,,,,E,1.0
Burnley,Bournemouth,2.77,3.65,2.35,1-2,,,,E,3.0
Leeds,Manchester Blue,14.64,1.19,3.01,0-3,,,,E,3.0
Everton,London Reds,6.09,3.6,1.62,0-4,,,,E,4.0
London Blues,A. Villa,1.7,3.87,4.69,1-0,,,,D,1.0
Brentford,Brighton,2.05,4.33,2.93,2-1,,,,D,3.0
Spurs,Fulham,1.93,4.08,3.36,0-1,,,,E,1.0
Leeds,Everton,4.16,3.28,1.94,1-3,,,,E,4.0
London Reds,Manchester Red,1.36,5.16,7.7,0-0,,,,N,0.0
Manchester Blue,West Ham,1.22,6.85,10.88,4-1,,,,D,5.0
Sunderland,London Blues,7.09,4.62,1.42,2-3,,,,E,5.0
C. Palace,Bournemouth,1.87,3.94,3.68,2-1,,,,D,3.0
Wolverhampton,Newcastle,3.06,3.73,2.15,2-1,,,,D,3.0
Fulham,Wolverhampton,1.69,4.18,4.4,1-1,,,,N,2.0
Burnley,A. Villa,3.31,3.34,2.18,1-3,,,,E,4.0
N. Forest,Sunderland,1.64,4.06,4.87,1-1,,,,N,2.0
Bournemouth,Spurs,2.59,3.76,2.45,2-2,,,,N,4.0
Everton,Manchester Blue,5.07,3.47,1.74,2-2,,,,N,4.0
C. Palace,Liverpool,2.98,3.82,2.16,0-2,,,,E,2.0
Brighton,West Ham,1.65,4.23,4.59,5-0,,,,D,5.0
Wolverhampton,Bournemouth,2.18,3.77,2.97,1-2,,,,E,3.0
Sunderland,Burnley,4.02,4.0,1.78,1-2,,,,E,3.0
West Ham,London Blues,2.44,3.67,2.64,1-2,,,,E,3.0
Brentford,N. Forest,1.56,4.69,4.84,1-2,,,,E,3.0
Everton,Manchester Red,2.39,3.17,3.06,1-1,,,,N,2.0
Spurs,Liverpool,2.68,4.28,2.21,0-1,,,,E,1.0
Leeds,Newcastle,7.2,5.12,1.38,1-0,,,,D,1.0
A. Villa,C. Palace,1.58,4.24,5.22,3-0,,,,D,3.0
Bournemouth,London Blues,2.38,3.38,2.9,2-2,,,,N,4.0
London Reds,Spurs,1.48,5.12,5.35,1-1,,,,N,2.0
Manchester Red,Manchester Blue,3.61,3.45,2.03,2-2,,,,N,4.0
A. Villa,Brentford,1.74,4.02,4.24,4-1,,,,D,5.0
Brighton,Burnley,1.45,4.97,5.91,4-1,,,,D,5.0
Sunderland,Leeds,3.35,3.21,3.43,0-0,,,,N,0.0
Newcastle,Everton,1.35,4.79,9.23,1-0,,,,D,1.0
Fulham,Manchester Blue,4.1,3.87,1.79,1-0,,,,D,1.0
A. Villa,West Ham,1.39,5.11,6.8,1-0,,,,D,1.0
Leeds,Liverpool,9.42,6.01,1.27,1-2,,,,E,3.0
Sunderland,Everton,4.71,1.83,1.79,1-1,,,,N,2.0
C. Palace,London Reds,5.18,3.82,1.65,1-0,,,,D,1.0
Bournemouth,Wolverhampton,1.83,3.63,4.23,1-1,,,,N,2.0
Brighton,Burnley,1.43,5.12,5.97,2-2,,,,N,4.0
N. Forest,C. Palace,2.14,3.28,3.46,1-3,,,,E,4.0
Everton,Manchester Red,2.35,3.16,3.14,0-1,,,,E,1.0
Liverpool,Bournemouth,1.23,6.6,10.3,3-1,,,,D,4.0
West Ham,Newcastle,2.86,3.83,2.23,1-3,,,,E,4.0
Manchester Blue,London Blues,1.33,5.65,7.71,1-2,,,,E,3.0
Wolverhampton,Fulham,2.7,3.45,2.5,1-1,,,,N,2.0
London Reds,Brighton,1.45,5.18,5.66,4-0,,,,D,4.0
Burnley,Spurs,3.63,4.01,1.87,2-0,,,,D,2.0
Leeds,A. Villa,4.69,3.83,1.71,1-1,,,,N,2.0
C. Palace,West Ham,1.78,3.91,4.12,3-2,,,,D,5.0
Manchester Red,Brentford,1.99,3.55,3.64,1-1,,,,N,2.0
London Blues,Wolverhampton,1.4,4.78,7.21,3-1,,,,D,4.0
Fulham,Bournemouth,1.84,4.23,3.58,1-1,,,,N,2.0
A. Villa,Liverpool,2.18,4.01,2.84,2-0,,,,D,2.0
Newcastle,Leeds,1.18,6.83,15.73,3-1,,,,D,4.0
London Reds,Everton,1.29,5.33,10.21,4-0,,,,D,4.0
Bournemouth,London Blues,2.41,3.46,2.82,0-1,,,,E,1.0
Leeds,C. Palace,4.85,3.71,1.71,1-1,,,,N,2.0
Wolverhampton,Sunderland,1.89,3.79,3.74,4-0,,,,D,4.0
Manchester Blue,Manchester Red,1.3,5.66,8.72,5-1,,,,D,6.0
A. Villa,Newcastle,1.86,4.19,3.54,1-3,,,,E,4.0
N. Forest,Spurs,2.27,3.85,2.78,2-2,,,,N,4.0
Manchester Red,Wolverhampton,1.52,4.31,5.85,0-1,,,,E,1.0
London Reds,Brentford,1.45,4.77,6.28,4-1,,,,D,5.0
Spurs,West Ham,1.6,4.62,4.59,2-1,,,,D,3.0
Sunderland,Bournemouth,5.37,4.52,1.53,2-3,,,,E,5.0
London Blues,Fulham,1.79,3.81,4.18,3-0,,,,D,3.0
Everton,N. Forest,1.97,3.43,3.84,1-1,,,,N,2.0
Fulham,Sunderland,1.65,4.33,4.45,0-3,,,,E,3.0
N. Forest,Brentford,2.23,3.4,3.16,0-2,,,,E,2.0
A. Villa,= Brighton,1.68,4.52,4.1,2-1,,,,D,3.0
West Ham,Everton,2.03,3.32,3.76,0-1,,,,E,1.0
Newcastle,C. Palace,1.41,4.69,7.26,3-3,,,,N,6.0
Bournemouth,Manchester Red,2.29,3.26,3.16,1-2,,,,E,3.0
Leeds,Spurs,6.13,5.04,1.43,1-3,,,,E,4.0
Liverpool,London Blues,1.36,5.16,7.66,2-1,,,,D,3.0
C. Palace,Liverpool,3.01,3.81,2.15,1-3,,,,E,4.0
Burnley,Bournemouth,2.9,3.66,2.26,1-1,,,,N,2.0
Brentford,West Ham,1.66,4.45,4.29,1-2,,,,E,3.0
Spurs,A. Villa,1.79,4.2,3.82,4-0,,,,D,4.0
Sunderland,London Blues,7.22,4.68,1.41,0-1,,,,E,1.0
Everton,Leeds,1.64,3.48,6.18,1-0,,,,D,1.0
N. Forest,Manchester Blue,4.15,3.55,1.86,0-3,,,,E,3.0
Manchester Red,Fulham,1.96,3.58,3.68,3-0,,,,D,3.0
Leeds,Brentford,5.97,4.25,1.52,0-1,,,,E,1.0
Liverpool,Sunderland,1.18,7.18,13.47,5-0,,,,D,5.0
Newcastle,Spurs,1.49,4.97,5.37,3-1,,,,D,4.0
London Blues,Manchester Red,1.63,4.04,5.01,3-1,,,,D,4.0
Fulham,Burnley,1.62,4.5,4.52,4-1,,,,D,5.0
Wolverhampton,N. Forest,1.94,3.74,3.63,1-0,,,,D,1.0
Bournemouth,London Reds,5.91,3.81,1.59,3-1,,,,D,4.0
N. Forest,Bournemouth,1.89,3.88,3.68,5-0,,,,D,5.0
Manchester Red,Sunderland,1.49,4.55,5.88,2-1,,,,D,3.0
Burnley,London Blues,3.49,3.58,2.02,0-0,,,,N,0.0
Brentford,A. Villa,1.83,4.09,3.72,0-1,,,,E,1.0
Everton,Newcastle,3.02,3.42,2.29,2-1,,,,D,3.0
Manchester Blue,Leeds,9.17,21.62,1.83,2-0,,,,D,2.0
Brighton,Liverpool,2.58,3.88,2.41,1-3,,,,E,4.0
Spurs,C. Palace,1.74,4.1,4.13,5-1,,,,D,6.0
